{
  "width": 1239,
  "height": 1129,
  "cx": [
    [ "VELO", 130 ],
    [ "ASSOCIER_3", 323 ],
    [ "REQUERIR", 529 ],
    [ "COURSE", 741 ],
    [ "DIRIGER", 945 ],
    [ "VEHICULE", 1140 ],
    [ "RESERVATION_VELO", 130 ],
    [ "RESERVER", 323 ],
    [ "UTILISATEUR", 529 ],
    [ "EXECUTER", 741 ],
    [ "CHAUFFEUR", 945 ],
    [ "APPARTIENT", 1140 ],
    [ "RESTAURANT", 323 ],
    [ "ASSOCIER_1", 529 ],
    [ "COMMANDER", 741 ],
    [ "LIVRER", 945 ],
    [ "PRODUIT", 130 ],
    [ "FOURNIR", 323 ],
    [ "COMMANDE", 529 ],
    [ "ASSOCIER_2", 741 ],
    [ "LIVRAISON", 945 ]
  ],
  "cy": [
    [ "VELO", 170 ],
    [ "ASSOCIER_3", 170 ],
    [ "REQUERIR", 170 ],
    [ "COURSE", 170 ],
    [ "DIRIGER", 170 ],
    [ "VEHICULE", 170 ],
    [ "RESERVATION_VELO", 526 ],
    [ "RESERVER", 526 ],
    [ "UTILISATEUR", 526 ],
    [ "EXECUTER", 526 ],
    [ "CHAUFFEUR", 526 ],
    [ "APPARTIENT", 526 ],
    [ "RESTAURANT", 755 ],
    [ "ASSOCIER_1", 755 ],
    [ "COMMANDER", 755 ],
    [ "LIVRER", 755 ],
    [ "PRODUIT", 984 ],
    [ "FOURNIR", 984 ],
    [ "COMMANDE", 984 ],
    [ "ASSOCIER_2", 984 ],
    [ "LIVRAISON", 984 ]
  ],
  "shift": [
    [ "ASSOCIER_3,RESERVATION_VELO,0", 0 ],
    [ "ASSOCIER_3,VELO,0", 0 ],
    [ "ASSOCIER_3,UTILISATEUR,0", 0 ],
    [ "REQUERIR,UTILISATEUR,0", 0 ],
    [ "REQUERIR,COURSE,0", 0 ],
    [ "DIRIGER,CHAUFFEUR,0", 0 ],
    [ "DIRIGER,COURSE,0", 0 ],
    [ "RESERVER,UTILISATEUR,0", 0 ],
    [ "RESERVER,RESERVATION_VELO,0", 0 ],
    [ "EXECUTER,COURSE,0", 0 ],
    [ "EXECUTER,CHAUFFEUR,0", 0 ],
    [ "EXECUTER,UTILISATEUR,0", 0 ],
    [ "APPARTIENT,VEHICULE,0", 0 ],
    [ "APPARTIENT,CHAUFFEUR,0", 0 ],
    [ "ASSOCIER_1,COMMANDE,0", 0 ],
    [ "ASSOCIER_1,RESTAURANT,0", 0 ],
    [ "ASSOCIER_1,UTILISATEUR,0", 0 ],
    [ "COMMANDER,UTILISATEUR,0", 0 ],
    [ "COMMANDER,COMMANDE,0", 0 ],
    [ "LIVRER,LIVRAISON,0", 0 ],
    [ "LIVRER,CHAUFFEUR,0", 0 ],
    [ "FOURNIR,RESTAURANT,0", 0 ],
    [ "FOURNIR,PRODUIT,0", 0 ],
    [ "ASSOCIER_2,COMMANDE,0", 0 ],
    [ "ASSOCIER_2,LIVRAISON,0", 0 ]
  ],
  "ratio": []
}
