/*==============================================================*/
/* Nom de SGBD :  PostgreSQL 8                                  */
/* Date de création :  01/01/2001                               */
SET TIMEZONE = 'Europe/Paris';
/*==============================================================*/
DROP TABLE IF EXISTS ADRESSE CASCADE;
DROP TABLE IF EXISTS PRODUIT_CATEGORIE CASCADE;
DROP TABLE IF EXISTS A_COMME_CATEGORIE CASCADE;
DROP TABLE IF EXISTS A_COMME_TYPE CASCADE;
DROP TABLE IF EXISTS CARTE_BANCAIRE CASCADE;
DROP TABLE IF EXISTS CATEGORIE_PRESTATION CASCADE;
DROP TABLE IF EXISTS CATEGORIE_PRODUIT CASCADE;
DROP TABLE IF EXISTS CLIENT CASCADE;
DROP TABLE IF EXISTS CLIENT_CARTE CASCADE;
DROP TABLE IF EXISTS CODE_POSTAL CASCADE;
DROP TABLE IF EXISTS COMMANDE CASCADE;
DROP TABLE IF EXISTS CONTIENT_2 CASCADE;
DROP TABLE IF EXISTS COURSE CASCADE;
DROP TABLE IF EXISTS COURSIER CASCADE;
DROP TABLE IF EXISTS ENTREPRISE CASCADE;
DROP TABLE IF EXISTS ENTRETIEN CASCADE;
DROP TABLE IF EXISTS EST_SITUE_A_2 CASCADE;
DROP TABLE IF EXISTS ETABLISSEMENT CASCADE;
DROP TABLE IF EXISTS FACTURE CASCADE;
DROP TABLE IF EXISTS GESTION_ETABLISSEMENT CASCADE;
DROP TABLE IF EXISTS HORAIRES CASCADE;
DROP TABLE IF EXISTS LIEU_FAVORI CASCADE;
DROP TABLE IF EXISTS LIVREUR CASCADE;
DROP TABLE IF EXISTS OTP CASCADE;
DROP TABLE IF EXISTS PANIER CASCADE;
DROP TABLE IF EXISTS PAYS CASCADE;
DROP TABLE IF EXISTS PRODUIT CASCADE;
DROP TABLE IF EXISTS REGLEMENT_SALAIRE CASCADE;
DROP TABLE IF EXISTS RESERVATION CASCADE;
DROP TABLE IF EXISTS RESPONSABLE_ENSEIGNE CASCADE;
DROP TABLE IF EXISTS RESTAURATEUR CASCADE;
DROP TABLE IF EXISTS TYPE_PRESTATION CASCADE;
DROP TABLE IF EXISTS VEHICULE CASCADE;
DROP TABLE IF EXISTS VELO CASCADE;
DROP TABLE IF EXISTS VELO_RESERVATION CASCADE;
DROP TABLE IF EXISTS VILLE CASCADE;
/*==============================================================*/
/* Table : ADRESSE                                              */
/*==============================================================*/
CREATE TABLE ADRESSE (
    IDADRESSE INT4 NOT NULL,
    IDVILLE INT4 NULL,
    LIBELLEADRESSE VARCHAR(100) NOT NULL,
    LATITUDE varchar(100) null,
    LONGITUDE varchar(100) null,
    CONSTRAINT PK_ADRESSE PRIMARY KEY (IDADRESSE)
);
/*==============================================================*/
/* Table : CLIENT_CARTE                                         */
/*==============================================================*/
CREATE TABLE CLIENT_CARTE (
    IDCB INT4 NOT NULL,
    IDCLIENT INT4 NOT NULL,
    CONSTRAINT PK_CLIENT_CARTE PRIMARY KEY (IDCB, IDCLIENT)
);
/*==============================================================*/
/* Table : PRODUIT_CATEGORIE                                    */
/*==============================================================*/
CREATE TABLE PRODUIT_CATEGORIE (
    IDPRODUIT INT4 NOT NULL,
    IDCATEGORIE INT4 NOT NULL,
    CONSTRAINT PK_PRODUIT_CATEGORIE PRIMARY KEY (IDPRODUIT, IDCATEGORIE)
);
/*==============================================================*/
/* Table : A_COMME_TYPE                                         */
/*==============================================================*/
CREATE TABLE A_COMME_TYPE (
    IDVEHICULE INT4 NOT NULL,
    IDPRESTATION INT4 NOT NULL,
    CONSTRAINT PK_A_COMME_TYPE PRIMARY KEY (IDVEHICULE, IDPRESTATION)
);
/*==============================================================*/
/* Table : CARTE_BANCAIRE                                       */
/*==============================================================*/
CREATE TABLE CARTE_BANCAIRE (
    IDCB INT4 NOT NULL,
    NUMEROCB TEXT NOT NULL UNIQUE,
    DATEEXPIRECB DATE NOT NULL,
    CONSTRAINT CK_CB_DATEEXPIRE CHECK (DATEEXPIRECB >= CURRENT_DATE),
    CRYPTOGRAMME TEXT NOT NULL,
    TYPECARTE VARCHAR(30) NOT NULL,
    CONSTRAINT CK_TYPECARTE CHECK (TYPECARTE IN ('Crédit', 'Débit')),
    TYPERESEAUX VARCHAR(30) NOT NULL,
    CONSTRAINT CK_TYPERESEAUX CHECK (
        TYPERESEAUX IN ('Visa', 'MasterCard', 'Amex', 'Discover')
    ),
    CONSTRAINT PK_CARTE_BANCAIRE PRIMARY KEY (IDCB)
);
/*==============================================================*/
/* Table : CATEGORIE_PRODUIT                                    */
/*==============================================================*/
CREATE TABLE CATEGORIE_PRODUIT (
    IDCATEGORIE INT4 NOT NULL,
    NOMCATEGORIE VARCHAR(100) NULL,
    CONSTRAINT PK_CATEGORIE_PRODUIT PRIMARY KEY (IDCATEGORIE)
);
/*==============================================================*/
/* Table : CLIENT                                               */
/*==============================================================*/
CREATE TABLE CLIENT (
    IDCLIENT INT4 NOT NULL,
    IDENTREPRISE INT4 NULL,
    IDADRESSE INT4 NULL,
    GENREUSER VARCHAR(20) NOT NULL,
    CONSTRAINT CK_CLIENT_GENRE CHECK (GENREUSER IN ('Monsieur', 'Madame')),
    NOMUSER VARCHAR(50) NOT NULL,
    PRENOMUSER VARCHAR(50) NOT NULL,
    DATENAISSANCE DATE NOT NULL,
    CONSTRAINT CK_DATE_NAISS CHECK (
        DATENAISSANCE <= CURRENT_DATE
        AND DATENAISSANCE <= CURRENT_DATE - INTERVAL '18 years'
    ),
    TELEPHONE VARCHAR(20) NOT NULL,
    CONSTRAINT CK_CLIENT_TEL CHECK (
        TELEPHONE ~ '^(06|07)[0-9]{8}$'
        OR TELEPHONE ~ '^\+?[1-9][0-9]{1,14}$'
    ),
    EMAILUSER VARCHAR(200) NOT NULL,
    CONSTRAINT UQ_CLIENT_MAIL UNIQUE (EMAILUSER),
    CONSTRAINT CK_CLIENT_EMAIL_FORMAT CHECK (
        EMAILUSER ~ '^[a-zA-Z0-9._%+-]+@[a-zA-Z0-9.-]+\.[a-zA-Z]{2,}$'
    ),
    MOTDEPASSEUSER VARCHAR(200) NOT NULL,
    PHOTOPROFILE VARCHAR(300) NULL,
    SOUHAITERECEVOIRBONPLAN BOOLEAN NULL,
    MFA_ACTIVEE BOOLEAN DEFAULT FALSE,
    TYPECLIENT VARCHAR(20) NOT NULL,
    CONSTRAINT CK_TYPECLIENT CHECK (TYPECLIENT IN ('Uber', 'Uber Eats')),
    LAST_CONNEXION TIMESTAMP DEFAULT NOW(),
    DEMANDE_SUPPRESSION BOOLEAN DEFAULT FALSE,
    CONSTRAINT PK_CLIENT PRIMARY KEY (IDCLIENT)
);
/*==============================================================*/
/* Table : OTP                                                  */
/*==============================================================*/
CREATE TABLE OTP (
    IDOTP INT4 NOT NULL,
    IDCLIENT INT4 NOT NULL,
    CODEOTP CHAR(6) NOT NULL,
    DATEGENERATION TIMESTAMP NOT NULL DEFAULT CURRENT_TIMESTAMP,
    DATEEXPIRATION TIMESTAMP NOT NULL,
    UTILISE BOOLEAN DEFAULT FALSE,
    CONSTRAINT PK_OTP PRIMARY KEY (IDOTP)
);
/*==============================================================*/
/* Table : CODE_POSTAL                                          */
/*==============================================================*/
CREATE TABLE CODE_POSTAL (
    IDCODEPOSTAL INT4 NOT NULL,
    IDPAYS INT4 NULL,
    CODEPOSTAL CHAR(5) NOT NULL,
    CONSTRAINT UQ_CODEPOSTAL UNIQUE (CODEPOSTAL),
    CONSTRAINT PK_CODE_POSTAL PRIMARY KEY (IDCODEPOSTAL)
);
/*==============================================================*/
/* Table : COMMANDE                                             */
/*==============================================================*/
CREATE TABLE COMMANDE (
    IDCOMMANDE INT4 NOT NULL,
    IDPANIER INT4 NOT NULL,
    IDLIVREUR INT4 NULL,
    IDCB INT4 NULL,
    IDADRESSE INT4 NOT NULL,
    PRIXCOMMANDE DECIMAL(5, 2) NOT NULL,
    CONSTRAINT CK_COMMANDE_PRIX CHECK (PRIXCOMMANDE >= 0),
    TEMPSCOMMANDE INT4 NOT NULL,
    CONSTRAINT CK_TEMPS_COMMANDE CHECK (TEMPSCOMMANDE >= 0),
    HEURECREATION TIMESTAMP NOT NULL DEFAULT CURRENT_TIMESTAMP,
    HEURECOMMANDE TIMESTAMP NOT NULL,
    ESTLIVRAISON BOOLEAN NOT NULL DEFAULT FALSE,
    STATUTCOMMANDE VARCHAR(40) NOT NULL,
    CONSTRAINT CK_STATUT_COMMANDE CHECK (
        STATUTCOMMANDE IN (
            'En attente de paiement',
            'Paiement validé',
            'En cours',
            'Livrée',
            'Annulée',
            'Refusée',
            'Remboursée'
        )
    ),
    REFUS_DEMANDEE BOOLEAN NOT NULL DEFAULT FALSE,
    REMBOURSEMENT_EFFECTUE BOOLEAN NOT NULL DEFAULT FALSE,
    CONSTRAINT PK_COMMANDE PRIMARY KEY (IDCOMMANDE)
);
/*==============================================================*/
/* Table : CONTIENT_2                                           */
/*==============================================================*/
CREATE TABLE CONTIENT_2 (
    IDPANIER INT4 NOT NULL,
    IDPRODUIT INT4 NOT NULL,
    IDETABLISSEMENT INT4 NOT NULL,
    QUANTITE INT4 NOT NULL DEFAULT 1,
    CONSTRAINT PK_CONTIENT_2 PRIMARY KEY (IDPANIER, IDPRODUIT)
);
/*==============================================================*/
/* Table : COURSE                                               */
/*==============================================================*/
CREATE TABLE COURSE (
    IDCOURSE INT4 NOT NULL,
    IDCOURSIER INT4 NULL,
    IDCB INT4 NOT NULL,
    IDADRESSE INT4 NOT NULL,
    IDRESERVATION INT4 NOT NULL,
    ADR_IDADRESSE INT4 NOT NULL,
    IDPRESTATION INT4 NOT NULL,
    DATECOURSE DATE NOT NULL,
    HEURECOURSE TIME NOT NULL,
    PRIXCOURSE NUMERIC(8, 2) NOT NULL,
    CONSTRAINT CK_COURSE_PRIX CHECK (PRIXCOURSE >= 0),
    STATUTCOURSE VARCHAR(20) NOT NULL,
    CONSTRAINT CK_COURSE_STATUT CHECK (
        STATUTCOURSE IN (
            'En attente',
            'Réservée',
            'En cours',
            'Terminée',
            'Annulée'
        )
    ),
    NOTECOURSE NUMERIC(2, 1) NULL,
    CONSTRAINT CK_COURSE_NOTE CHECK (
        NOTECOURSE BETWEEN 0 AND 5
        OR NOTECOURSE IS NULL
    ),
    COMMENTAIRECOURSE VARCHAR(1500) NULL,
    POURBOIRE NUMERIC(8, 2) NULL,
    CONSTRAINT CK_COURSE_POURBOIRE CHECK (
        POURBOIRE IS NULL
        OR POURBOIRE >= 0
    ),
    DISTANCE NUMERIC(8, 2) NULL,
    CONSTRAINT CK_COURSE_DISTANCE CHECK (
        DISTANCE IS NULL
        OR DISTANCE >= 0
    ),
    TEMPS INT NULL,
    CONSTRAINT CK_COURSE_TEMPS CHECK (
        TEMPS IS NULL
        OR TEMPS >= 0
    ),
    CONSTRAINT CK_COURSE_NOTE_IS_NULL CHECK (
        STATUTCOURSE <> 'Terminée'
        AND NOTECOURSE IS NULL
        OR STATUTCOURSE = 'Terminée'
    ),
    CONSTRAINT PK_COURSE PRIMARY KEY (IDCOURSE)
);
/*==============================================================*/
/* Table : COURSIER                                             */
/*==============================================================*/
CREATE TABLE COURSIER (
    IDCOURSIER INT4 NOT NULL,
    IDENTREPRISE INT4 NOT NULL,
    IDADRESSE INT4 NULL,
    GENREUSER VARCHAR(20) NOT NULL,
    CONSTRAINT CK_COURSIER_GENRE CHECK (GENREUSER IN ('Monsieur', 'Madame')),
    NOMUSER VARCHAR(50) NOT NULL,
    PRENOMUSER VARCHAR(50) NOT NULL,
    DATENAISSANCE DATE NOT NULL,
    CONSTRAINT CK_COURSIER_DATE CHECK (
        DATENAISSANCE <= CURRENT_DATE
        AND DATENAISSANCE <= CURRENT_DATE - INTERVAL '18 years'
    ),
    TELEPHONE VARCHAR(20) NOT NULL,
    CONSTRAINT CK_COURSIER_TEL CHECK (
        TELEPHONE ~ '^(06|07)[0-9]{8}$'
        OR TELEPHONE ~ '^\+?[1-9][0-9]{1,14}$'
    ),
    EMAILUSER VARCHAR(200) NOT NULL,
    CONSTRAINT UQ_COURSIER_MAIL UNIQUE (EMAILUSER),
    CONSTRAINT CK_CLIENT_EMAIL_FORMAT CHECK (
        EMAILUSER ~ '^[a-zA-Z0-9._%+-]+@[a-zA-Z0-9.-]+\.[a-zA-Z]{2,}$'
    ),
    MOTDEPASSEUSER VARCHAR(200) NOT NULL,
    NUMEROCARTEVTC CHAR(12) NOT NULL,
    CONSTRAINT CK_COURSIER_NUMCARTE_SIZE CHECK (LENGTH(NUMEROCARTEVTC) = 12),
    CONSTRAINT UQ_COURSIER_NUMCARTE UNIQUE (NUMEROCARTEVTC),
    IBAN VARCHAR(30) NULL,
    CONSTRAINT UQ_COURSIER_IBAN UNIQUE (IBAN),
    DATEDEBUTACTIVITE DATE NULL,
    NOTEMOYENNE NUMERIC(2, 1) NULL,
    CONSTRAINT CK_COURSIER_NOTE CHECK (
        NOTEMOYENNE >= 1
        AND NOTEMOYENNE <= 5
        OR NULL
    ),
    CONSTRAINT PK_COURSIER PRIMARY KEY (IDCOURSIER)
);
/*==============================================================*/
/* Table : ENTREPRISE                                           */
/*==============================================================*/
CREATE TABLE ENTREPRISE (
    IDENTREPRISE INT4 NOT NULL,
    IDADRESSE INT4 NOT NULL,
    SIRETENTREPRISE VARCHAR(20) NOT NULL,
    CONSTRAINT CK_SIRET_ENTREPRISE CHECK (SIRETENTREPRISE ~ '^[0-9]{14}$'),
    NOMENTREPRISE VARCHAR(50) NOT NULL,
    TAILLE VARCHAR(30) NOT NULL,
    CONSTRAINT CK_ENTREPRISE_TAILLE CHECK (TAILLE IN ('PME', 'ETI', 'GE')),
    CONSTRAINT PK_ENTREPRISE PRIMARY KEY (IDENTREPRISE)
);
/*==============================================================*/
/* Table : ENTRETIEN                                            */
/*==============================================================*/
CREATE TABLE ENTRETIEN (
    IDENTRETIEN INT4 NOT NULL,
    IDCOURSIER INT4 NOT NULL,
    DATEENTRETIEN TIMESTAMP NULL,
    STATUS VARCHAR(20) NOT NULL DEFAULT 'En attente',
    RESULTAT VARCHAR(20) NULL,
    RDVLOGISTIQUEDATE TIMESTAMP NULL,
    RDVLOGISTIQUELIEU VARCHAR(255) NULL,
    /*     CONSTRAINT CK_DATEENTRETIEN CHECK (
     DATEENTRETIEN >= CURRENT_DATE
     OR DATEENTRETIEN IS NULL
     ), */
    CONSTRAINT CK_STATUS_ENTRETIEN CHECK (
        STATUS IN ('En attente', 'Planifié', 'Terminée', 'Annulée')
    ),
    CONSTRAINT CK_RESULTAT_ENTRETIEN CHECK (
        RESULTAT IN ('Retenu', 'Rejeté')
        OR RESULTAT IS NULL
    ),
    /*     CONSTRAINT CK_RDVLOGISTIQUEDATE CHECK (
     RDVLOGISTIQUEDATE >= CURRENT_DATE
     OR RDVLOGISTIQUEDATE IS NULL
     ), */
    CONSTRAINT PK_ENTRETIEN PRIMARY KEY (IDENTRETIEN)
);
/*==============================================================*/
/* Table : EST_SITUE_A_2                                        */
/*==============================================================*/
CREATE TABLE EST_SITUE_A_2 (
    IDPRODUIT INT4 NOT NULL,
    IDETABLISSEMENT INT4 NOT NULL,
    CONSTRAINT PK_EST_SITUE_A_2 PRIMARY KEY (IDPRODUIT, IDETABLISSEMENT)
);
/*==============================================================*/
/* Table : ETABLISSEMENT                                        */
/*==============================================================*/
CREATE TABLE ETABLISSEMENT (
    IDETABLISSEMENT INT4 NOT NULL,
    IDRESTAURATEUR INT4 NOT NULL,
    TYPEETABLISSEMENT VARCHAR(50) NOT NULL,
    CONSTRAINT CK_TYPEETABLISSEMENT CHECK (TYPEETABLISSEMENT IN ('Restaurant', 'Épicerie')),
    IDADRESSE INT4 NOT NULL,
    NOMETABLISSEMENT VARCHAR(50) NULL,
    DESCRIPTION VARCHAR(1500) NULL,
    IMAGEETABLISSEMENT VARCHAR(200) NULL,
    LIVRAISON BOOLEAN NULL,
    AEMPORTER BOOLEAN NULL,
    CONSTRAINT PK_ETABLISSEMENT PRIMARY KEY (IDETABLISSEMENT)
);
/*==============================================================*/
/* Table : HORAIRES                                             */
/*==============================================================*/
CREATE TABLE HORAIRES (
    IDHORAIRES INT4 NOT NULL,
    IDETABLISSEMENT INT4 NULL,
    IDCOURSIER INT4 NULL,
    IDLIVREUR INT4 NULL,
    JOURSEMAINE VARCHAR(9) NOT NULL,
    HEUREDEBUT TIME WITH TIME ZONE NULL,
    HEUREFIN TIME WITH TIME ZONE NULL,
    CONSTRAINT CK_JOURSEMAINE CHECK (
        JOURSEMAINE IN (
            'Lundi',
            'Mardi',
            'Mercredi',
            'Jeudi',
            'Vendredi',
            'Samedi',
            'Dimanche'
        )
    ),
    CONSTRAINT PK_HORAIRES PRIMARY KEY (IDHORAIRES)
);
/*==============================================================*/
/* Table : FACTURE                                              */
/*==============================================================*/
CREATE TABLE FACTURE (
    IDFACTURE INT4 NOT NULL,
    IDRESERVATION INT4 NULL,
    IDCOMMANDE INT4 NULL,
    IDPAYS INT4 NOT NULL,
    IDCLIENT INT4 NOT NULL,
    MONTANTREGLEMENT NUMERIC(5, 2) NULL,
    DATEFACTURE DATE NULL,
    CONSTRAINT CK_FACTURE_DATE CHECK (DATEFACTURE <= CURRENT_DATE),
    QUANTITE INT4 NULL,
    CONSTRAINT PK_FACTURE PRIMARY KEY (IDFACTURE)
);
/*==============================================================*/
/* Table : LIEU_FAVORI                                          */
/*==============================================================*/
CREATE TABLE LIEU_FAVORI (
    IDLIEUFAVORI INT4 NOT NULL,
    IDCLIENT INT4 NOT NULL,
    IDADRESSE INT4 NOT NULL,
    NOMLIEU VARCHAR(100) NOT NULL,
    CONSTRAINT PK_LIEU_FAVORI PRIMARY KEY (IDLIEUFAVORI)
);
/*==============================================================*/
/* Table : LIVREUR                                              */
/*==============================================================*/
CREATE TABLE LIVREUR (
    IDLIVREUR INT4 NOT NULL,
    IDENTREPRISE INT4 NOT NULL,
    IDADRESSE INT4 NULL,
    GENREUSER VARCHAR(20) NOT NULL,
    CONSTRAINT CK_LIVREUR_GENRE CHECK (GENREUSER IN ('Monsieur', 'Madame')),
    NOMUSER VARCHAR(50) NOT NULL,
    PRENOMUSER VARCHAR(50) NOT NULL,
    DATENAISSANCE DATE NOT NULL,
    CONSTRAINT CK_LIVREUR_DATE CHECK (
        DATENAISSANCE <= CURRENT_DATE
        AND DATENAISSANCE <= CURRENT_DATE - INTERVAL '18 years'
    ),
    TELEPHONE VARCHAR(20) NOT NULL,
    CONSTRAINT CK_LIVREUR_TEL CHECK (
        TELEPHONE ~ '^(06|07)[0-9]{8}$'
        OR TELEPHONE ~ '^\+?[1-9][0-9]{1,14}$'
    ),
    EMAILUSER VARCHAR(200) NOT NULL,
    CONSTRAINT UQ_LIVREUR_MAIL UNIQUE (EMAILUSER),
    CONSTRAINT CK_CLIENT_EMAIL_FORMAT CHECK (
        EMAILUSER ~ '^[a-zA-Z0-9._%+-]+@[a-zA-Z0-9.-]+\.[a-zA-Z]{2,}$'
    ),
    MOTDEPASSEUSER VARCHAR(200) NOT NULL,
    IBAN VARCHAR(30) NULL,
    CONSTRAINT UQ_LIVREUR_IBAN UNIQUE (IBAN),
    DATEDEBUTACTIVITE DATE NULL,
    NOTEMOYENNE NUMERIC(2, 1) NULL,
    CONSTRAINT CK_LIVREUR_NOTE CHECK (
        NOTEMOYENNE >= 1
        AND NOTEMOYENNE <= 5
        OR NOTEMOYENNE IS NULL
    ),
    CONSTRAINT PK_LIVREUR PRIMARY KEY (IDLIVREUR)
);
/*==============================================================*/
/* Table : PANIER                                               */
/*==============================================================*/
CREATE TABLE PANIER (
    IDPANIER INT4 NOT NULL,
    IDCLIENT INT4 NOT NULL,
    PRIX DECIMAL(5, 2) NULL,
    CONSTRAINT CK_PANIER_PRIX CHECK (PRIX >= 0),
    CONSTRAINT PK_PANIER PRIMARY KEY (IDPANIER)
);
/*==============================================================*/
/* Table : PAYS                                                 */
/*==============================================================*/
CREATE TABLE PAYS (
    IDPAYS INT4 NOT NULL,
    NOMPAYS VARCHAR(50) NOT NULL,
    POURCENTAGETVA NUMERIC(4, 2) NULL,
    CONSTRAINT UQ_NOMPAYS UNIQUE (NOMPAYS),
    CONSTRAINT CK_TVA CHECK (
        POURCENTAGETVA >= 0
        AND POURCENTAGETVA < 100
    ),
    CONSTRAINT PK_PAYS PRIMARY KEY (IDPAYS)
);
/*==============================================================*/
/* Table : PRODUIT                                              */
/*==============================================================*/
CREATE TABLE PRODUIT (
    IDPRODUIT INT4 NOT NULL,
    NOMPRODUIT VARCHAR(200) NULL,
    PRIXPRODUIT NUMERIC(5, 2) NULL,
    CONSTRAINT CK_PRODUIT_PRIX CHECK (PRIXPRODUIT > 0),
    IMAGEPRODUIT VARCHAR(300) NULL,
    DESCRIPTION VARCHAR(1500) NULL,
    CONSTRAINT PK_PRODUIT PRIMARY KEY (IDPRODUIT)
);
/*==============================================================*/
/* Table : REGLEMENT_SALAIRE                                    */
/*==============================================================*/
CREATE TABLE REGLEMENT_SALAIRE (
    IDREGLEMENT INT4 NOT NULL,
    IDCOURSIER INT4 NULL,
    IDLIVREUR INT4 NULL,
    MONTANTREGLEMENT NUMERIC(6, 2) NULL,
    CONSTRAINT CK_SALAIRE_MNT CHECK (MONTANTREGLEMENT >= 0),
    CONSTRAINT PK_REGLEMENT_SALAIRE PRIMARY KEY (IDREGLEMENT)
);
/*==============================================================*/
/* Table : RESERVATION                                          */
/*==============================================================*/
CREATE TABLE RESERVATION (
    IDRESERVATION INT4 NOT NULL,
    IDCLIENT INT4 NOT NULL,
    DATERESERVATION DATE NULL,
    /*     CONSTRAINT CK_RESERVATION_DATE CHECK (DATERESERVATION <= CURRENT_DATE), */
    HEURERESERVATION TIME NULL,
    POURQUI VARCHAR(100) NULL,
    CONSTRAINT PK_RESERVATION PRIMARY KEY (IDRESERVATION)
);
/*==============================================================*/
/* Table : RESPONSABLE_ENSEIGNE                                 */
/*==============================================================*/
CREATE TABLE RESPONSABLE_ENSEIGNE (
    IDRESPONSABLE INT4 NOT NULL,
    NOMUSER VARCHAR(50) NOT NULL,
    PRENOMUSER VARCHAR(50) NOT NULL,
    TELEPHONE VARCHAR(20) NOT NULL,
    CONSTRAINT CK_RESPONSABLE_TEL CHECK (
        TELEPHONE ~ '^(06|07)[0-9]{8}$'
        OR TELEPHONE ~ '^\+?[1-9][0-9]{1,14}$'
    ),
    EMAILUSER VARCHAR(200) NOT NULL,
    CONSTRAINT UQ_RESPONSABLE_EMAIL UNIQUE (EMAILUSER),
    CONSTRAINT CK_CLIENT_EMAIL_FORMAT CHECK (
        EMAILUSER ~ '^[a-zA-Z0-9._%+-]+@[a-zA-Z0-9.-]+\.[a-zA-Z]{2,}$'
    ),
    MOTDEPASSEUSER VARCHAR(200) NOT NULL,
    CONSTRAINT PK_RESPONSABLE_ENSEIGNE PRIMARY KEY (IDRESPONSABLE)
);
/*==============================================================*/
/* Table : RESTAURATEUR                                         */
/*==============================================================*/
CREATE TABLE RESTAURATEUR (
    IDRESTAURATEUR INT4 NOT NULL,
    NOMUSER VARCHAR(50) NOT NULL,
    PRENOMUSER VARCHAR(50) NOT NULL,
    TELEPHONE VARCHAR(20) NOT NULL,
    CONSTRAINT CK_RESTAURATEUR_TEL CHECK (
        TELEPHONE ~ '^(06|07)[0-9]{8}$'
        OR TELEPHONE ~ '^\+?[1-9][0-9]{1,14}$'
    ),
    EMAILUSER VARCHAR(200) NOT NULL,
    CONSTRAINT UQ_RESTAURATEUR_MAIL UNIQUE (EMAILUSER),
    CONSTRAINT CK_CLIENT_EMAIL_FORMAT CHECK (
        EMAILUSER ~ '^[a-zA-Z0-9._%+-]+@[a-zA-Z0-9.-]+\.[a-zA-Z]{2,}$'
    ),
    MOTDEPASSEUSER VARCHAR(200) NOT NULL,
    CONSTRAINT PK_RESTAURATEUR PRIMARY KEY (IDRESTAURATEUR)
);
/*==============================================================*/
/* Table : GESTION_ETABLISSEMENT                                */
/*==============================================================*/
CREATE TABLE GESTION_ETABLISSEMENT (
    IDGESTION INT4 NOT NULL,
    IDETABLISSEMENT INT4 NOT NULL,
    IDRESPONSABLE INT4 NOT NULL,
    CONSTRAINT PK_GESTION_ETABLISSEMENT PRIMARY KEY (IDGESTION)
);
/*==============================================================*/
/* Table : TYPE_PRESTATION                                      */
/*==============================================================*/
CREATE TABLE TYPE_PRESTATION (
    IDPRESTATION INT4 NOT NULL,
    LIBELLEPRESTATION VARCHAR(50) NULL,
    DESCRIPTIONPRESTATION VARCHAR(500) NULL,
    IMAGEPRESTATION VARCHAR(300) NULL,
    CONSTRAINT PK_TYPE_PRESTATION PRIMARY KEY (IDPRESTATION)
);
/*==============================================================*/
/* Table : CATEGORIE_PRESTATION                                 */
/*==============================================================*/
CREATE TABLE CATEGORIE_PRESTATION (
    IDCATEGORIEPRESTATION INT4 NOT NULL,
    LIBELLECATEGORIEPRESTATION VARCHAR(50) NULL,
    DESCRIPTIONCATEGORIEPRESTATION VARCHAR(500) NULL,
    IMAGECATEGORIEPRESTATION VARCHAR(300) NULL,
    CONSTRAINT PK_CATEGORIE_PRESTATION PRIMARY KEY (IDCATEGORIEPRESTATION)
);
/*==============================================================*/
/* Table : A_COMME_CATEGORIE                                    */
/*==============================================================*/
CREATE TABLE A_COMME_CATEGORIE (
    IDCATEGORIEPRESTATION INT4 NOT NULL,
    IDETABLISSEMENT INT4 NOT NULL,
    CONSTRAINT PK_A_COMME_CATEGORIE PRIMARY KEY (IDCATEGORIEPRESTATION, IDETABLISSEMENT)
);
/*==============================================================*/
/* Table : VEHICULE                                             */
/*==============================================================*/
CREATE TABLE VEHICULE (
    IDVEHICULE INT4 NOT NULL,
    IDCOURSIER INT4 NOT NULL,
    IMMATRICULATION CHAR(9) NOT NULL,
    CONSTRAINT CK_VEHICULE_IMMATRICULATION CHECK (IMMATRICULATION ~ '^[A-Z]{2}-[0-9]{3}-[A-Z]{2}$'),
    CONSTRAINT UQ_VEHICULE_IMMATRICULATION UNIQUE (IMMATRICULATION),
    MARQUE VARCHAR(50) NULL,
    MODELE VARCHAR(50) NULL,
    CAPACITE INT4 NULL,
    CONSTRAINT CK_VEHICULE_CAPACITE CHECK (
        CAPACITE BETWEEN 2 AND 7
    ),
    ACCEPTEANIMAUX BOOLEAN NOT NULL,
    ESTELECTRIQUE BOOLEAN NOT NULL,
    ESTCONFORTABLE BOOLEAN NOT NULL,
    ESTRECENT BOOLEAN NOT NULL,
    ESTLUXUEUX BOOLEAN NOT NULL,
    COULEUR VARCHAR(20) NULL,
    STATUSPROCESSUSLOGISTIQUE VARCHAR(50) NOT NULL DEFAULT 'En attente',
    CONSTRAINT CK_STATUS_VEHICULE CHECK (
        STATUSPROCESSUSLOGISTIQUE IN (
            'En attente',
            'Validé',
            'Refusé',
            'Modifications demandées'
        )
    ),
    DEMANDEMODIFICATION TEXT NULL,
    DEMANDEMODIFICATIONEFFECTUE BOOLEAN NOT NULL DEFAULT FALSE,
    CONSTRAINT PK_VEHICULE PRIMARY KEY (IDVEHICULE)
);
/*==============================================================*/
/* Table : VELO                                                 */
/*==============================================================*/
CREATE TABLE VELO (
    IDVELO INT4 NOT NULL,
    IDADRESSE INT4 NOT NULL,
    NUMEROVELO INT4 NOT NULL,
    CONSTRAINT UQ_VELO_NUMERO UNIQUE (NUMEROVELO),
    ESTDISPONIBLE BOOLEAN NOT NULL,
    CONSTRAINT PK_VELO PRIMARY KEY (IDVELO)
);
/*==============================================================*/
/* Table : VELO_RESERVATION                                     */
/*==============================================================*/
CREATE TABLE VELO_RESERVATION (
    IDRESERVATION_VELO INT4 NOT NULL,
    IDVELO INT4 NOT NULL,
    DUREERESERVATION INT4 NOT NULL,
    PRIXRESERVATION DECIMAL(6, 2) NOT NULL,
    CONSTRAINT PK_VELO_RESERVATION PRIMARY KEY (IDRESERVATION_VELO, IDVELO)
);
/*==============================================================*/
/* Table : VILLE                                                */
/*==============================================================*/
CREATE TABLE VILLE (
    IDVILLE INT4 NOT NULL,
    IDPAYS INT4 NULL,
    IDCODEPOSTAL INT4 NULL,
    NOMVILLE VARCHAR(50) NOT NULL,
    LATITUDE NUMERIC(10, 6) NULL,
    LONGITUDE NUMERIC(10, 6) NULL,
    CONSTRAINT PK_VILLE PRIMARY KEY (IDVILLE)
);
/*==============================================================*/
/* Contraintes de clés étrangères                               */
/*==============================================================*/
/* Relation ADRESSE - VILLE */
ALTER TABLE ADRESSE
ADD CONSTRAINT FK_ADRESSE_VILLE FOREIGN KEY (IDVILLE) REFERENCES VILLE (IDVILLE) ON DELETE RESTRICT ON UPDATE RESTRICT;
/* Relation CLIENT_CARTE - CARTE_BANCAIRE */
ALTER TABLE CLIENT_CARTE
ADD CONSTRAINT FK_APPARTIENT2_CARTE_BANCAIRE FOREIGN KEY (IDCB) REFERENCES CARTE_BANCAIRE (IDCB) ON DELETE RESTRICT ON UPDATE RESTRICT;
/* Relation CLIENT_CARTE - CLIENT */
ALTER TABLE CLIENT_CARTE
ADD CONSTRAINT FK_APPARTIENT2_CLIENT FOREIGN KEY (IDCLIENT) REFERENCES CLIENT (IDCLIENT) ON DELETE RESTRICT ON UPDATE RESTRICT;
/* Relation PRODUIT_CATEGORIE - PRODUIT */
ALTER TABLE PRODUIT_CATEGORIE
ADD CONSTRAINT FK_A3_PRODUIT FOREIGN KEY (IDPRODUIT) REFERENCES PRODUIT (IDPRODUIT) ON DELETE RESTRICT ON UPDATE RESTRICT;
/* Relation PRODUIT_CATEGORIE - CATEGORIE_PRODUIT */
ALTER TABLE PRODUIT_CATEGORIE
ADD CONSTRAINT FK_A3_CATEGORIE_PRODUIT FOREIGN KEY (IDCATEGORIE) REFERENCES CATEGORIE_PRODUIT (IDCATEGORIE) ON DELETE RESTRICT ON UPDATE RESTRICT;
/* Relation A_COMME_TYPE - VEHICULE */
ALTER TABLE A_COMME_TYPE
ADD CONSTRAINT FK_A_COMME_TYPE_VEHICULE FOREIGN KEY (IDVEHICULE) REFERENCES VEHICULE (IDVEHICULE) ON DELETE RESTRICT ON UPDATE RESTRICT;
/* Relation A_COMME_TYPE - TYPE_PRESTATION */
ALTER TABLE A_COMME_TYPE
ADD CONSTRAINT FK_A_COMME_TYPE_TYPE_PRESTATION FOREIGN KEY (IDPRESTATION) REFERENCES TYPE_PRESTATION (IDPRESTATION) ON DELETE RESTRICT ON UPDATE RESTRICT;
/* Relation CLIENT - ENTREPRISE */
ALTER TABLE CLIENT
ADD CONSTRAINT FK_CLIENT_ENTREPRISE FOREIGN KEY (IDENTREPRISE) REFERENCES ENTREPRISE (IDENTREPRISE) ON DELETE RESTRICT ON UPDATE RESTRICT;
/* Relation CLIENT - ADRESSE */
ALTER TABLE CLIENT
ADD CONSTRAINT FK_CLIENT_ADRESSE FOREIGN KEY (IDADRESSE) REFERENCES ADRESSE (IDADRESSE) ON DELETE RESTRICT ON UPDATE RESTRICT;
/* Relation CODE_POSTAL - PAYS */
ALTER TABLE CODE_POSTAL
ADD CONSTRAINT FK_CODE_POSTAL_PAYS FOREIGN KEY (IDPAYS) REFERENCES PAYS (IDPAYS) ON DELETE RESTRICT ON UPDATE RESTRICT;
/* Relation COMMANDE - LIVREUR */
ALTER TABLE COMMANDE
ADD CONSTRAINT FK_COMMANDE_LIVREUR FOREIGN KEY (IDLIVREUR) REFERENCES LIVREUR (IDLIVREUR) ON DELETE RESTRICT ON UPDATE RESTRICT;
/* Relation COMMANDE - PANIER */
ALTER TABLE COMMANDE
ADD CONSTRAINT FK_COMMANDE_PANIER FOREIGN KEY (IDPANIER) REFERENCES PANIER (IDPANIER) ON DELETE RESTRICT ON UPDATE RESTRICT;
/* Relation CONTIENT_2 - PANIER */
ALTER TABLE CONTIENT_2
ADD CONSTRAINT FK_CONTIENT2_PANIER FOREIGN KEY (IDPANIER) REFERENCES PANIER (IDPANIER) ON DELETE RESTRICT ON UPDATE RESTRICT;
/* Relation CONTIENT_2 - PRODUIT */
ALTER TABLE CONTIENT_2
ADD CONSTRAINT FK_CONTIENT2_PRODUIT FOREIGN KEY (IDPRODUIT) REFERENCES PRODUIT (IDPRODUIT) ON DELETE RESTRICT ON UPDATE RESTRICT;
/* Relation CONTIENT_2 - ETABLISSEMENT */
ALTER TABLE CONTIENT_2
ADD CONSTRAINT FK_CONTIENT2_ETABLISSEMENT FOREIGN KEY (IDETABLISSEMENT) REFERENCES ETABLISSEMENT (IDETABLISSEMENT) ON DELETE RESTRICT ON UPDATE RESTRICT;
/* Relation COURSE - TYPE_PRESTATION */
ALTER TABLE COURSE
ADD CONSTRAINT FK_COURSE_TYPE_PRESTATION FOREIGN KEY (IDPRESTATION) REFERENCES TYPE_PRESTATION (IDPRESTATION) ON DELETE RESTRICT ON UPDATE RESTRICT;
/* Relation COURSE - RESERVATION */
ALTER TABLE COURSE
ADD CONSTRAINT FK_COURSE_RESERVATION FOREIGN KEY (IDRESERVATION) REFERENCES RESERVATION (IDRESERVATION) ON DELETE RESTRICT ON UPDATE RESTRICT;
/* Relation COURSE - ADRESSE (Départ) */
ALTER TABLE COURSE
ADD CONSTRAINT FK_COURSE_ADRESSE_DEPART FOREIGN KEY (ADR_IDADRESSE) REFERENCES ADRESSE (IDADRESSE) ON DELETE RESTRICT ON UPDATE RESTRICT;
/* Relation COURSE - ADRESSE (Arrivée) */
ALTER TABLE COURSE
ADD CONSTRAINT FK_COURSE_ADRESSE_ARRIVEE FOREIGN KEY (IDADRESSE) REFERENCES ADRESSE (IDADRESSE) ON DELETE RESTRICT ON UPDATE RESTRICT;
/* Relation COURSE - CARTE_BANCAIRE */
ALTER TABLE COURSE
ADD CONSTRAINT FK_COURSE_CARTE_BANCAIRE FOREIGN KEY (IDCB) REFERENCES CARTE_BANCAIRE (IDCB) ON DELETE RESTRICT ON UPDATE RESTRICT;
/* Relation COURSE - COURSIER */
ALTER TABLE COURSE
ADD CONSTRAINT FK_COURSE_COURSIER FOREIGN KEY (IDCOURSIER) REFERENCES COURSIER (IDCOURSIER) ON DELETE RESTRICT ON UPDATE RESTRICT;
/* Relation COURSIER - ENTREPRISE */
ALTER TABLE COURSIER
ADD CONSTRAINT FK_COURSIER_ENTREPRISE FOREIGN KEY (IDENTREPRISE) REFERENCES ENTREPRISE (IDENTREPRISE) ON DELETE RESTRICT ON UPDATE RESTRICT;
/* Relation COURSIER - ADRESSE */
ALTER TABLE COURSIER
ADD CONSTRAINT FK_COURSIER_ADRESSE FOREIGN KEY (IDADRESSE) REFERENCES ADRESSE (IDADRESSE) ON DELETE RESTRICT ON UPDATE RESTRICT;
/* Relation ETABLISSEMENT - RESTAURATEUR */
ALTER TABLE ETABLISSEMENT
ADD CONSTRAINT FK_ETABLISSEMENT_RESTAURATEUR FOREIGN KEY (IDRESTAURATEUR) REFERENCES RESTAURATEUR (IDRESTAURATEUR) ON DELETE CASCADE;
/* Relation ETABLISSEMENT - ADRESSE */
ALTER TABLE ETABLISSEMENT
ADD CONSTRAINT FK_ETABLISSEMENT_ADRESSE FOREIGN KEY (IDADRESSE) REFERENCES ADRESSE (IDADRESSE) ON DELETE RESTRICT ON UPDATE RESTRICT;
/* Relation GESTION_ETABLISSEMENT - ETABLISSEMENT */
ALTER TABLE GESTION_ETABLISSEMENT
ADD CONSTRAINT FK_GESTION_ETABLISSEMENT FOREIGN KEY (IDETABLISSEMENT) REFERENCES ETABLISSEMENT (IDETABLISSEMENT) ON DELETE CASCADE;
/* Relation GESTION_ETABLISSEMENT - RESPONSABLE */
ALTER TABLE GESTION_ETABLISSEMENT
ADD CONSTRAINT FK_GESTION_RESPONSABLE FOREIGN KEY (IDRESPONSABLE) REFERENCES RESPONSABLE_ENSEIGNE (IDRESPONSABLE) ON DELETE CASCADE;
/* Relation ENTREPRISE - ADRESSE */
ALTER TABLE ENTREPRISE
ADD CONSTRAINT FK_ENTREPRISE_ADRESSE FOREIGN KEY (IDADRESSE) REFERENCES ADRESSE (IDADRESSE) ON DELETE RESTRICT ON UPDATE RESTRICT;
/* Relation ENTRETIEN - COURSIER */
ALTER TABLE ENTRETIEN
ADD CONSTRAINT FK_ENTRETIEN_COURSIER FOREIGN KEY (IDCOURSIER) REFERENCES COURSIER (IDCOURSIER) ON DELETE RESTRICT ON UPDATE RESTRICT;
ALTER TABLE EST_SITUE_A_2
ADD CONSTRAINT FK_EST_SITUE2_PRODUIT FOREIGN KEY (IDPRODUIT) REFERENCES PRODUIT (IDPRODUIT) ON DELETE RESTRICT ON UPDATE RESTRICT;
ALTER TABLE EST_SITUE_A_2
ADD CONSTRAINT FK_EST_SITUE2_ETABLISSEMENT FOREIGN KEY (IDETABLISSEMENT) REFERENCES ETABLISSEMENT (IDETABLISSEMENT) ON DELETE RESTRICT ON UPDATE RESTRICT;
/* Relation ETABLISSEMENT - A_COMME_CATEGORIE */
ALTER TABLE A_COMME_CATEGORIE
ADD CONSTRAINT FK_A_COMME_CATEGORIE_ETABLISSEMENT FOREIGN KEY (IDETABLISSEMENT) REFERENCES ETABLISSEMENT (IDETABLISSEMENT) ON DELETE RESTRICT ON UPDATE RESTRICT;
/* Relation CATEGORIE_PRESTATION - A_COMME_CATEGORIE */
ALTER TABLE A_COMME_CATEGORIE
ADD CONSTRAINT FK_A_COMME_CATEGORIE_CATEGORIE FOREIGN KEY (IDCATEGORIEPRESTATION) REFERENCES CATEGORIE_PRESTATION (IDCATEGORIEPRESTATION) ON DELETE RESTRICT ON UPDATE RESTRICT;
/* Relation HORAIRES - ETABLISSEMENT */
ALTER TABLE HORAIRES
ADD CONSTRAINT FK_HORAIRES_ETABLISSEMENT FOREIGN KEY (IDETABLISSEMENT) REFERENCES ETABLISSEMENT (IDETABLISSEMENT) ON DELETE CASCADE;
/* Relation HORAIRES_COURSIER - COURSIER */
ALTER TABLE HORAIRES
ADD CONSTRAINT FK_HORAIRES_COURSIER FOREIGN KEY (IDCOURSIER) REFERENCES COURSIER (IDCOURSIER) ON DELETE CASCADE;
/* Relation HORAIRES_LIVREUR - LIVREUR */
ALTER TABLE HORAIRES
ADD CONSTRAINT FK_HORAIRES_LIVREUR FOREIGN KEY (IDLIVREUR) REFERENCES LIVREUR (IDLIVREUR) ON DELETE CASCADE;
/* Relation FACTURE - RESERVATION */
ALTER TABLE FACTURE
ADD CONSTRAINT FK_FACTURE_RESERVATION FOREIGN KEY (IDRESERVATION) REFERENCES RESERVATION (IDRESERVATION) ON DELETE
SET NULL ON UPDATE CASCADE;
/* Relation FACTURE - COMMANDE */
ALTER TABLE FACTURE
ADD CONSTRAINT FK_FACTURE_COMMANDE FOREIGN KEY (IDCOMMANDE) REFERENCES COMMANDE (IDCOMMANDE) ON DELETE
SET NULL ON UPDATE CASCADE;
/* Relation FACTURE - CLIENT */
ALTER TABLE FACTURE
ADD CONSTRAINT FK_FACTURE_CLIENT FOREIGN KEY (IDCLIENT) REFERENCES CLIENT (IDCLIENT) ON DELETE
SET NULL ON UPDATE CASCADE;
/* Relation FACTURE - PAYS */
ALTER TABLE FACTURE
ADD CONSTRAINT FK_FACTURE_PAYS FOREIGN KEY (IDPAYS) REFERENCES PAYS (IDPAYS) ON DELETE
SET NULL ON UPDATE CASCADE;
/* Relation LIEU_FAVORI - CLIENT */
ALTER TABLE LIEU_FAVORI
ADD CONSTRAINT FK_LIEU_FAVORI_CLIENT FOREIGN KEY (IDCLIENT) REFERENCES CLIENT (IDCLIENT) ON DELETE CASCADE ON UPDATE CASCADE;
/* Relation LIEU_FAVORI - ADRESSE */
ALTER TABLE LIEU_FAVORI
ADD CONSTRAINT FK_LIEU_FAVORI_ADRESSE FOREIGN KEY (IDADRESSE) REFERENCES ADRESSE (IDADRESSE) ON DELETE CASCADE ON UPDATE CASCADE;
/* Relation OTP - CLIENT */
ALTER TABLE OTP
ADD CONSTRAINT FK_OTP_CLIENT FOREIGN KEY (IDCLIENT) REFERENCES CLIENT (IDCLIENT) ON DELETE RESTRICT ON UPDATE RESTRICT;
ALTER TABLE PANIER
ADD CONSTRAINT FK_PANIER_CLIENT FOREIGN KEY (IDCLIENT) REFERENCES CLIENT (IDCLIENT) ON DELETE RESTRICT ON UPDATE RESTRICT;
/* Relation REGLEMENT_SALAIRE - COURSIER */
ALTER TABLE REGLEMENT_SALAIRE
ADD CONSTRAINT FK_REGLEMENT_SALAIRE_COURSIER FOREIGN KEY (IDCOURSIER) REFERENCES COURSIER (IDCOURSIER) ON DELETE RESTRICT ON UPDATE RESTRICT;
/* Relation RESERVATION - CLIENT */
ALTER TABLE RESERVATION
ADD CONSTRAINT FK_RESERVATION_CLIENT FOREIGN KEY (IDCLIENT) REFERENCES CLIENT (IDCLIENT) ON DELETE RESTRICT ON UPDATE RESTRICT;
/* Relation VELO_RESERVATION - RESERVATION */
ALTER TABLE VELO_RESERVATION
ADD CONSTRAINT FK_VELO_RESERVATION_RESERVATION FOREIGN KEY (IDRESERVATION_VELO) REFERENCES RESERVATION (IDRESERVATION) ON DELETE RESTRICT ON UPDATE RESTRICT;
/* Relation VELO_RESERVATION - VELO */
ALTER TABLE VELO_RESERVATION
ADD CONSTRAINT FK_VELO_RESERVATION_VELO FOREIGN KEY (IDVELO) REFERENCES VELO (IDVELO) ON DELETE RESTRICT ON UPDATE RESTRICT;
ALTER TABLE VEHICULE
ADD CONSTRAINT FK_VEHICULE_COURSIER FOREIGN KEY (IDCOURSIER) REFERENCES COURSIER (IDCOURSIER) ON DELETE RESTRICT ON UPDATE RESTRICT;
/* Relation VELO - ADRESSE */
ALTER TABLE VELO
ADD CONSTRAINT FK_VELO_ADRESSE FOREIGN KEY (IDADRESSE) REFERENCES ADRESSE (IDADRESSE) ON DELETE RESTRICT ON UPDATE RESTRICT;
/* Relation VILLE - CODE_POSTAL */
ALTER TABLE VILLE
ADD CONSTRAINT FK_VILLE_CODE_POSTAL FOREIGN KEY (IDCODEPOSTAL) REFERENCES CODE_POSTAL (IDCODEPOSTAL) ON DELETE RESTRICT ON UPDATE RESTRICT;
/* Relation VILLE - PAYS */
ALTER TABLE VILLE
ADD CONSTRAINT FK_VILLE_PAYS FOREIGN KEY (IDPAYS) REFERENCES PAYS (IDPAYS) ON DELETE RESTRICT ON UPDATE RESTRICT;
------------------------------------------------------------------------------------------------------------------------------------------------------
------------------------------------------------------------------------------------------------------------------------------------------------------
INSERT INTO PAYS (IDPAYS, NOMPAYS, POURCENTAGETVA)
VALUES (1, 'France', 20.0),
    (2, 'Allemagne', 19.0),
    (3, 'Espagne', 21.0),
    (4, 'Italie', 22.0),
    (5, 'Belgique', 21.0),
    (6, 'Luxembourg', 17.0),
    (7, 'Suisse', 7.7),
    (8, 'Portugal', 23.0),
    (9, 'Pays-Bas', 21.0),
    (10, 'Autriche', 20.0),
    (11, 'Suède', 25.0),
    (12, 'Danemark', 25.0),
    (13, 'Finlande', 24.0),
    (14, 'Irlande', 23.0),
    (15, 'Grèce', 24.0),
    (16, 'Pologne', 23.0),
    (17, 'Hongrie', 27.0),
    (18, 'République Tchèque', 21.0),
    (19, 'Slovénie', 22.0),
    (20, 'Roumanie', 19.0);
INSERT INTO CODE_POSTAL (IDCODEPOSTAL, IDPAYS, CODEPOSTAL)
VALUES (1, 1, '75000'),
    (2, 1, '69000'),
    (3, 1, '13000'),
    (4, 1, '33000'),
    (5, 1, '06000'),
    (6, 1, '44000'),
    (7, 1, '34000'),
    (8, 1, '67000'),
    (9, 1, '21000'),
    (10, 1, '78000'),
    (11, 1, '74000'),
    (12, 1, '31000'),
    (13, 1, '59000'),
    (14, 1, '35000'),
    (15, 1, '76600'),
    (16, 1, '51100'),
    (17, 1, '42000'),
    (18, 1, '72000'),
    (19, 1, '80000'),
    (20, 1, '29200'),
    (21, 1, '63000'),
    (22, 1, '83000'),
    (23, 1, '49100'),
    (24, 1, '30000'),
    (25, 1, '37000'),
    (26, 1, '14000'),
    (27, 1, '45200'),
    (28, 1, '66000'),
    (29, 1, '73000'),
    (30, 1, '68000'),
    (31, 1, '56000'),
    (32, 1, '13100'),
    (33, 1, '64200'),
    (34, 1, '38000'),
    (35, 1, '45000'),
    (36, 1, '84000'),
    (37, 1, '54000'),
    (38, 1, '56100'),
    (39, 1, '17000'),
    (40, 1, '34200');
INSERT INTO VILLE (
        IDVILLE,
        IDPAYS,
        IDCODEPOSTAL,
        NOMVILLE,
        LATITUDE,
        LONGITUDE
    )
VALUES (1, 1, 1, 'Paris', 48.8566, 2.3522),
    (2, 1, 2, 'Lyon', 45.7640, 4.8357),
    (3, 1, 3, 'Marseille', 43.2965, 5.3698),
    (4, 1, 4, 'Bordeaux', 44.8378, -0.5792),
    (5, 1, 5, 'Nice', 43.7102, 7.2620),
    (6, 1, 6, 'Nantes', 47.2184, -1.5536),
    (7, 1, 7, 'Montpellier', 43.6117, 3.8772),
    (8, 1, 8, 'Strasbourg', 48.5734, 7.7521),
    (9, 1, 9, 'Dijon', 47.3220, 5.0415),
    (10, 1, 10, 'Versailles', 48.8014, 2.1301),
    (11, 1, 11, 'Annecy', 45.8992, 6.1294),
    (12, 1, 12, 'Toulouse', 43.6047, 1.4442),
    (13, 1, 13, 'Lille', 50.6292, 3.0573),
    (14, 1, 14, 'Rennes', 48.1173, -1.6778),
    (15, 1, 15, 'Le Havre', 49.4944, 0.1070),
    (16, 1, 16, 'Reims', 49.2583, 4.0317),
    (17, 1, 17, 'Saint-Étienne', 45.4397, 4.3872),
    (18, 1, 18, 'Le Mans', 48.0061, 0.1996),
    (19, 1, 19, 'Amiens', 49.8951, 2.3024),
    (20, 1, 20, 'Brest', 48.3904, -4.4861),
    (21, 1, 21, 'Clermont-Ferrand', 45.7772, 3.0870),
    (22, 1, 22, 'Toulon', 43.1258, 5.9303),
    (23, 1, 23, 'Angers', 47.4784, -0.5632),
    (24, 1, 24, 'Nîmes', 43.8367, 4.3601),
    (25, 1, 25, 'Tours', 47.3941, 0.6848),
    (26, 1, 26, 'Caen', 49.1811, -0.3700),
    (27, 1, 27, 'Montargis', 48.0000, 2.7500),
    (28, 1, 28, 'Perpignan', 42.6887, 2.8948),
    (29, 1, 29, 'Chambery', 45.5646, 5.9178),
    (30, 1, 30, 'Colmar', 48.0816, 7.3556),
    (31, 1, 31, 'Vannes', 47.6582, -2.7603),
    (32, 1, 32, 'Aix-en-Provence', 43.5297, 5.4474),
    (33, 1, 33, 'Biarritz', 43.4832, -1.5586),
    (34, 1, 34, 'Grenoble', 45.1885, 5.7245),
    (35, 1, 35, 'Orléans', 47.9029, 1.9093),
    (36, 1, 36, 'Avignon', 43.9493, 4.8055),
    (37, 1, 37, 'Nancy', 48.6921, 6.1844),
    (38, 1, 38, 'Lorient', 47.7475, -3.3666),
    (39, 1, 39, 'La Rochelle', 46.1591, -1.1511),
    (40, 1, 40, 'Sète', 43.4036, 3.6932);
INSERT INTO ADRESSE (
        IDADRESSE,
        IDVILLE,
        LIBELLEADRESSE,
        LATITUDE,
        LONGITUDE
    )
VALUES (
        1,
        1,
        '1 Rue de l''Épée de Bois',
        '49.73126',
        '3.64987'
    ),
    (
        2,
        1,
        '15 Rue du Général Foy',
        '48.878570556640625',
        '2.3177342414855957'
    ),
    (3, 1, '27 Rue Navier', '48.8956048', '2.3260394'),
    (
        4,
        1,
        '18 Rue Chaligny',
        '48.8464411',
        '2.383824'
    ),
    (
        5,
        1,
        '51 Rue Censier',
        '48.8393942',
        '2.3504293'
    ),
    (
        6,
        1,
        '1 Place Étienne Pernet',
        '48.84299850463867',
        '2.2926692962646484'
    ),
    (
        7,
        1,
        '7 Rue du Commerce',
        '48.846397399902344',
        '2.2953546047210693'
    ),
    (
        8,
        1,
        '90 Rue Saint-Dominique',
        '48.85872268676758',
        '2.3031702041625977'
    ),
    (
        9,
        1,
        '49 Rue de Babylone',
        '48.8516687',
        '2.3179834'
    ),
    (
        10,
        1,
        '98 Avenue Denfert Rochereau',
        '48.83657455444336',
        '2.3344886302948'
    ),
    (
        11,
        2,
        '17 Rue Antoine Lumière',
        '45.74143981933594',
        '4.868631362915039'
    ),
    (
        12,
        2,
        '8 Rue Rossan',
        '45.74879837036133',
        '4.864673137664795'
    ),
    (
        13,
        2,
        '15 Rue Etienne Dolet',
        '45.757484436035156',
        '4.851376533508301'
    ),
    (
        14,
        2,
        '154 Avenue Thiers',
        '45.76651382446289',
        '4.861818790435791'
    ),
    (
        15,
        2,
        '1 Rue Burdeau',
        '45.7702242',
        '4.8311841'
    ),
    (
        16,
        2,
        '6 Rue Victor Hugo',
        '45.756431579589844',
        '4.831276893615723'
    ),
    (
        17,
        2,
        '27 Rue Pierre Delore Bis',
        '45.736289978027344',
        '4.855654239654541'
    ),
    (
        18,
        2,
        '12 Rue Wakatsuki',
        '45.7334887',
        '4.8655076'
    ),
    (
        19,
        2,
        '38 rue de la Charité',
        '45.75376892089844',
        '4.832026481628418'
    ),
    (
        20,
        2,
        '59 rue de la Part-Dieu',
        '45.75934600830078',
        '4.844399929046631'
    ),
    (
        21,
        3,
        '23 rue Saint-Ferréol',
        '43.29435729980469',
        '5.377810001373291'
    ),
    (
        22,
        3,
        '5 boulevard Longchamp',
        '43.300960540771484',
        '5.387161731719971'
    ),
    (
        23,
        3,
        '58 Rue Charles Kaddouz',
        '43.314292907714844',
        '5.432517051696777'
    ),
    (
        24,
        3,
        '34 rue de la Canebière',
        '43.314292907714844',
        '5.432517051696777'
    ),
    (
        25,
        3,
        '7 rue du Panier',
        '43.29935073852539',
        '5.36806583404541'
    ),
    (
        26,
        3,
        '61 Rue Aviateur le Brix',
        '43.26055908203125',
        '5.403206825256348'
    ),
    (
        27,
        3,
        '2 Avenue du Frêne',
        '43.26459884643555',
        '5.397223949432373'
    ),
    (
        28,
        3,
        '390 Chemin du Roucas Blanc',
        '43.278076171875',
        '5.366892337799072'
    ),
    (
        29,
        3,
        '5 Avenue Edmond Oraison',
        '43.2849983',
        '5.3513466'
    ),
    (
        30,
        3,
        '31 Rue Vauvenargues',
        '43.287683',
        '5.369326'
    ),
    (
        31,
        4,
        '20 Rue Beyssac',
        '44.833003997802734',
        '-0.5631533265113831'
    ),
    (
        32,
        4,
        '16 Rue Nérigean',
        '44.8322192',
        '-0.564457'
    ),
    (
        33,
        4,
        '8 Place Camille Pelletan',
        '44.8342042',
        '-0.5691359'
    ),
    (
        34,
        4,
        '22 Rue de Causserouge',
        '44.833107',
        '-0.570678'
    ),
    (
        35,
        4,
        '93 Rue Manon Cormier',
        '44.8309915',
        '-0.5916445'
    ),
    (
        36,
        4,
        '27 Rue Charles Péguy',
        '44.8111418',
        '-0.5653499'
    ),
    (
        37,
        4,
        '9 Rue Alfred Dalancourt',
        '44.806834',
        '-0.553332'
    ),
    (
        38,
        4,
        '10 Avenue des 3 Cardinaux',
        '44.796448',
        '-0.559113'
    ),
    (
        39,
        4,
        '13 Rue de la Concorde',
        '44.806246',
        '-0.571218'
    ),
    (40, 4, '6 Rue Bossuet', '44.809221', '-0.566378'),
    (
        41,
        5,
        '58 Chemin du Vallon Sabatier',
        '43.7082949',
        '7.230854'
    ),
    (
        42,
        5,
        '203 Route de Saint-Pierre de Féric',
        '43.7136552',
        '7.238633'
    ),
    (
        43,
        5,
        '144 Chemin de la Costière',
        '43.739612',
        '7.262667'
    ),
    (
        44,
        5,
        '28 Chemin du Haut Magnan',
        '43.742332',
        '7.216881'
    ),
    (
        45,
        5,
        '32 Avenue du Dom. du Piol',
        '43.738731',
        '7.271452'
    ),
    (
        46,
        5,
        '78 Av. du Bois de Cythère',
        '43.717641',
        '7.250369'
    ),
    (
        47,
        5,
        '9 Rue Roger Martin du Gard',
        '43.7076326',
        '7.2525907'
    ),
    (
        48,
        5,
        '5 Avenue Suzanne Lenglen',
        '43.7044425',
        '7.2520955'
    ),
    (
        49,
        5,
        '40 Rue Trachel',
        '43.7061171',
        '7.2588862'
    ),
    (
        50,
        5,
        '7 Chemin de la Colline de Magnan',
        '43.7100042',
        '7.2350341'
    ),
    (
        51,
        6,
        '4 Avenue de la Paix',
        '47.21492004394531',
        '-1.5545382499694824'
    ),
    (
        52,
        6,
        '34 Rue Massenet',
        '47.24006271362305',
        '-1.5679627656936646'
    ),
    (
        53,
        6,
        '8 Rue des Reinettes',
        '47.2457138',
        '-1.5687002'
    ),
    (
        54,
        6,
        '36 Rue du Chanoine Poupard',
        '47.249665',
        '-1.574281'
    ),
    (
        55,
        6,
        '22 Rue Jean Baptiste Olivaux',
        '47.251670837402344',
        '-1.575027585029602'
    ),
    (
        56,
        6,
        '1 Chemin des Noisetiers',
        '47.2523224',
        '-1.5807137'
    ),
    (
        57,
        6,
        '6 Rue de Bellevue Bis',
        '47.226356506347656',
        '-1.5257411003112793'
    ),
    (
        58,
        6,
        '40 Rue Thomas Maisonneuve',
        '47.23324203491211',
        '-1.550583839416504'
    ),
    (
        59,
        6,
        '2 Avenue du Bonheur',
        '47.2247628',
        '-1.5184472'
    ),
    (
        60,
        6,
        '73 Rue de Coulmiers',
        '47.2235447',
        '-1.5380446'
    ),
    (
        61,
        7,
        '701 Av. de Toulouse',
        '43.59565734863281',
        '3.8623123168945312'
    ),
    (
        62,
        7,
        '6 Rue Jean Vachet',
        '43.5927518',
        '3.8842159'
    ),
    (
        63,
        7,
        '380 Avenue du Maréchal Leclerc',
        '43.59428024291992',
        '3.8852298259735107'
    ),
    (
        64,
        7,
        '15 Rue Sainte-Catherine',
        '43.6014284',
        '3.880333'
    ),
    (
        65,
        7,
        '125 Rue de Cante Gril',
        '43.6184952',
        '3.848132'
    ),
    (
        66,
        7,
        '6 Rue de la Felouque',
        '43.625213623046875',
        '3.8424365520477295'
    ),
    (
        67,
        7,
        '1167 Allée de la Martelle',
        '43.6046472',
        '3.8392502'
    ),
    (
        68,
        7,
        '1482 Rue de St - Priest',
        '43.61092',
        '3.87723'
    ),
    (
        69,
        7,
        '208 Avenue des Apothicaires',
        '43.643402099609375',
        '3.8391382694244385'
    ),
    (
        70,
        7,
        '425 Rue de la Croix de Lavit',
        '43.6394157409668',
        '3.8401553630828857'
    ),
    (
        71,
        8,
        '67 Rue de Ribeauvillé',
        '48.56633758544922',
        '48.56633758544922'
    ),
    (
        72,
        8,
        '20 Route de Mittelhausbergen',
        '48.5530849',
        '7.7471299'
    ),
    (
        73,
        8,
        '31 Rue de Dettwiller',
        '48.5955966',
        '7.722771'
    ),
    (
        74,
        8,
        '34 Rue Becquerel',
        '48.6056188',
        '7.716506'
    ),
    (
        75,
        8,
        '69 Avenue Molière',
        '48.5971794128418',
        '7.7034478187561035'
    ),
    (
        76,
        8,
        '58 Allee des Comtes',
        '48.58184814453125',
        '7.715016841888428'
    ),
    (
        77,
        8,
        '17 Route des Romains',
        '48.579864501953125',
        '7.71773624420166'
    ),
    (
        78,
        8,
        '1 Rue des Bosquets',
        '48.59376907348633',
        '7.775792598724365'
    ),
    (
        79,
        8,
        'Chemin Raltauweg',
        '48.520149',
        '7.773448'
    ),
    (
        80,
        8,
        'Rue de la Montagne Verte',
        '48.57830810546875',
        '7.716933250427246'
    ),
    (
        81,
        9,
        '52 Rue Chaudronnerie',
        '47.3228412',
        '5.044733'
    ),
    (
        82,
        9,
        '4 Rue des Francs-Bourgeois',
        '47.3167',
        '5.0167'
    ),
    (83, 9, '81 Rue Monge', '47.3178991', '5.0324247'),
    (
        84,
        9,
        '48 Avenue Garibaldi',
        '47.3272906',
        '5.0440872'
    ),
    (
        85,
        9,
        '1 Rue Pontus de Tyard',
        '47.3213624',
        '5.0608291'
    ),
    (
        86,
        9,
        '1 Rue de la Gare',
        '47.393933',
        '5.105996'
    ),
    (
        87,
        9,
        '13 Rue Sainte-Claire Déville',
        '47.329202',
        '5.063443'
    ),
    (
        88,
        9,
        '19 Rue la Fontaine',
        '47.3346812',
        '5.0529207'
    ),
    (89, 9, '9 Rue Racine', '47.3365384', '5.0509424'),
    (
        90,
        9,
        '28 Rue Gustave Flaubert',
        '47.348308',
        '5.053014'
    ),
    (91, 10, '9 Rue de Condé', '48.8044', '2.1232'),
    (
        92,
        10,
        '69 Rue Jean de la Fontaine',
        '48.80210',
        '2.12667'
    ),
    (
        93,
        10,
        '50 Avenue Fourcault de Pavant',
        '48.8014',
        '2.1301'
    ),
    (
        94,
        10,
        '6 Avenue du Général Mangin Bis',
        '48.801407',
        '2.130122'
    ),
    (
        95,
        10,
        '28 Rue des Missionnaires Bis',
        '48.808193',
        '2.12667'
    ),
    (
        96,
        10,
        '2 Rue de Beauvau',
        '48.80916100756192',
        '2.1431494921875194'
    ),
    (
        97,
        10,
        '32 Rue Berthier',
        '48.78593073717996',
        '2.0514823168945506'
    ),
    (
        98,
        10,
        '70 Rue de la Paroisse',
        '48.81726468808228',
        '1.9138098925781444'
    ),
    (
        99,
        10,
        '2 Place Charost',
        '48.8528996747362',
        '2.1572257250976756'
    ),
    (
        100,
        10,
        '6 Rue des Tournelles',
        '48.72606461356287',
        '2.206369865265878'
    ),
    (
        101,
        1,
        '87 Avenue De Flandre',
        '48.889514',
        '2.374853'
    ),
    (
        102,
        1,
        '5 Rue Du Cinema',
        '48.86246871948242',
        '2.34435772895813'
    ),
    (
        103,
        3,
        '1 Place Ernest Delibes',
        '43.2792603',
        '5.383037'
    ),
    (
        104,
        11,
        '80 Rue Carnot',
        '45.9046164',
        '6.1243874'
    ),
    (
        105,
        2,
        '8 Place De La Croix-Rousse',
        '45.77547073364258',
        '4.832322597503662'
    ),
    (
        106,
        11,
        '5 Rue De LIndustrie',
        '45.90140151977539',
        '6.120307445526123'
    ),
    (
        107,
        4,
        '57 Rue Du Château DEau',
        '44.8390007019043',
        '-0.5834754705429077'
    ),
    (
        108,
        11,
        '27 Chemin des Mousserons',
        '45.88174397288185',
        '6.108511724267447'
    ),
    (
        109,
        3,
        '11 Avenue de St.''Antoine',
        '43.2995719909668',
        '5.36991024017334'
    ),
    (
        110,
        5,
        '39 Avenue Georges Clemenceau',
        '43.70184326171875',
        '7.260761260986328'
    ),
    (
        111,
        11,
        '3bis Avenue De Chevêne',
        '45.900943756103516',
        '6.118280410766602'
    ),
    (
        112,
        6,
        '3 Rue Léon Maître',
        '47.214046478271484',
        '-1.5532010793685913'
    ),
    (
        113,
        7,
        '5 Boulevard De L''Observatoire',
        '43.6065299',
        '3.8766113'
    ),
    (
        114,
        7,
        '7 Rue De La Loge',
        '43.4265643',
        '3.606081'
    ),
    (
        115,
        9,
        '65 Rue du Bourg',
        '47.3202942',
        '5.0390389'
    ),
    (
        116,
        10,
        '76 Rue de la Paroisse',
        '48.8061759',
        '2.1332724'
    ),
    (
        117,
        10,
        '7 Rue de Montreuil',
        '48.8053751',
        '2.1425404'
    ),
    (
        118,
        11,
        '52 Rue Du Pont',
        '45.910986',
        '6.160169'
    ),
    (
        119,
        1,
        '19 Rue Claude Debussy',
        '48.91395933796959',
        '2.6018253529253776'
    ),
    (
        120,
        8,
        'Rue Des Chevaliers',
        '48.5129965',
        '7.6441155'
    ),
    (
        121,
        11,
        '20 Rue de la République',
        '45.747577',
        '6.2913663'
    ),
    (
        122,
        11,
        '9 Rue de l''Arc en ciel',
        '45.9193293',
        '6.1546728'
    ),
    (
        123,
        11,
        '6 Avenue du Rhône',
        '45.8991359',
        '6.1179012'
    ),
    (
        124,
        11,
        'Rue de la gare',
        '45.9380413',
        '6.1244751'
    ),
    (
        125,
        11,
        'Rue des chasseurs',
        '45.90568',
        '6.1625478'
    ),
    (
        126,
        11,
        '10 Place de la Concorde',
        '45.9',
        '6.11667'
    ),
    (
        127,
        11,
        'Rue Sommeiller',
        '45.902013',
        '6.1242195'
    ),
    (
        128,
        11,
        '2 Rue Jacqueline Auriol',
        '45.9231236',
        '6.1319477'
    ),
    (
        129,
        11,
        '16 Rue de Lachat',
        '45.922877',
        '6.1470855'
    ),
    (
        130,
        11,
        'Avenue Montaigne',
        '45.8871761',
        '6.1093773'
    ),
    (
        131,
        12,
        '10 Boulevard Lascrosses',
        '43.6113498',
        '1.4373136'
    ),
    (
        132,
        12,
        '74 Avenue Jules Julien',
        '43.577435',
        '1.4507872'
    ),
    (
        133,
        13,
        '216 Avenue De Dunkerque',
        '50.6361299',
        '3.0270291'
    ),
    (
        134,
        13,
        '8 Place Louise De Bettignies',
        '50.6589691',
        '3.0110728'
    ),
    (
        135,
        14,
        'Place Georges Bernanos',
        '48.1238874',
        '-1.6607086'
    ),
    (
        136,
        14,
        '18 Rue De Bertrand',
        '48.1136312',
        '-1.6776571'
    ),
    (
        137,
        15,
        '22 Rue Casimir Perrier',
        '49.4938',
        '0.10767'
    ),
    (
        138,
        15,
        '65 Avenue René Coty',
        '49.4976415',
        '0.1135947'
    ),
    (
        139,
        16,
        '7 Rue Du Dr Jacquin',
        '49.25',
        '4.03333'
    ),
    (
        140,
        16,
        '49 Boulevard Du Général Leclerc',
        '49.2561123',
        '4.0242309'
    ),
    (
        141,
        17,
        '5 Rue Du Grand Moulin',
        '45.4377374',
        '4.3890533'
    ),
    (
        142,
        17,
        '40 Rue Etienne Mimard',
        '45.4391356',
        '4.3975515'
    ),
    (
        143,
        18,
        '48 Rue Du Port',
        '48.0028246',
        '0.1935895'
    ),
    (
        144,
        18,
        '2 Place de la République',
        '48.0041261',
        '0.1964694'
    ),
    (
        145,
        19,
        '4 Rue de la Cathédrale',
        '49.888835',
        '2.262583'
    ),
    (
        146,
        19,
        '5 Rue des Trois Cailloux',
        '49.8929342',
        '2.2984547'
    ),
    (
        147,
        20,
        '22 Rue de Siam',
        '48.3857886',
        '-4.4921907'
    ),
    (
        148,
        20,
        '3 Rue Jean Jaurès',
        '48.3910213',
        '-4.4845861'
    ),
    (
        149,
        21,
        '30 Avenue de l’Opéra',
        '45.75218',
        '3.159781'
    ),
    (
        150,
        21,
        '19 Rue de l’Horloge',
        '45.8308894',
        '3.100443'
    ),
    (
        151,
        22,
        '24 Rue de la République',
        '43.1352866',
        '5.8469061'
    ),
    (
        152,
        22,
        '7 Place Puget',
        '43.1231942',
        '5.9325689'
    ),
    (
        153,
        23,
        '9 Rue d’Alsace',
        '47.470357',
        '-0.550383'
    ),
    (
        154,
        23,
        '17 Boulevard Foch',
        '47.4683445',
        '-0.5501981'
    ),
    (
        155,
        24,
        '3 Rue de la Madeleine',
        '43.8382174',
        '4.3592212'
    ),
    (
        156,
        24,
        '10 Avenue Jean Jaurès',
        '43.8373505',
        '4.349862'
    ),
    (
        157,
        25,
        '5 Rue des Halles',
        '47.3937987',
        '0.6865633'
    ),
    (
        158,
        25,
        '28 Rue de la Préfecture',
        '47.3928338',
        '0.6902239'
    ),
    (
        159,
        26,
        '20 Place Saint-Sauveur',
        '49.1830405',
        '-0.36901'
    ),
    (
        160,
        26,
        '12 Rue des Fossés du Château',
        '49.1879486',
        '-0.3612023'
    ),
    (
        161,
        27,
        '25 Rue Jean Jaurès',
        '47.996433',
        '2.7167633'
    ),
    (
        162,
        27,
        '7 Rue de la République',
        '47.9889854',
        '2.441909'
    ),
    (
        163,
        28,
        '13 Boulevard Saint-Assiscle',
        '42.6923486',
        '2.8799172'
    ),
    (
        164,
        28,
        '20 Rue des Albères',
        '42.6329343',
        '2.9158284'
    ),
    (
        165,
        29,
        '4 Rue de la République',
        '45.456355',
        '6.117554'
    ),
    (
        166,
        29,
        '12 Place du Palais de Justice',
        '45.5682578',
        '5.9190717'
    ),
    (
        167,
        30,
        '5 Rue des Marchands',
        '48.0775164',
        '7.3569298'
    ),
    (
        168,
        30,
        '9 Rue de la Poissonnerie',
        '48.0740363',
        '7.3582849'
    ),
    (
        169,
        31,
        '1 Rue des Halles',
        '47.6613082',
        '-2.4536156'
    ),
    (
        170,
        31,
        '20 Avenue des Sables d’Or',
        '47.66667',
        '-2.75'
    ),
    (
        171,
        32,
        '10 Rue des Cordeliers',
        '43.5295795',
        '5.4442618'
    ),
    (
        172,
        32,
        '22 Boulevard du Roi René',
        '43.5239543',
        '5.4488874'
    ),
    (
        173,
        33,
        '5 Rue de la Poste',
        '43.4812748',
        '-1.5602981'
    ),
    (
        174,
        33,
        '12 Place Georges Clémenceau',
        '43.4820608',
        '-1.5604294'
    ),
    (
        175,
        34,
        '2 Avenue Rhin Et Danube',
        '45.1794655',
        '5.7048838'
    ),
    (
        176,
        34,
        '25 Avenue de Verdun',
        '45.169135',
        '5.734668'
    ),
    (
        177,
        35,
        '17 Rue Jeanne d’Arc',
        '47.9014625',
        '1.9066784'
    ),
    (
        178,
        35,
        '3 Rue de la République',
        '47.9031807',
        '1.9039171'
    ),
    (
        179,
        36,
        '8 Rue des Teinturiers',
        '43.945663',
        '4.812468'
    ),
    (
        180,
        36,
        '10 Place de l’Horloge',
        '43.948912',
        '4.806218'
    ),
    (
        181,
        37,
        '5 Rue Saint-Jean',
        '48.6906127',
        '6.1822209'
    ),
    (
        182,
        37,
        '23 Rue de la Commanderie',
        '48.6869871',
        '6.172324'
    ),
    (
        183,
        38,
        '11 Rue de la Fraternité',
        '47.6798967',
        '-3.011043'
    ),
    (
        184,
        38,
        '2 Place de la Mairie',
        '47.9155114',
        '-3.3350878'
    ),
    (
        185,
        39,
        '3 Rue des Dames',
        '46.1602657',
        '-1.149386'
    ),
    (
        186,
        39,
        '9 Quai Valin',
        '46.1578049',
        '-1.1503317'
    ),
    (
        187,
        40,
        '1 Place des Poissonniers',
        '43.4028',
        '3.69278'
    ),
    (
        188,
        40,
        '14 Quai de la Résistance',
        '43.4028305',
        '3.6969583'
    ),
    (
        189,
        15,
        '93 Rue D''Etretat',
        ' 49.49787139892578',
        '0.0963154211640358'
    ),
    (
        190,
        15,
        '65 Rue Bernardin de Saint-Pierre',
        '49.49128341674805',
        '0.1052306666970253'
    ),
    (
        191,
        34,
        '7 Place Gustave Rivet',
        '45.181682',
        '5.728126'
    ),
    (
        192,
        34,
        '36 Avenue Alsace Lorraine',
        '45.18943786621094',
        '5.720033645629883'
    ),
    (
        193,
        34,
        '25 Cours Jourdan',
        '45.188326',
        '5.719524'
    ),
    (
        194,
        2,
        '17 Rue Neuve',
        ' 45.7584635',
        '5.0575184'
    ),
    (
        195,
        2,
        '16 Rue Villeroy',
        ' 45.7570814',
        '4.8439279'
    ),
    (
        196,
        2,
        '251 Route de Vienne',
        '45.7284101',
        '4.8538956'
    ),
    (
        197,
        2,
        '25 Quai Victor Augagneur',
        '45.7149071',
        '4.8028497'
    ),
    (
        198,
        2,
        '25 Rue Chevreul',
        ' 45.7637508',
        '4.8991615'
    );
INSERT INTO CATEGORIE_PRODUIT (IDCATEGORIE, NOMCATEGORIE)
VALUES (1, 'Alimentation générale'),
    (2, 'Fruits, Légumes et Produits frais'),
    (3, 'Viandes, Poissons et Charcuterie'),
    (4, 'Produits laitiers et Fromages'),
    (5, 'Pâtisseries, Desserts et Glaces'),
    (6, 'Épicerie (salée et sucrée)'),
    (7, 'Plats préparés et Surgelés'),
    (8, 'Snacks, Apéritifs et Confiseries'),
    (9, 'Céréales, Pâtes et Conserves'),
    (10, 'Sauces, Condiments et Épices'),
    (
        11,
        'Boissons (alcoolisées et non alcoolisées)'
    ),
    (
        12,
        'Produits bio et Spécifiques (sans gluten, sans lactose)'
    ),
    (13, 'Hygiène, Beauté et Entretien'),
    (14, 'Produits pour bébés et enfants'),
    (15, 'Produits pour animaux'),
    (16, 'Produits locaux et de luxe'),
    (
        17,
        'Produits pour fêtes et occasions spéciales'
    ),
    (
        18,
        'Accessoires et Articles divers (papeterie, cuisine)'
    ),
    (
        19,
        'Produits végétariens et végétaliens'
    ),
    (20, 'Compléments alimentaires et Sport');
INSERT INTO PRODUIT (
        IDPRODUIT,
        NOMPRODUIT,
        PRIXPRODUIT,
        IMAGEPRODUIT,
        DESCRIPTION
    )
VALUES (
        1,
        'BIG MAC™',
        14.50,
        'https://tb-static.uber.com/prod/image-proc/processed_images/187f0969e27fd45fb5e70a302aa6ccd6/5143f1e218c67c20fe5a4cd33d90b07b.jpeg',
        'Pizza classique avec tomate, mozzarella et basilic frais'
    ),
    (
        2,
        'P''TIT WRAP RANCH',
        3.80,
        'https://tb-static.uber.com/prod/image-proc/processed_images/211f0fb68762b32b5baf490fef00bba3/5143f1e218c67c20fe5a4cd33d90b07b.jpeg',
        'Pâtes avec une sauce crémeuse au lard et parmesan'
    ),
    (
        3,
        'CHEESEBURGER',
        3.95,
        'https://tb-static.uber.com/prod/image-proc/processed_images/4c2baf71a483ac6bf90fe57309159566/5143f1e218c67c20fe5a4cd33d90b07b.jpeg',
        'Burger avec du fromage cheddar fondu, laitue et tomate'
    ),
    (
        4,
        'McFLURRY™ SAVEUR VANILLE',
        5.90,
        'https://tb-static.uber.com/prod/image-proc/processed_images/d00bfd22b007f99cc299f5e0acb8284f/5143f1e218c67c20fe5a4cd33d90b07b.jpeg',
        'Salade verte avec du poulet grillé, croutons et sauce César'
    ),
    (
        5,
        'Waffine à composer',
        5.60,
        'https://tb-static.uber.com/prod/image-proc/processed_images/60b5defd7ce81e7e4594406b1bbeb533/5143f1e218c67c20fe5a4cd33d90b07b.jpeg',
        'Spaghetti accompagnés d une sauce à la viande épicée'
    ),
    (
        6,
        'Menu Complet',
        15.50,
        'https://tb-static.uber.com/prod/image-proc/processed_images/fe706ef5f42b6630ce697439389633b5/5143f1e218c67c20fe5a4cd33d90b07b.jpeg',
        'Dessert italien à base de café, mascarpone et cacao'
    ),
    (
        7,
        'Tropico Tropical',
        3.80,
        'https://tb-static.uber.com/prod/image-proc/processed_images/80421cc360d5895fc62ddda20a908c1e/5143f1e218c67c20fe5a4cd33d90b07b.jpeg',
        'Gâteau fondant au chocolat avec un cœur coulant'
    ),
    (
        8,
        'Supplément Chocolat Blanc',
        1.10,
        'https://tb-static.uber.com/prod/image-proc/processed_images/5eaff7fba1662e5abe050186d80ee358/5143f1e218c67c20fe5a4cd33d90b07b.jpeg',
        'Café latte avec du lait mousseux et une touche de sucre'
    ),
    (
        9,
        'Menu sandwich froid',
        10.90,
        'https://tb-static.uber.com/prod/image-proc/processed_images/a66f63bc26d4a10caaf715ad81c3245c/5954bcb006b10dbfd0bc160f6370faf3.jpeg',
        'Assortiment de rouleaux de sushi avec poisson frais et légumes'
    ),
    (
        10,
        'La salade PAUL',
        8.80,
        'https://tb-static.uber.com/prod/image-proc/processed_images/1ab11b6a052383b311a05cce8d3b1090/a19bb09692310dfd41e49a96c424b3a6.jpeg',
        'Poulet rôti avec des herbes et légumes de saison'
    ),
    (
        11,
        'La part de pizza provençale',
        6.00,
        'https://tb-static.uber.com/prod/image-proc/processed_images/0497c9f6af91be7a7efa0eeb8a7f0160/a19bb09692310dfd41e49a96c424b3a6.jpeg',
        'Tacos avec viande, légumes et sauce épicée'
    ),
    (
        12,
        'Le pain nordique 300g',
        4.50,
        'https://tb-static.uber.com/prod/image-proc/processed_images/f9daf45bba1c9b5edaabac3a895251aa/a19bb09692310dfd41e49a96c424b3a6.jpeg',
        'Ravioli farcis aux champignons et sauce crémeuse'
    ),
    (
        13,
        'Empanada carne',
        3.90,
        'https://tb-static.uber.com/prod/image-proc/processed_images/7f5ea07b946ef58e7b8c0ba245d3c195/7f4ae9ca0446cbc23e71d8d395a98428.jpeg',
        'Crêpes garnies de Nutella et de bananes fraîches'
    ),
    (
        14,
        'Empanada jamon y queso',
        3.90,
        'https://tb-static.uber.com/prod/image-proc/processed_images/b67188ae5e5fdd83dc84edc88799f3aa/7f4ae9ca0446cbc23e71d8d395a98428.jpeg',
        'Crème dessert à la vanille servie avec un coulis de fruits rouges'
    ),
    (
        15,
        'Kombucha mate',
        6.00,
        'https://tb-static.uber.com/prod/image-proc/processed_images/1821d8c777baa704713db996835c53ac/7f4ae9ca0446cbc23e71d8d395a98428.jpeg',
        'Tartare de saumon frais, avocat et citron'
    ),
    (
        16,
        'Fuzetea',
        3.00,
        'https://tb-static.uber.com/prod/image-proc/processed_images/65aeec1897aadd2f4aad333c123d21ca/7f4ae9ca0446cbc23e71d8d395a98428.jpeg',
        'Pâtisserie légère et beurrée, parfaite pour le petit-déjeuner'
    ),
    (
        17,
        '2 MENUS + 2 EXTRAS',
        24.90,
        'https://tb-static.uber.com/prod/image-proc/processed_images/b442c5f045ac1003dfa0955d57a3f5f8/5954bcb006b10dbfd0bc160f6370faf3.jpeg',
        'Baguette française croustillante, idéale pour accompagner vos repas'
    ),
    (
        18,
        '3 MENUS + 3 EXTRAS',
        31.90,
        'https://tb-static.uber.com/prod/image-proc/processed_images/7984c960f6c32300353e68c2b64c8afb/5954bcb006b10dbfd0bc160f6370faf3.jpeg',
        'Boules de pois chiches épicées, servies avec du pain pita'
    ),
    (
        19,
        'KINGBOX 10 King Nuggets® + 10 Chili Cheese',
        11.70,
        'https://tb-static.uber.com/prod/image-proc/processed_images/0c5a593f78e02d00f3edd7a43921cdd4/5143f1e218c67c20fe5a4cd33d90b07b.jpeg',
        'Plat espagnol à base de riz, fruits de mer et légumes'
    ),
    (
        20,
        'Veggie Chicken Louisiane Steakhouse',
        11.10,
        'https://tb-static.uber.com/prod/image-proc/processed_images/a80c346a4df799f7011edf6080b9ab4f/5143f1e218c67c20fe5a4cd33d90b07b.jpeg',
        'Burger avec du fromage bleu, oignons caramélisés et sauce maison'
    ),
    (
        21,
        'Chicken M',
        11.10,
        'https://tb-static.uber.com/prod/image-proc/processed_images/89da09264832798a80dd0edea34585b5/a19bb09692310dfd41e49a96c424b3a6.jpeg',
        'Pizza avec du pepperoni, tomate et mozzarella'
    ),
    (
        22,
        'Rustic',
        12.90,
        'https://tb-static.uber.com/prod/image-proc/processed_images/02a2ae4683161602e5aaaabd38c75cca/a19bb09692310dfd41e49a96c424b3a6.jpeg',
        'Lasagne avec sauce bolognese, viande et béchamel'
    ),
    (
        23,
        'Cordon Bleu',
        15.90,
        'https://tb-static.uber.com/prod/image-proc/processed_images/dbc21188817723938eb6b73a82313a6d/a19bb09692310dfd41e49a96c424b3a6.jpeg',
        'Boisson chaude à base de chocolat fondu et lait crémeux'
    ),
    (
        24,
        'Camembert Bites',
        5.90,
        'https://tb-static.uber.com/prod/image-proc/processed_images/47f7c16188a930e67364e79de8e0c0e5/a19bb09692310dfd41e49a96c424b3a6.jpeg',
        'Soupe froide à base de tomates, poivrons et concombres'
    ),
    (
        25,
        'Menu West Coast',
        16.90,
        'https://tb-static.uber.com/prod/image-proc/processed_images/dab35dc563cbcd50e95518268ca151f2/5143f1e218c67c20fe5a4cd33d90b07b.jpeg',
        'Dessert léger et aérien au chocolat noir'
    ),
    (
        26,
        'Mozzarella Sticks',
        3.90,
        'https://tb-static.uber.com/prod/image-proc/processed_images/3b6d8a07677b2afc6712b2bc665c6e7f/a19bb09692310dfd41e49a96c424b3a6.jpeg',
        'Steak grillé accompagné de frites croustillantes'
    ),
    (
        27,
        'Menu KO Burger',
        15.90,
        'https://tb-static.uber.com/prod/image-proc/processed_images/aa8aa7de050c2d0c6f123e6be9fa6161/5143f1e218c67c20fe5a4cd33d90b07b.jpeg',
        'Risotto crémeux avec des champignons frais'
    ),
    (
        28,
        'Mexico',
        14.90,
        'https://tb-static.uber.com/prod/image-proc/processed_images/ca94f98a5e134e355245065a275c2340/5143f1e218c67c20fe5a4cd33d90b07b.jpeg',
        'Délicat biscuit meringué fourré de ganache parfumée'
    ),
    (
        29,
        'Frites XL',
        5.00,
        'https://tb-static.uber.com/prod/image-proc/processed_images/f5f24d75d579ddbf2e54e93fd8d35247/a19bb09692310dfd41e49a96c424b3a6.jpeg',
        'Rouleaux de maki garnis de saumon frais et légumes'
    ),
    (
        30,
        'Chicken XL',
        12.90,
        'https://tb-static.uber.com/prod/image-proc/processed_images/89da09264832798a80dd0edea34585b5/a19bb09692310dfd41e49a96c424b3a6.jpeg',
        'Soupe savoureuse à base d’oignons caramélisés et gratinée de fromage'
    ),
    (
        31,
        'Tiramisu Nutella Spéculos',
        4.90,
        'https://tb-static.uber.com/prod/image-proc/processed_images/3aaafb7b062923a04ef0ba83ee7e2fd4/a19bb09692310dfd41e49a96c424b3a6.jpeg',
        'Mélange de légumes sautés au wok avec sauce soja'
    ),
    (
        32,
        'Farmer',
        12.90,
        'https://tb-static.uber.com/prod/image-proc/processed_images/2a371e731b10487a219a717773edeee2/a19bb09692310dfd41e49a96c424b3a6.jpeg',
        'Burger végétarien avec galette de légumes et sauce mayo maison'
    ),
    (
        33,
        'Nettoyant vitres',
        2.21,
        'https://tb-static.uber.com/prod/image-proc/processed_images/b6afbbfc3c5c6447a0d6e437567159d3/957777de4e8d7439bef56daddbfae227.jpeg',
        'Salade composée de thon, œufs, tomates et olives'
    ),
    (
        34,
        'Papier toilette',
        4.00,
        'https://tb-static.uber.com/prod/image-proc/processed_images/54290cec7e96e73a88ecf97d5a32c4a4/0e5313be7a8831b8ed60f8dab3c2df10.jpeg',
        'Crêpes flambées avec une sauce à l’orange et au Grand Marnier'
    ),
    (
        35,
        'Kiri',
        2.77,
        'https://tb-static.uber.com/prod/image-proc/processed_images/90b7a5e4812f845a9d8f131052dda3b7/0e5313be7a8831b8ed60f8dab3c2df10.jpeg',
        'Tarte aux pommes caramélisées, servie chaude'
    ),
    (
        36,
        'Viande hachée pur bœuf',
        6.63,
        'https://tb-static.uber.com/prod/image-proc/processed_images/53f823882f73d9ec73513c4930a13ae0/957777de4e8d7439bef56daddbfae227.jpeg',
        'Poulet dans une sauce au curry doux et noix de cajou'
    ),
    (
        37,
        'Brioche Pasquier',
        2.41,
        'https://tb-static.uber.com/prod/image-proc/processed_images/193aeef2bac1aa55636feb9bad10584d/957777de4e8d7439bef56daddbfae227.jpeg',
        'Pizza avec jambon, champignons, artichauts et olives'
    ),
    (
        38,
        'Le Cordon Bleu',
        7.63,
        'https://tb-static.uber.com/prod/image-proc/processed_images/5b0b83c1202bf16f533886399945ac73/a19bb09692310dfd41e49a96c424b3a6.jpeg',
        'Paella avec des légumes de saison et riz parfumé'
    ),
    (
        39,
        'Le Western',
        11.90,
        'https://tb-static.uber.com/prod/image-proc/processed_images/b14503a31169e0a453d4c65fbebcdb80/a19bb09692310dfd41e49a96c424b3a6.jpeg',
        'Tartare de thon frais accompagné de légumes et d’avocat'
    ),
    (
        40,
        'Wings',
        5.90,
        'https://tb-static.uber.com/prod/image-proc/processed_images/b0ce32b34888a8d04607bb2a42e6fefb/5143f1e218c67c20fe5a4cd33d90b07b.jpeg',
        'Beignets sucrés frits, servis avec du chocolat chaud'
    ),
    (
        41,
        'Sauce Harissa',
        0.50,
        'https://cn-geo1.uber.com/image-proc/resize/eats/format=webp/width=550/height=440/quality=70/srcb64=aHR0cHM6Ly90Yi1zdGF0aWMudWJlci5jb20vcHJvZC9pbWFnZS1wcm9jL3Byb2Nlc3NlZF9pbWFnZXMvYzM0YWJhYjc5OWEzMmZhNWU1ZWJiZDhkNmFkZjJiNTYvNTE0M2YxZTIxOGM2N2MyMGZlNWE0Y2QzM2Q5MGIwN2IuanBlZw==',
        'Poulet cuit dans une sauce crémeuse au curry et lait de coco'
    ),
    (
        42,
        'Bao Poulet croustillant',
        8.90,
        'https://cn-geo1.uber.com/image-proc/resize/eats/format=webp/width=550/height=440/quality=70/srcb64=aHR0cHM6Ly90Yi1zdGF0aWMudWJlci5jb20vcHJvZC9pbWFnZS1wcm9jL3Byb2Nlc3NlZF9pbWFnZXMvNTA3Y2I2YTJjN2I0OGNhNTcyYmJkYzU0YWZlODE3OTkvYTE5YmIwOTY5MjMxMGRmZDQxZTQ5YTk2YzQyNGIzYTYuanBlZw==',
        'Riz basmati parfumé cuit avec des épices et des légumes'
    ),
    (
        43,
        'Menu Poké & Boisson',
        17.50,
        'https://cn-geo1.uber.com/image-proc/resize/eats/format=webp/width=550/height=440/quality=70/srcb64=aHR0cHM6Ly90Yi1zdGF0aWMudWJlci5jb20vcHJvZC9pbWFnZS1wcm9jL3Byb2Nlc3NlZF9pbWFnZXMvYjI1NmI0ODdmYzYwYmFkYjFkOTg3MmYyZjdmNDRlNjgvN2Y0YWU5Y2EwNDQ2Y2JjMjNlNzFkOGQzOTVhOTg0MjguanBlZw==',
        'Pizza avec jambon, ananas, tomate et mozzarella'
    ),
    (
        44,
        'Bobun boeuf',
        13.50,
        'https://cn-geo1.uber.com/image-proc/resize/eats/format=webp/width=550/height=440/quality=70/srcb64=aHR0cHM6Ly90Yi1zdGF0aWMudWJlci5jb20vcHJvZC9pbWFnZS1wcm9jL3Byb2Nlc3NlZF9pbWFnZXMvY2Q3NTc3MjAyYmY0YTBlN2ViYzRhMWEzODUxMGQ4YTIvYTE5YmIwOTY5MjMxMGRmZDQxZTQ5YTk2YzQyNGIzYTYuanBlZw==',
        'Gâteau crémeux au fromage avec une base biscuitée'
    ),
    (
        45,
        'Beignets de crevettes tempura',
        7.60,
        'https://cn-geo1.uber.com/image-proc/resize/eats/format=webp/width=550/height=440/quality=70/srcb64=aHR0cHM6Ly90Yi1zdGF0aWMudWJlci5jb20vcHJvZC9pbWFnZS1wcm9jL3Byb2Nlc3NlZF9pbWFnZXMvOGYxYjU3Mjg5ODczZTBhZDhjZjQ4NWE1NTBlZWMwN2MvYTE5YmIwOTY5MjMxMGRmZDQxZTQ5YTk2YzQyNGIzYTYuanBlZw==',
        'Moules cuites dans un bouillon de vin blanc, ail et persil'
    ),
    (
        46,
        'PLAT + BOISSON CLASSIQUE',
        16.90,
        'https://cn-geo1.uber.com/image-proc/resize/eats/format=webp/width=550/height=440/quality=70/srcb64=aHR0cHM6Ly90Yi1zdGF0aWMudWJlci5jb20vcHJvZC9pbWFnZS1wcm9jL3Byb2Nlc3NlZF9pbWFnZXMvYTFmNjUzYzJhOTIxYmUxZTYyOTZkZDY3MTY2ODE3MzAvYTE5YmIwOTY5MjMxMGRmZDQxZTQ5YTk2YzQyNGIzYTYuanBlZw==',
        'Mélange de légumes épicés cuits dans une sauce au curry'
    ),
    (
        47,
        'CRUNCHY THAÏ BOX',
        13.50,
        'https://cn-geo1.uber.com/image-proc/resize/eats/format=webp/width=550/height=440/quality=70/srcb64=aHR0cHM6Ly90Yi1zdGF0aWMudWJlci5jb20vcHJvZC9pbWFnZS1wcm9jL3Byb2Nlc3NlZF9pbWFnZXMvMmYzY2RhZjIwZWRlMTdjMjdiZTUxNjMxMjg4ZmQ4MmQvYTE5YmIwOTY5MjMxMGRmZDQxZTQ5YTk2YzQyNGIzYTYuanBlZw==',
        'Soupe de ramen avec du porc, œuf et légumes'
    ),
    (
        48,
        'CHICKEN ou BEEF THAI',
        15.50,
        'https://cn-geo1.uber.com/image-proc/resize/eats/format=webp/width=550/height=440/quality=70/srcb64=aHR0cHM6Ly90Yi1zdGF0aWMudWJlci5jb20vcHJvZC9pbWFnZS1wcm9jL3Byb2Nlc3NlZF9pbWFnZXMvMDY2NTVjOTkxZDgzNzQxYzU1ZmE0YzAzZWJlM2FmNGIvNTE0M2YxZTIxOGM2N2MyMGZlNWE0Y2QzM2Q5MGIwN2IuanBlZw==',
        'Viande en pâte feuilletée servie avec une salade verte'
    ),
    (
        49,
        'Le Cook Mie extra',
        13.80,
        'https://cn-geo1.uber.com/image-proc/resize/eats/format=webp/width=550/height=440/quality=70/srcb64=aHR0cHM6Ly90Yi1zdGF0aWMudWJlci5jb20vcHJvZC9pbWFnZS1wcm9jL3Byb2Nlc3NlZF9pbWFnZXMvNTJiZmZkZTRjZjkwYWQ2N2MyZDFhZTFiM2Y3YjA3NmUvYTE5YmIwOTY5MjMxMGRmZDQxZTQ5YTk2YzQyNGIzYTYuanBlZw==',
        'Boeuf braisé dans une sauce au vin rouge avec des légumes'
    ),
    (
        50,
        'Le Cook Mie Bistro',
        12.30,
        'https://cn-geo1.uber.com/image-proc/resize/eats/format=webp/width=550/height=440/quality=70/srcb64=aHR0cHM6Ly90Yi1zdGF0aWMudWJlci5jb20vcHJvZC9pbWFnZS1wcm9jL3Byb2Nlc3NlZF9pbWFnZXMvYjJmZDBiMTFlOWI3ZDkzYjQxOGU2OGU1N2RlNTI3MmEvYTE5YmIwOTY5MjMxMGRmZDQxZTQ5YTk2YzQyNGIzYTYuanBlZw==',
        'Gâteau moelleux aux fruits frais de saison'
    ),
    (
        51,
        '3 Cookies Caramel achetés le 4ème offert',
        6.75,
        'https://cn-geo1.uber.com/image-proc/resize/eats/format=webp/width=550/height=440/quality=70/srcb64=aHR0cHM6Ly90Yi1zdGF0aWMudWJlci5jb20vcHJvZC9pbWFnZS1wcm9jL3Byb2Nlc3NlZF9pbWFnZXMvZjA5ZTNlOGE0M2Q0Y2FkZDMxZDBjYTg5ZmM1Zjk1OTYvYTE5YmIwOTY5MjMxMGRmZDQxZTQ5YTk2YzQyNGIzYTYuanBlZw==',
        'Tartare de bœuf frais, accompagné de frites et sauce à part'
    ),
    (
        52,
        'Cookiz duo de choc',
        2.25,
        'https://cn-geo1.uber.com/image-proc/resize/eats/format=webp/width=550/height=440/quality=70/srcb64=aHR0cHM6Ly90Yi1zdGF0aWMudWJlci5jb20vcHJvZC9pbWFnZS1wcm9jL3Byb2Nlc3NlZF9pbWFnZXMvYTQ0OGYyZjE5MGJlMWUwZWQwMTZjYzBhNmUzN2Y3ZWUvZjBkMTc2MmI5MWZkODIzYTFhYTliZDBkYWI1YzY0OGQuanBlZw==',
        'Crevettes sautées à l’ail et au persil, servies avec du pain grillé'
    ),
    (
        53,
        'MENU AUTHENTIQUE THON CRUDITÉS',
        11.10,
        'https://cn-geo1.uber.com/image-proc/resize/eats/format=webp/width=550/height=440/quality=70/srcb64=aHR0cHM6Ly90Yi1zdGF0aWMudWJlci5jb20vcHJvZC9pbWFnZS1wcm9jL3Byb2Nlc3NlZF9pbWFnZXMvZGQ1MjZiZGUzOGJkZjVlMDgzNDQyNGUyMjViMTBjNWUvNTE0M2YxZTIxOGM2N2MyMGZlNWE0Y2QzM2Q5MGIwN2IuanBlZw==',
        'Omelette italienne aux légumes et herbes fraîches'
    ),
    (
        54,
        'TOASTÉ POULET CURRY',
        7.20,
        'https://cn-geo1.uber.com/image-proc/resize/eats/format=webp/width=550/height=440/quality=70/srcb64=aHR0cHM6Ly90Yi1zdGF0aWMudWJlci5jb20vcHJvZC9pbWFnZS1wcm9jL3Byb2Nlc3NlZF9pbWFnZXMvOGFhMjUxZDM0NGZmZDMwMTFkZTA3NThjZmUzMWIyODUvNTE0M2YxZTIxOGM2N2MyMGZlNWE0Y2QzM2Q5MGIwN2IuanBlZw==',
        'Assortiment de makis avec poisson cru et légumes'
    ),
    (
        55,
        'Quiche Lorraine',
        5.90,
        'https://cn-geo1.uber.com/image-proc/resize/eats/format=webp/width=550/height=440/quality=70/srcb64=aHR0cHM6Ly90Yi1zdGF0aWMudWJlci5jb20vcHJvZC9pbWFnZS1wcm9jL3Byb2Nlc3NlZF9pbWFnZXMvNjcxYzQ3YjAyMmY2OWMwODNhZjc1OWYxM2ViMzJjZTcvNTE0M2YxZTIxOGM2N2MyMGZlNWE0Y2QzM2Q5MGIwN2IuanBlZw==',
        'Quiche avec lardons, crème fraîche et fromage'
    ),
    (
        56,
        'FUSETTE CITRON MERINGUÉE',
        4.20,
        'https://cn-geo1.uber.com/image-proc/resize/eats/format=webp/width=550/height=440/quality=70/srcb64=aHR0cHM6Ly90Yi1zdGF0aWMudWJlci5jb20vcHJvZC9pbWFnZS1wcm9jL3Byb2Nlc3NlZF9pbWFnZXMvNGE3Y2ZhZWI4MGU2MDI2ZjNjNTliY2NiMzRmOTc3N2YvNTE0M2YxZTIxOGM2N2MyMGZlNWE0Y2QzM2Q5MGIwN2IuanBlZw==',
        'Pizza repliée avec mozzarella, tomate et jambon'
    ),
    (
        57,
        'FROMAGE BLANC 0% FRUITS ET COULIS DE FRUITS',
        3.70,
        'https://cn-geo1.uber.com/image-proc/resize/eats/format=webp/width=550/height=440/quality=70/srcb64=aHR0cHM6Ly90Yi1zdGF0aWMudWJlci5jb20vcHJvZC9pbWFnZS1wcm9jL3Byb2Nlc3NlZF9pbWFnZXMvYjRhN2M4YmQ3YzE4NTRiZDczZDdjYjE4MWQ3MDcyNzQvNTE0M2YxZTIxOGM2N2MyMGZlNWE0Y2QzM2Q5MGIwN2IuanBlZw==',
        'Dessert crémeux à base de riz au lait et cannelle'
    ),
    (
        58,
        'ALLONGÉ',
        2.10,
        'https://cn-geo1.uber.com/image-proc/resize/eats/format=webp/width=550/height=440/quality=70/srcb64=aHR0cHM6Ly90Yi1zdGF0aWMudWJlci5jb20vcHJvZC9pbWFnZS1wcm9jL3Byb2Nlc3NlZF9pbWFnZXMvM2QxMGQxNjRhMjk5Mzc2MTdhMThiYTMxZTNmNTNlMmEvNTE0M2YxZTIxOGM2N2MyMGZlNWE0Y2QzM2Q5MGIwN2IuanBlZw==',
        'Mélange frais de fruits de saison'
    ),
    (
        59,
        'Jus de pomme',
        2.05,
        'https://cn-geo1.uber.com/image-proc/resize/eats/format=webp/width=550/height=440/quality=70/srcb64=aHR0cHM6Ly90Yi1zdGF0aWMudWJlci5jb20vcHJvZC9pbWFnZS1wcm9jL3Byb2Nlc3NlZF9pbWFnZXMvMjllYjZiNDEzNDAyMjI2NTliZDI3ODk1MmJjMmVlOTkvYTE5YmIwOTY5MjMxMGRmZDQxZTQ5YTk2YzQyNGIzYTYuanBlZw==',
        'Pizza garnie de saumon fumé, crème fraîche et aneth'
    ),
    (
        60,
        'Barre chocolatée',
        1.30,
        'https://cn-geo1.uber.com/image-proc/resize/eats/format=webp/width=550/height=440/quality=70/srcb64=aHR0cHM6Ly90Yi1zdGF0aWMudWJlci5jb20vcHJvZC9pbWFnZS1wcm9jL3Byb2Nlc3NlZF9pbWFnZXMvZTVlZWQwMGRkZjQxNjEyYmQ4NzQwOWZjNjljYzA0ZmEvYTE5YmIwOTY5MjMxMGRmZDQxZTQ5YTk2YzQyNGIzYTYuanBlZw==',
        'Soupe de poisson avec des légumes et du pain grillé'
    ),
    (
        61,
        'Fromage Compté aux lait cru',
        5.02,
        'https://cn-geo1.uber.com/image-proc/resize/eats/format=webp/width=550/height=440/quality=70/srcb64=aHR0cHM6Ly90Yi1zdGF0aWMudWJlci5jb20vcHJvZC9pbWFnZS1wcm9jL3Byb2Nlc3NlZF9pbWFnZXMvZjRjYmZhMjAwN2UxMWQzMjNiN2I2NGQyMGMwZWI0NWQvYTE5YmIwOTY5MjMxMGRmZDQxZTQ5YTk2YzQyNGIzYTYuanBlZw==',
        'Pizza avec légumes grillés, tomate, mozzarella et basilic'
    ),
    (
        62,
        '2 cuisses de canard du Sud-Ouest confites',
        10.81,
        'https://cn-geo1.uber.com/image-proc/resize/eats/format=webp/width=550/height=440/quality=70/srcb64=aHR0cHM6Ly90Yi1zdGF0aWMudWJlci5jb20vcHJvZC9pbWFnZS1wcm9jL3Byb2Nlc3NlZF9pbWFnZXMvNWNkNjk3NTllOWEzMjExMjdjYTliY2RhOTBiZmU3OTkvOTU3Nzc3ZGU0ZThkNzQzOWJlZjU2ZGFkZGJmYWUyMjcuanBlZw==',
        'Côtelettes d’agneau grillées avec une sauce au romarin'
    ),
    (
        63,
        '2 moelleux au chocolat',
        4.19,
        'https://cn-geo1.uber.com/image-proc/resize/eats/format=webp/width=550/height=440/quality=70/srcb64=aHR0cHM6Ly90Yi1zdGF0aWMudWJlci5jb20vcHJvZC9pbWFnZS1wcm9jL3Byb2Nlc3NlZF9pbWFnZXMvZTcwZTQyMTdjYjU3N2MwYjg1OTFjOTBmNTdhMWU3NGMvOTU3Nzc3ZGU0ZThkNzQzOWJlZjU2ZGFkZGJmYWUyMjcuanBlZw==',
        'Gnocchis accompagnés d’une sauce crémeuse au parmesan'
    ),
    (
        64,
        'Pizza chèvre, miel, noix',
        4.83,
        'https://cn-geo1.uber.com/image-proc/resize/eats/format=webp/width=550/height=440/quality=70/srcb64=aHR0cHM6Ly90Yi1zdGF0aWMudWJlci5jb20vcHJvZC9pbWFnZS1wcm9jL3Byb2Nlc3NlZF9pbWFnZXMvNWM4NTlhY2ViM2ZmOTY2ZTAyZmM4Y2E2ZTJhMWJmZjcvOTU3Nzc3ZGU0ZThkNzQzOWJlZjU2ZGFkZGJmYWUyMjcuanBlZw==',
        'Choux remplis de crème pâtissière et enrobés de chocolat'
    ),
    (
        65,
        'Boulettes de viande kefta',
        4.49,
        'https://cn-geo1.uber.com/image-proc/resize/eats/format=webp/width=550/height=440/quality=70/srcb64=aHR0cHM6Ly90Yi1zdGF0aWMudWJlci5jb20vcHJvZC9pbWFnZS1wcm9jL3Byb2Nlc3NlZF9pbWFnZXMvMTJiNjMxOTAzOTdjNzQxODAzNzVhNjc5Y2Y3NzVkOGEvOTU3Nzc3ZGU0ZThkNzQzOWJlZjU2ZGFkZGJmYWUyMjcuanBlZw==',
        'Tartelette avec une crème au citron acidulée et croûte sablée'
    ),
    (
        66,
        'Chips au fromage',
        4.10,
        'https://cn-geo1.uber.com/image-proc/resize/eats/format=webp/width=550/height=440/quality=70/srcb64=aHR0cHM6Ly90Yi1zdGF0aWMudWJlci5jb20vcHJvZC9pbWFnZS1wcm9jL3Byb2Nlc3NlZF9pbWFnZXMvMzUxNTk0MDA2NmU0MTIwMDBlNmU3OGE3ZTQ2NzQwMzQvMGU1MzEzYmU3YTg4MzFiOGVkNjBmOGRhYjNjMmRmMTAuanBlZw==',
        'Pizza garnie de mozzarella, gorgonzola, chèvre et parmesan'
    ),
    (
        67,
        'Granola Choco Lait',
        2.67,
        'https://cn-geo1.uber.com/image-proc/resize/eats/format=webp/width=550/height=440/quality=70/srcb64=aHR0cHM6Ly90Yi1zdGF0aWMudWJlci5jb20vcHJvZC9pbWFnZS1wcm9jL3Byb2Nlc3NlZF9pbWFnZXMvYjdmMDYxZTQ2N2UzOTZmYzk1YTIxZDI0OWY3NzM4OTIvOTU3Nzc3ZGU0ZThkNzQzOWJlZjU2ZGFkZGJmYWUyMjcuanBlZw==',
        'Salade de quinoa avec légumes frais et vinaigrette au citron'
    ),
    (
        68,
        'Ben & Jerry s - Crème glacée, vanille, cookie dough',
        10.77,
        'https://cn-geo1.uber.com/image-proc/resize/eats/format=webp/width=550/height=440/quality=70/srcb64=aHR0cHM6Ly90Yi1zdGF0aWMudWJlci5jb20vcHJvZC9pbWFnZS1wcm9jL3Byb2Nlc3NlZF9pbWFnZXMvYTg3MzZkMTFkZDIxYTMyNTI0MzM0ZGQ1M2EwMGQ0YjYvMGU1MzEzYmU3YTg4MzFiOGVkNjBmOGRhYjNjMmRmMTAuanBlZw==',
        'Ragoût végétarien avec des légumes mijotés et épicés'
    ),
    (
        69,
        'Justin Bridou - Saucisson',
        6.44,
        'https://cn-geo1.uber.com/image-proc/resize/eats/format=webp/width=550/height=440/quality=70/srcb64=aHR0cHM6Ly90Yi1zdGF0aWMudWJlci5jb20vcHJvZC9pbWFnZS1wcm9jL3Byb2Nlc3NlZF9pbWFnZXMvOTUxZjRlNDczN2I2NGYzMDYwZGJiMmExN2U4OGI1Y2IvMGU1MzEzYmU3YTg4MzFiOGVkNjBmOGRhYjNjMmRmMTAuanBlZw==',
        'Burger avec sauce barbecue, bacon, et oignons grillés'
    ),
    (
        70,
        'Donut nutella billes',
        4.55,
        'https://cn-geo1.uber.com/image-proc/resize/eats/format=webp/width=550/height=440/quality=70/srcb64=aHR0cHM6Ly90Yi1zdGF0aWMudWJlci5jb20vcHJvZC9pbWFnZS1wcm9jL3Byb2Nlc3NlZF9pbWFnZXMvMGNkMjlhZThhNGJhMzhjN2M4YWQ3YWE2OWYzNDQyOWIvNDIxOGNhMWQwOTE3NDIxODM2NDE2MmNkMGIxYThjYzEuanBlZw==',
        'Moules cuites dans une sauce au vin blanc, servies avec frites'
    ),
    (
        71,
        'Bagel R. Charles',
        13.00,
        'https://cn-geo1.uber.com/image-proc/resize/eats/format=webp/width=550/height=440/quality=70/srcb64=aHR0cHM6Ly90Yi1zdGF0aWMudWJlci5jb20vcHJvZC9pbWFnZS1wcm9jL3Byb2Nlc3NlZF9pbWFnZXMvMTk5Mzc2YzRlYTZmOWIwMmQ4ZWNkZDJiNzQ4NDQ2NDcvNDIxOGNhMWQwOTE3NDIxODM2NDE2MmNkMGIxYThjYzEuanBlZw==',
        'Poulet frit croustillant, servi avec une sauce épicée'
    ),
    (
        72,
        'Bagel N. Simone',
        13.00,
        'https://cn-geo1.uber.com/image-proc/resize/eats/format=webp/width=550/height=440/quality=70/srcb64=aHR0cHM6Ly90Yi1zdGF0aWMudWJlci5jb20vcHJvZC9pbWFnZS1wcm9jL3Byb2Nlc3NlZF9pbWFnZXMvYjBjYmI2ODFiY2Q3NzcyYjE0NWRjZjkzOTJmZTJhN2QvNDIxOGNhMWQwOTE3NDIxODM2NDE2MmNkMGIxYThjYzEuanBlZw==',
        'Pizza avec poulet rôti, champignons et mozzarella'
    ),
    (
        73,
        'Röstis x6',
        6.00,
        'https://cn-geo1.uber.com/image-proc/resize/eats/format=webp/width=550/height=440/quality=70/srcb64=aHR0cHM6Ly90Yi1zdGF0aWMudWJlci5jb20vcHJvZC9pbWFnZS1wcm9jL3Byb2Nlc3NlZF9pbWFnZXMvNWIyMWNlM2RhYTQ2YWU5ZDg2MDhmMjk3YTNjZWI5YmIvNTE0M2YxZTIxOGM2N2MyMGZlNWE0Y2QzM2Q5MGIwN2IuanBlZw==',
        'Boisson à base de yaourt et mangue'
    ),
    (
        74,
        'SUB15 Dinde',
        9.00,
        'https://cn-geo1.uber.com/image-proc/resize/eats/format=webp/width=550/height=440/quality=70/srcb64=aHR0cHM6Ly90Yi1zdGF0aWMudWJlci5jb20vcHJvZC9pbWFnZS1wcm9jL3Byb2Nlc3NlZF9pbWFnZXMvODg0NzhiNWJlYTZlNjQ2NDA2ODk1YWVlOTRjMzU5NWQvNTE0M2YxZTIxOGM2N2MyMGZlNWE0Y2QzM2Q5MGIwN2IuanBlZw==',
        'Tacos avec viande de porc marinée, ananas et oignons'
    ),
    (
        75,
        'Wrap Crispy Avocado',
        10.00,
        'https://cn-geo1.uber.com/image-proc/resize/eats/format=webp/width=550/height=440/quality=70/srcb64=aHR0cHM6Ly90Yi1zdGF0aWMudWJlci5jb20vcHJvZC9pbWFnZS1wcm9jL3Byb2Nlc3NlZF9pbWFnZXMvMDQ5MTliYjUyMzM4YjE4NzEwNjRkMDBhYmM4Mzg5YjkvNTE0M2YxZTIxOGM2N2MyMGZlNWE0Y2QzM2Q5MGIwN2IuanBlZw==',
        'Tarte avec poires fraîches et crème d’amandes'
    ),
    (
        76,
        'SUB30 Xtreme Raclette Steakhouse',
        15.00,
        'https://cn-geo1.uber.com/image-proc/resize/eats/format=webp/width=550/height=440/quality=70/srcb64=aHR0cHM6Ly90Yi1zdGF0aWMudWJlci5jb20vcHJvZC9pbWFnZS1wcm9jL3Byb2Nlc3NlZF9pbWFnZXMvM2M0MWU1ZDU0ZTRjMTk1NGYxNzVhMjJhNzE0Y2NkNzQvNTE0M2YxZTIxOGM2N2MyMGZlNWE0Y2QzM2Q5MGIwN2IuanBlZw==',
        'Plat épicé avec viande hachée, haricots rouges et épices'
    ),
    (
        77,
        'Menu SUB30 Poulet ',
        16.50,
        'https://cn-geo1.uber.com/image-proc/resize/eats/format=webp/width=550/height=440/quality=70/srcb64=aHR0cHM6Ly90Yi1zdGF0aWMudWJlci5jb20vcHJvZC9pbWFnZS1wcm9jL3Byb2Nlc3NlZF9pbWFnZXMvOTQ2ZWQxMmI0NzViNzRmODIxYmRhZmJjNzlkNmU3MTIvNTE0M2YxZTIxOGM2N2MyMGZlNWE0Y2QzM2Q5MGIwN2IuanBlZw==',
        'Salade avec feta, olives, tomates et concombre'
    ),
    (
        78,
        'Jalapenos',
        5.70,
        'https://cn-geo1.uber.com/image-proc/resize/eats/format=webp/width=550/height=440/quality=70/srcb64=aHR0cHM6Ly90Yi1zdGF0aWMudWJlci5jb20vcHJvZC9pbWFnZS1wcm9jL3Byb2Nlc3NlZF9pbWFnZXMvZDJmZTE3OWIwYmY2YWYwOGY0OTg3NGUxMzQ1YTlkZTcvNThmNjkxZGE5ZWFlZjg2YjBiNTFmOWIyYzQ4M2ZlNjMuanBlZw==',
        'Tartine de pain grillé avec tapenade d’olive'
    ),
    (
        79,
        'Menu 6 HOT WINGS',
        14.20,
        'https://www.e3fgroup.com/wp-content/uploads/elementor/thumbs/shutterstock_1012626229_tenders-qll9yuym43phimgd6wm3ijgpcp9zmca9j682ba6aki.jpg',
        'Foie gras accompagné de pain d’épices et confiture'
    ),
    (
        80,
        'Salade César',
        10.50,
        'https://cn-geo1.uber.com/image-proc/resize/eats/format=webp/width=550/height=440/quality=70/srcb64=aHR0cHM6Ly90Yi1zdGF0aWMudWJlci5jb20vcHJvZC9pbWFnZS1wcm9jL3Byb2Nlc3NlZF9pbWFnZXMvM2Q1NzlhN2QxYTBhZGVjZTZhNWRhYzZiNDI2ZmUwNTQvNThmNjkxZGE5ZWFlZjg2YjBiNTFmOWIyYzQ4M2ZlNjMuanBlZw==',
        'Pizza avec crème, lardons, fromage et œuf poché'
    ),
    (
        81,
        'Shampooing',
        4.99,
        'https://cdn.auchan.fr/media/P02000000001INYPRIMARY_2048x2048/B2CD/?format=rw&quality=75&width=1200&height=1200',
        'Shampooing nourrissant pour cheveux secs'
    ),
    (
        82,
        'Gel Douche',
        3.50,
        'https://assets.unileversolutions.com/v1/126516823.png?im=AspectCrop=(985,985);Resize=(985,985)',
        'Gel douche hydratant pour une peau douce'
    ),
    (
        83,
        'Papier Aluminium',
        2.99,
        'https://tm.groupetadlaoui.ma/wp-content/uploads/2021/02/papier-aluminium.png',
        'Rouleau de papier aluminium pour usage domestique'
    ),
    (
        84,
        'Brosse à dents',
        2.75,
        'https://cdn.auchan.fr/media/MEDIASTEP73897051_2048x2048/B2CD/?format=rw&quality=75&width=1200&height=1200',
        'Brosse à dents avec brins souples pour un nettoyage en profondeur'
    ),
    (
        85,
        'Savon Liquide',
        3.20,
        'https://www.laino.fr/wp-content/uploads/2017/02/LAI-602086-3616826020862-EP-768x768.png',
        'Savon liquide antibactérien pour les mains'
    ),
    (
        86,
        'Pack de 6 bouteilles d’eau',
        6.00,
        'https://media.carrefour.fr/medias/3b0923f67fac4c95bef51f0ccd8c59f6/p_540x540/03760021251191_H1N1_s16.jpeg',
        'Eau minérale naturelle en pack pratique'
    ),
    (
        87,
        'Lessive',
        12.99,
        'https://prd-cdn-emea1-joltx.pgsitecore.com/-/jssmedia/growing-families-version1/gf-fr/product/ariel/ttupdates0823/ariel-lessive-liquide-original.ashx?rev=1a1f035100f84299805ea1d8ad65b4cb&extension=webp&w=800&h=0&mw=0&mh=0&iar=0&as=0&sc=0',
        'Lessive en poudre pour un linge impeccable'
    ),
    (
        88,
        'Boîte de mouchoirs en papier',
        1.80,
        'http://www.medical-promo.be/wp-content/uploads/2017/03/Boite-de-mouchoir-150-1024x683.png',
        'Mouchoirs en papier doux et résistants'
    ),
    (
        89,
        'Batteries AA',
        6.50,
        'https://i5.walmartimages.com/seo/Duracell-Coppertop-AA-Alkaline-Batteries-4-Batteries-Pack_7318dcf6-a4c9-4711-8507-ef45acae4059.e319d247f716c6c4262b5ff3d4e282c0.jpeg?odnHeight=640&odnWidth=640&odnBg=FFFFFF',
        'Piles longue durée pour appareils électroniques'
    ),
    (
        90,
        'Ampoule LED',
        5.99,
        'https://i5.walmartimages.com/seo/Philips-LED-50-Watt-PAR20-Spotlight-Light-Bulb-Bright-White-40-Degree-Beam-Angle-Spread-Dimmable-E26-Medium-Base-2-Pack_204a8944-e63a-4759-a86f-b0b6809e1ebc.1ae06131f3dcd90d8ff0bbcd1ed38381.jpeg?odnHeight=640&odnWidth=640&odnBg=FFFFFF',
        'Ampoule LED écoénergétique, équivalente à 60W'
    ),
    (
        91,
        'Crème hydratante',
        7.50,
        'https://adn-cosmetik.fr/wp-content/uploads/2022/09/Creme-hydratante-jeunesse-satin-1.jpg',
        'Crème nourrissante pour une peau douce et hydratée'
    ),
    (
        92,
        'Ruban adhésif',
        1.99,
        'https://dxbyzx5id4chj.cloudfront.net/fit-in/400x400/filters:fill(fff)/pub/media/catalog/product/6/1/61925_1_c364.jpg',
        'Ruban adhésif transparent pour usage quotidien'
    ),
    (
        93,
        'Ciseaux',
        8.00,
        'https://m.media-amazon.com/images/I/71BNm6BWTSL._AC_SY879_.jpg',
        'Ciseaux robustes et ergonomiques pour travaux de coupe'
    ),
    (
        94,
        'Pack de 4 cahiers',
        3.25,
        'https://www.maxxidiscount.com/11190-large_default/lot-de-4-cahiers-oxford-color-life-24-x-32-cm-48p-seyes.webp',
        'Cahier grand format avec couverture rigide'
    ),
    (
        95,
        'Pack de 3 éponges',
        2.49,
        'https://homehardwarerimouski.com/upload/art-84551-1-hh-exclusives-4542298-paquet-de-3-eponges-a-recurer-scrun-image-1-full.jpg',
        'Éponges résistantes pour nettoyage en profondeur'
    ),
    (
        96,
        'Spray nettoyant multisurface',
        3.99,
        'https://cdn.aroma-zone.com/d_default_placeholder.png/c_fill,q_auto,f_auto,w_852,ar_626:441/b_none/v1/cf/0xsz2r7o7t3z/78VgcZCBBxLoe5a2Lb9242/e205c93a50dcf47e7d53329f9915aa07/t374690_spray-nettoyant-multi-surfaces_web.jpg',
        'Spray nettoyant pour toutes les surfaces'
    ),
    (
        97,
        'Sac poubelle 50L',
        2.75,
        'https://m.media-amazon.com/images/I/81+LOyWMS2L._AC_SX300_SY300_.jpg',
        'Sacs poubelle résistants avec liens intégrés'
    ),
    (
        98,
        'Coton-tiges',
        1.90,
        'https://www.landi.ch/ImageOriginal/Img/product/069/641/69641_wattenstaebchen-200-stueck_69641_1.jpg?width=400&height=400&mode=pad&bgcolor=fff',
        'Coton-tiges doux et pratiques pour une hygiène quotidienne'
    ),
    (
        99,
        'Thermomètre digital',
        12.90,
        'https://www.pharmacodel.com/8108-large_default/predictor-thermometre-digital-flex.jpg',
        'Thermomètre précis pour mesure rapide de la température'
    ),
    (
        100,
        'Pack de feuilles A4',
        4.99,
        'https://www.nlf-livraria.com/wp-content/uploads/2020/07/3329680175516-1.jpg',
        'Papier pour imprimante et usage bureautique'
    ),
    (
        101,
        'Box Tenders',
        9.90,
        'https://tb-static.uber.com/prod/image-proc/processed_images/243757bc258a9659902fbfca19473936/a19bb09692310dfd41e49a96c424b3a6.jpeg',
        'une Boîte de tendeurs'
    ),
    (
        102,
        'Pepe Burger',
        11.90,
        'https://tb-static.uber.com/prod/image-proc/processed_images/51d010a796dc2314b2182c29f37a2fad/a19bb09692310dfd41e49a96c424b3a6.jpeg',
        'Le classique Pepe Burger'
    ),
    (
        103,
        'The Smoky One',
        12.90,
        'https://tb-static.uber.com/prod/image-proc/processed_images/106ca280cf158327a26a8ad3ef796432/a19bb09692310dfd41e49a96c424b3a6.jpeg',
        'Le burger épicé de la région du Smoky Mountains'
    ),
    (
        104,
        'Pop''s Ice Tea Pêche',
        2.50,
        'https://tb-static.uber.com/prod/image-proc/processed_images/8808adb8358f576848065e9b06f2a87b/a19bb09692310dfd41e49a96c424b3a6.jpeg',
        'Ice Tea Pêche de Fast Good Cuisine'
    ),
    (
        105,
        'Menu UBER EAT MAX',
        20.50,
        'https://tb-static.uber.com/prod/image-proc/processed_images/00ff38aa9102697f2b5a18aff1a87305/5954bcb006b10dbfd0bc160f6370faf3.jpeg',
        'Menu Max spécialisé pour Uber Eats'
    ),
    (
        106,
        'Soupe Miso',
        3.70,
        'https://tb-static.uber.com/prod/image-proc/processed_images/6418861a3042f4fc1af069f743e05b28/5954bcb006b10dbfd0bc160f6370faf3.jpeg',
        'Soupe de miso'
    ),
    (
        107,
        'COLETTE',
        12.90,
        'https://tb-static.uber.com/prod/image-proc/processed_images/c5d1b2e0dd92bc4bd1321b54dce32e71/a19bb09692310dfd41e49a96c424b3a6.jpeg',
        'Le classique de chez Colette'
    ),
    (
        108,
        'GASTON',
        18.90,
        'https://tb-static.uber.com/prod/image-proc/processed_images/cd22200d2e34e2c05dd9273c570d752d/5143f1e218c67c20fe5a4cd33d90b07b.jpeg',
        'Le bourrin de Gaston'
    ),
    (
        109,
        'Cookies aux lait et noisettes',
        4.90,
        'https://tb-static.uber.com/prod/image-proc/processed_images/897feeb5c81114843b41fd2cd8187d1c/5143f1e218c67c20fe5a4cd33d90b07b.jpeg',
        'Cookies de Tatie Chocolat lait Noisettes'
    ),
    (
        110,
        'Lot de 6 Oeufs',
        5.30,
        'https://www.bonneterre.fr/wp-content/uploads/2020/02/3022936-GROS-OEUFS-X6-1024x845.jpg',
        '6 gros oeufs tout droit sortie du cul de la poule'
    ),
    (
        111,
        'Sandwich kebab',
        8.90,
        'https://tb-static.uber.com/prod/image-proc/processed_images/639da4362ccb93f0c3ce689806d5e683/a19bb09692310dfd41e49a96c424b3a6.jpeg',
        'Palalala Melissa, yak kendini'
    ),
    (
        112,
        'Sandwich Cordon Bleu',
        6.72,
        'https://tb-static.uber.com/prod/image-proc/processed_images/3906e31e8d2a9534841dbafa53ccdcd2/a19bb09692310dfd41e49a96c424b3a6.jpeg',
        'Kordon ble, fromaj, salat, tomat, onyon.'
    ),
    (
        113,
        'Berliner Kebap',
        7.52,
        'https://tb-static.uber.com/prod/image-proc/processed_images/0c18380c4b280583ba0880b5cb0a7e81/a19bb09692310dfd41e49a96c424b3a6.jpeg',
        'Melih bunu yutar aq'
    ),
    (
        114,
        'Otacos Taille L',
        8.32,
        'https://tb-static.uber.com/prod/image-proc/processed_images/068fbd6de495f8ddb5fc3f109bef900b/5954bcb006b10dbfd0bc160f6370faf3.jpeg',
        'unique mais pas trop'
    ),
    (
        115,
        'O''Bowl M',
        10.50,
        'https://tb-static.uber.com/prod/image-proc/processed_images/3ed06c3b13bff8c175f273c93f6e3095/5143f1e218c67c20fe5a4cd33d90b07b.jpeg',
        'pareil, unique mais pas trop'
    ),
    (
        116,
        'Menu chicken family',
        23.90,
        'https://tb-static.uber.com/prod/image-proc/processed_images/929407058f11ade8363de4782ebef433/a19bb09692310dfd41e49a96c424b3a6.jpeg',
        'Chicken fait maison'
    ),
    (
        117,
        'Menu wings',
        13.50,
        'https://tb-static.uber.com/prod/image-proc/processed_images/9b906e9358717168b7950edfbf33dfba/a19bb09692310dfd41e49a96c424b3a6.jpeg',
        'Poulet frais et marinade faite maison.'
    ),
    (
        118,
        'Menu enfant',
        9.50,
        'https://tb-static.uber.com/prod/image-proc/processed_images/e9cf326a13b7f6dacdc29b0e71b0cf49/a19bb09692310dfd41e49a96c424b3a6.jpeg',
        'nous aussi on peut ouu c''est que pour les enfants'
    ),
    (
        119,
        'Menu tacos montagnard',
        16.00,
        'https://tb-static.uber.com/prod/image-proc/processed_images/79c1f8ba11fc2e207c5e4339fed245b3/a19bb09692310dfd41e49a96c424b3a6.jpeg',
        'Double steak 80 g, bacon, cheddar, frites et sauce gruyère.  Servi avec frites et boisson.'
    ),
    (
        120,
        'Menu chili thai',
        16.00,
        'https://tb-static.uber.com/prod/image-proc/processed_images/45c0eac5773796394bb49b2318bb7221/a19bb09692310dfd41e49a96c424b3a6.jpeg',
        'Escalope de poulet, poivrons grillés, cheddar, frites et sauce thai. Servi avec boisson au choix.'
    ),
    (
        121,
        'Menu burger Ben''s chiken',
        13.00,
        'https://tb-static.uber.com/prod/image-proc/processed_images/7d0b58ac3cacaf90961cb240cbbaff1b/a19bb09692310dfd41e49a96c424b3a6.jpeg',
        'Poulet, salade, tomate et sauce curry. Servi avec frites et boisson au choix.'
    ),
    (
        122,
        '6 CHICKEN McNUGGETS',
        8.60,
        'https://tb-static.uber.com/prod/image-proc/processed_images/b97d23c2bb4870dc56a7406dbfc1ac7b/5143f1e218c67c20fe5a4cd33d90b07b.jpeg',
        '6 Spécialités panées au poulet'
    ),
    (
        123,
        'Tacos 3 viandes',
        13.40,
        'https://tb-static.uber.com/prod/image-proc/processed_images/a2848394329d34182a337ef776b4f95a/4218ca1d09174218364162cd0b1a8cc1.jpeg',
        'Garni de frites, sauce fromagère, 3 viandes et 1 sauce au choix. Servi avec 1 boisson 33 cl au choix.'
    ),
    (
        124,
        'Pizza orientale',
        15.50,
        'https://tb-static.uber.com/prod/image-proc/processed_images/d1a56aadd730aff5aa1cfa04ab335bfa/4218ca1d09174218364162cd0b1a8cc1.jpeg',
        'Pâte fraîche maison, Mozzarella, merguez, poivrons, oignons et œuf. Taille au choix.'
    ),
    (
        125,
        'Cheeseburger',
        7.40,
        'https://tb-static.uber.com/prod/image-proc/processed_images/47593abaf5f24e1ca03653a1023236a7/4218ca1d09174218364162cd0b1a8cc1.jpeg',
        'Steak 45,Cheddar, crudités et sauce au choix. Servi avec frites et 1 boisson 33 cl au choix.'
    ),
    (
        126,
        'Menu sandwich curry',
        10.50,
        'https://tb-static.uber.com/prod/image-proc/processed_images/a4516dc87e725ea2ed1344f9e689915d/4218ca1d09174218364162cd0b1a8cc1.jpeg',
        'Pain au choix, poulet curry, Cheddar, crudités et sauce au choix. Servi avec frites et 1 boisson 33 cl au choix.'
    ),
    (
        127,
        'Fajita',
        13.30,
        'https://tb-static.uber.com/prod/image-proc/processed_images/79d725738b429ad0fc33fb211a0d0d0e/5143f1e218c67c20fe5a4cd33d90b07b.jpeg',
        'Fajita à composer'
    ),
    (
        128,
        'Quesadillas',
        13.80,
        'https://tb-static.uber.com/prod/image-proc/processed_images/2cc96a53de190da8d9eea85ef56f141e/5143f1e218c67c20fe5a4cd33d90b07b.jpeg',
        'Le plat le plus cheeeeeeeesy de cette carte 🤤'
    ),
    (
        129,
        'Tacos mexicains',
        14.00,
        'https://tb-static.uber.com/prod/image-proc/processed_images/98f1b724eacae3e912f17e96ce5362eb/5143f1e218c67c20fe5a4cd33d90b07b.jpeg',
        'Ici on parle des VRAIS tacos'
    ),
    (
        130,
        'Tiramisu',
        4.50,
        'https://tb-static.uber.com/prod/image-proc/processed_images/d011606e1468ff3f444f4f494ae4fadd/5143f1e218c67c20fe5a4cd33d90b07b.jpeg',
        'Fait par nous, avec amour !'
    ),
    (
        131,
        'Assiette Bœuf Loc Lak',
        12.00,
        'https://tb-static.uber.com/prod/image-proc/processed_images/16503d47f835226132d72e16748fe087/7f4ae9ca0446cbc23e71d8d395a98428.jpeg',
        'Ce plat est accompagné de riz sauce tomate, concombres, tomates et œuf au plat'
    ),
    (
        132,
        'Nouilles Crevette',
        12.25,
        'https://tb-static.uber.com/prod/image-proc/processed_images/736a6f32eab31e97cafd3539cc34194e/7f4ae9ca0446cbc23e71d8d395a98428.jpeg',
        'Nouilles à la crevette'
    ),
    (
        133,
        'Nem Poulet',
        1.40,
        'https://tb-static.uber.com/prod/image-proc/processed_images/b07a85d2b86352dabec11b21b0ed2f15/7f4ae9ca0446cbc23e71d8d395a98428.jpeg',
        '1 pièce'
    ),
    (
        134,
        'Bibimbap au porc sauté pimenté',
        15.00,
        'https://tb-static.uber.com/prod/image-proc/processed_images/e68370e0385db8909744cbf1136db759/a19bb09692310dfd41e49a96c424b3a6.jpeg',
        'Bol de riz mélangé aux légumes.'
    ),
    (
        135,
        'Doeuji boulkogi',
        15.90,
        'https://tb-static.uber.com/prod/image-proc/processed_images/c8917635f34a556b25e8c60c3eeebc10/a19bb09692310dfd41e49a96c424b3a6.jpeg',
        'Porc sauté pimenté aux oignons.'
    ),
    (
        136,
        'Kounmandou',
        8.00,
        'https://d1ralsognjng37.cloudfront.net/913acc55-ca81-4d2e-b741-2c4db818ed97.jpeg',
        'raviolis frits au poulet et légumes.'
    ),
    (
        137,
        'Classic NY Burger',
        12.90,
        'https://tb-static.uber.com/prod/image-proc/processed_images/13fd404291ad267c08d1e4d2b8ed6f0b/58f691da9eaef86b0b51f9b2c483fe63.jpeg',
        'Steak haché VBF, salade verte, tomates, oignons caramélisés, cheddar et ketchup maison.'
    ),
    (
        138,
        'Dow Jones Hot-dog',
        5.90,
        'https://tb-static.uber.com/prod/image-proc/processed_images/5e920891d8d95a254c6de98441bf5fd5/58f691da9eaef86b0b51f9b2c483fe63.jpeg',
        'Pain brioché, saucisse de porc, oignons frits, bacon, cheddar et barbecue maison.'
    ),
    (
        139,
        'Super Brownie',
        7.50,
        'https://tb-static.uber.com/prod/image-proc/processed_images/d60aefb5e733cd29407e2a54e4879a53/58f691da9eaef86b0b51f9b2c483fe63.jpeg',
        'Brownie aux noix de pécan.'
    ),
    (
        140,
        'Pita kotópoulo',
        10.40,
        'https://tb-static.uber.com/prod/image-proc/processed_images/b7da6fcc6608e92b12d03d274af3900a/a19bb09692310dfd41e49a96c424b3a6.jpeg',
        'Pita, souvlaki poulet halal marinée, garniture, frites et tzatziki.'
    ),
    (
        141,
        'Grande salade grecque',
        9.00,
        'https://tb-static.uber.com/prod/image-proc/processed_images/20eaf96d9f92c683bf4a0c8047ee4f36/a19bb09692310dfd41e49a96c424b3a6.jpeg',
        'Salade grecque maison.'
    ),
    (
        142,
        'Yaourt grec cerises confites et sirop',
        5.00,
        'https://tb-static.uber.com/prod/image-proc/processed_images/9f4e914a798fa40e5dc84cce8c4bac36/a19bb09692310dfd41e49a96c424b3a6.jpeg',
        'Dessert grec'
    ),
    (
        143,
        'Kazdal Poulet Avocat',
        12.90,
        'https://tb-static.uber.com/prod/image-proc/processed_images/d6c634162c2256bfa53410ee5b79fcfc/58f691da9eaef86b0b51f9b2c483fe63.jpeg',
        'Msemen artisanal, poulet mariné maison, avocat, tomates cerises, oignons frits, mechouia, sauce fromagère citronnée maison et garni de frites fraîches aux épices.'
    ),
    (
        144,
        'Formule',
        19.90,
        'https://tb-static.uber.com/prod/image-proc/processed_images/91d788491eaf52dc6118643377006d62/58f691da9eaef86b0b51f9b2c483fe63.jpeg',
        '1 Kazdal + 1 accompagnement + 1 boisson.'
    ),
    (
        145,
        'Kazdal Thon Harissa',
        12.90,
        'https://tb-static.uber.com/prod/image-proc/processed_images/44d167eaee3003e045674c3d30b2620a/58f691da9eaef86b0b51f9b2c483fe63.jpeg',
        'Msemen artisanal, thon, œuf dur, tomates cerises, olives noires, huile d''olive, sauce mayo, harissa et garni de frites fraîches aux épices.'
    ),
    (
        146,
        'Msemen Spéculoos',
        5.90,
        'https://tb-static.uber.com/prod/image-proc/processed_images/263d699fe3946d977d3e54e6eb28b8c3/58f691da9eaef86b0b51f9b2c483fe63.jpeg',
        'Msemen artisanal et crème de Spéculoos'
    ),
    (
        147,
        'Menu DEMI-POULET',
        14.00,
        'https://tb-static.uber.com/prod/image-proc/processed_images/40db93867eafa9a03921e56c48be5b24/4218ca1d09174218364162cd0b1a8cc1.jpeg',
        'Demi-poulet, servi avec 1 barquette et 1 boisson 33 cl au choix.'
    ),
    (
        148,
        'Poulet entier',
        13.50,
        'https://tb-static.uber.com/prod/image-proc/processed_images/7e3c37e5cf455e8f3aca2559f66c2191/a19bb09692310dfd41e49a96c424b3a6.jpeg',
        'Poulet entier en crapaudine rôti avec notre épice rosti poulet.'
    ),
    (
        149,
        'Menu ROSTI 1',
        11.50,
        'https://tb-static.uber.com/prod/image-proc/processed_images/3dcb928ce66493469702d05a79aa4125/4218ca1d09174218364162cd0b1a8cc1.jpeg',
        '1 plat au choix (1 cuisse OU 2 pilons OU 4 ailes OU 1 escalope milanaise OU 2 saucisses), servi avec 1 barquette et 1 boisson 33 cl au choix'
    ),
    (
        150,
        'Formule Burger Midi et Soir',
        17.50,
        'https://tb-static.uber.com/prod/image-proc/processed_images/16db6765d2c25acd49c6dbbac9fff4b3/5954bcb006b10dbfd0bc160f6370faf3.jpeg',
        'Un burger, un accompagnement et une boisson au choix.'
    ),
    (
        151,
        'Steak Frites',
        16.90,
        'https://tb-static.uber.com/prod/image-proc/processed_images/c53287156970828ba9ca6c805d0bb10c/5954bcb006b10dbfd0bc160f6370faf3.jpeg',
        'Pavé de steak Label Rouge servi avec ses frites et sa sauce maison.'
    ),
    (
        152,
        'Le Marcel Jackson Veggie',
        14.50,
        'https://tb-static.uber.com/prod/image-proc/processed_images/92cf82dc56adeef66b67af34dcb26482/5954bcb006b10dbfd0bc160f6370faf3.jpeg',
        'Galette de légumes, Bacon végétal LAVIE, Cheddar, Oignons frits, Salade, & Sauce Barbecue KM (Steak végétal HAPPYVORE en option).'
    ),
    (
        153,
        'Menu - Tacos sur mesure',
        13.50,
        'https://tb-static.uber.com/prod/image-proc/processed_images/e65a1f92628e397ed7d28fe966fbc937/5954bcb006b10dbfd0bc160f6370faf3.jpeg',
        '1 Tacos servi avec Boisson ! Galette de farine de blé au four,  garni avec la recette de ton choix,  « à l’ancienne » Salade, tomate et oignon ou « Original Tw » avec chackchouka maison poêlé de légume à base de tomate poivron et oignon, d’une sauce fromagère maison, de frite, viande et sauces aux choix.'
    ),
    (
        154,
        'Tacos Gratiné sur mesure',
        11.50,
        'https://tb-static.uber.com/prod/image-proc/processed_images/0b15385b5317553bdb63739901938219/5954bcb006b10dbfd0bc160f6370faf3.jpeg',
        'Galette de farine de blé au four,  garni avec la recette de ton choix,  « à l’ancienne » Salade, tomate et oignon ou « Original Tw » avec chackchouka maison poêlé de légume à base de tomate poivron et oignon, d’une sauce fromagère maison, de frite, viande, gratinage et sauces aux choix'
    ),
    (
        155,
        'Onion rings',
        5.00,
        'https://tb-static.uber.com/prod/image-proc/processed_images/9f09f3d0ab6e69598f1fd5a8b4239f7d/5954bcb006b10dbfd0bc160f6370faf3.jpeg',
        'Onion rings'
    );
INSERT INTO CARTE_BANCAIRE (
        IDCB,
        NUMEROCB,
        DATEEXPIRECB,
        CRYPTOGRAMME,
        TYPECARTE,
        TYPERESEAUX
    )
VALUES (
        1,
        1234567890123456,
        '2027-05-31',
        789,
        'Crédit',
        'Visa'
    ),
    (
        2,
        9876543210987654,
        '2028-11-30',
        234,
        'Débit',
        'MasterCard'
    ),
    (
        3,
        1234123412341234,
        '2026-07-15',
        567,
        'Crédit',
        'Visa'
    ),
    (
        4,
        4321432143214321,
        '2029-09-28',
        890,
        'Débit',
        'MasterCard'
    ),
    (
        5,
        8765876587658765,
        '2025-03-20',
        123,
        'Crédit',
        'Visa'
    ),
    (
        6,
        5678567856785678,
        '2028-12-31',
        345,
        'Débit',
        'MasterCard'
    ),
    (
        7,
        3456345634563456,
        '2027-08-30',
        678,
        'Crédit',
        'Visa'
    ),
    (
        8,
        2345234523452345,
        '2026-04-15',
        456,
        'Débit',
        'MasterCard'
    ),
    (
        9,
        9876987698769876,
        '2029-02-28',
        789,
        'Crédit',
        'Visa'
    ),
    (
        10,
        6543654365436543,
        '2030-01-31',
        234,
        'Débit',
        'MasterCard'
    );
INSERT INTO ENTREPRISE (
        IDENTREPRISE,
        IDADRESSE,
        SIRETENTREPRISE,
        NOMENTREPRISE,
        TAILLE
    )
VALUES (
        1,
        1,
        '12345678901234',
        'Innovatech Solutions',
        'PME'
    ),
    (
        2,
        2,
        '23456789012345',
        'Delta Industries',
        'ETI'
    ),
    (
        3,
        3,
        '34567890123456',
        'Global Enterprises Group',
        'GE'
    ),
    (
        4,
        4,
        '45678901234567',
        'ProgresTech Systems',
        'PME'
    ),
    (
        5,
        5,
        '56789012345678',
        'TechnoFuture Partners',
        'ETI'
    ),
    (6, 6, '67890123456789', 'Excel Industries', 'GE'),
    (
        7,
        7,
        '78901234567890',
        'Horizon Dynamics',
        'PME'
    ),
    (
        8,
        8,
        '89012345678901',
        'Visionary Enterprises',
        'ETI'
    ),
    (
        9,
        9,
        '90123456789012',
        'Strategic Growth Group',
        'GE'
    ),
    (
        10,
        10,
        '01234567890123',
        'NexGen Tech Solutions',
        'PME'
    ),
    (
        11,
        11,
        '12345678901234',
        'Inspire Technologies',
        'ETI'
    ),
    (12, 12, '23456789012345', 'Optima Systems', 'GE'),
    (
        13,
        13,
        '34567890123456',
        'Advanced Robotics Corp',
        'PME'
    ),
    (
        14,
        14,
        '45678901234567',
        'Novatek Industries',
        'ETI'
    ),
    (
        15,
        15,
        '56789012345678',
        'Pinnacle Ventures',
        'GE'
    ),
    (
        16,
        16,
        '67890123456789',
        'Elite Innovations',
        'PME'
    ),
    (
        17,
        17,
        '78901234567890',
        'BlueWave Technologies',
        'ETI'
    ),
    (
        18,
        18,
        '89012345678901',
        'Synergy Enterprises',
        'GE'
    ),
    (
        19,
        19,
        '90123456789012',
        'TechnoCraft Solutions',
        'PME'
    ),
    (
        20,
        20,
        '01234567890123',
        'Optimum Innovations',
        'ETI'
    ),
    (
        21,
        21,
        '11223344567890',
        'Innovative Tech Solutions',
        'PME'
    ),
    (
        22,
        22,
        '22334455678901',
        'Future Vision Industries',
        'ETI'
    ),
    (
        23,
        23,
        '33445566789012',
        'GreenTech Innovations',
        'GE'
    ),
    (
        24,
        24,
        '44556677890123',
        'Urban Tech Labs',
        'PME'
    ),
    (
        25,
        25,
        '55667788901234',
        'NextEra Enterprises',
        'ETI'
    ),
    (26, 26, '66778899012345', 'Redwood Global', 'GE'),
    (
        27,
        27,
        '77889900123456',
        'TechnoPrime Industries',
        'PME'
    ),
    (
        28,
        28,
        '88990011234567',
        'CyberNova Solutions',
        'ETI'
    ),
    (
        29,
        29,
        '99001122345678',
        'Advanced Dynamics Corp',
        'GE'
    ),
    (
        30,
        30,
        '10111223345689',
        'TechLink Systems',
        'PME'
    ),
    (
        31,
        31,
        '21222334456790',
        'Digital Horizon Enterprises',
        'ETI'
    ),
    (
        32,
        32,
        '32333445567801',
        'Pioneering Tech Solutions',
        'GE'
    ),
    (
        33,
        33,
        '43444556678912',
        'Quantum Technologies',
        'PME'
    ),
    (
        34,
        34,
        '54555667789023',
        'MetaVision Systems',
        'ETI'
    ),
    (
        35,
        35,
        '65666778890134',
        'Skyline Innovations',
        'GE'
    ),
    (
        36,
        36,
        '76777889901245',
        'OptimaTech Labs',
        'PME'
    ),
    (
        37,
        37,
        '87888990012356',
        'FutureWave Technologies',
        'ETI'
    ),
    (
        38,
        38,
        '98990001123467',
        'PrimeWave Enterprises',
        'GE'
    ),
    (
        39,
        39,
        '10010111234578',
        'TetraTech Systems',
        'PME'
    ),
    (
        40,
        40,
        '21122333445689',
        'TechFlux Solutions',
        'ETI'
    );
INSERT INTO CLIENT (
        IDCLIENT,
        IDENTREPRISE,
        IDADRESSE,
        GENREUSER,
        NOMUSER,
        PRENOMUSER,
        DATENAISSANCE,
        TELEPHONE,
        EMAILUSER,
        MOTDEPASSEUSER,
        PHOTOPROFILE,
        SOUHAITERECEVOIRBONPLAN,
        TYPECLIENT
    )
VALUES (
        1,
        1,
        1,
        'Monsieur',
        'Dupond',
        'Jean',
        '1990-03-15',
        '0612345678',
        'jean.dupond@example.com',
        'password123',
        '',
        FALSE,
        'Uber'
    ),
    (
        2,
        2,
        2,
        'Madame',
        'Martin',
        'Claire',
        '1985-07-20',
        '0612345679',
        'claire.martin@example.com',
        'password456',
        '',
        FALSE,
        'Uber Eats'
    ),
    (
        3,
        3,
        3,
        'Monsieur',
        'Durand',
        'Paul',
        '1988-10-05',
        '0612345680',
        'paul.durand@example.com',
        'password789',
        '',
        FALSE,
        'Uber'
    ),
    (
        4,
        4,
        4,
        'Madame',
        'Bernard',
        'Sophie',
        '1992-12-10',
        '0612345681',
        'sophie.bernard1@example.com',
        'password101',
        '',
        FALSE,
        'Uber Eats'
    ),
    (
        5,
        5,
        5,
        'Monsieur',
        'Lemoine',
        'Alexandre',
        '1987-01-25',
        '0612345682',
        'alexandre.lemoine@example.com',
        'password202',
        '',
        FALSE,
        'Uber'
    ),
    (
        6,
        6,
        6,
        'Madame',
        'Petit',
        'Lucie',
        '1995-03-16',
        '0612345683',
        'lucie.petit@example.com',
        'password303',
        '',
        FALSE,
        'Uber Eats'
    ),
    (
        7,
        7,
        7,
        'Monsieur',
        'Lemoine',
        'Thomas',
        '1980-08-09',
        '0612345684',
        'thomas.lemoine@example.com',
        'password404',
        '',
        FALSE,
        'Uber'
    ),
    (
        8,
        8,
        8,
        'Madame',
        'Lemoine',
        'Marie',
        '1998-12-02',
        '0612345685',
        'marie.lemoine@example.com',
        'password505',
        '',
        FALSE,
        'Uber Eats'
    ),
    (
        9,
        9,
        9,
        'Monsieur',
        'Benoit',
        'Philippe',
        '1992-05-22',
        '0612345686',
        'philippe.benoit@example.com',
        'password606',
        '',
        FALSE,
        'Uber'
    ),
    (
        10,
        10,
        10,
        'Madame',
        'Lemoine',
        'Sophie',
        '1995-07-11',
        '0612345687',
        'sophie.lemoine@example.com',
        'password707',
        '',
        FALSE,
        'Uber Eats'
    ),
    (
        11,
        11,
        11,
        'Monsieur',
        'Garcia',
        'Carlos',
        '1993-09-14',
        '0612345688',
        'carlos.garcia@example.com',
        'password808',
        '',
        FALSE,
        'Uber'
    ),
    (
        12,
        12,
        12,
        'Madame',
        'Lemoine',
        'Anna',
        '1986-11-30',
        '0612345689',
        'anna.lemoine@example.com',
        'password909',
        '',
        FALSE,
        'Uber Eats'
    ),
    (
        13,
        13,
        13,
        'Monsieur',
        'Garcia',
        'Diego',
        '1984-01-19',
        '0612345690',
        'diego.garcia@example.com',
        'password010',
        '',
        FALSE,
        'Uber'
    ),
    (
        14,
        14,
        14,
        'Madame',
        'Bernard',
        'Hélène',
        '1999-02-28',
        '0612345691',
        'helene.bernard@example.com',
        'password121',
        '',
        FALSE,
        'Uber Eats'
    ),
    (
        15,
        15,
        15,
        'Monsieur',
        'Dupont',
        'Pierre',
        '1991-05-13',
        '0612345692',
        'pierre.dupont@example.com',
        'password232',
        '',
        FALSE,
        'Uber'
    ),
    (
        16,
        16,
        16,
        'Madame',
        'Durand',
        'Julie',
        '1994-03-30',
        '0612345693',
        'julie.durand@example.com',
        'password343',
        '',
        FALSE,
        'Uber Eats'
    ),
    (
        17,
        17,
        17,
        'Monsieur',
        'Lemoine',
        'Benjamin',
        '1989-06-20',
        '0612345694',
        'benjamin.lemoine@example.com',
        'password454',
        '',
        FALSE,
        'Uber'
    ),
    (
        18,
        18,
        18,
        'Madame',
        'Lemoine',
        'Claire',
        '1983-09-07',
        '0612345695',
        'claire.lemoine@example.com',
        'password565',
        '',
        FALSE,
        'Uber Eats'
    ),
    (
        19,
        19,
        19,
        'Monsieur',
        'Lemainne',
        'Julien',
        '1987-12-11',
        '0612345696',
        'julien.lemaine@example.com',
        'password676',
        '',
        FALSE,
        'Uber'
    ),
    (
        20,
        20,
        6,
        'Madame',
        'Bernard',
        'Sophie',
        '1991-01-14',
        '0612345697',
        'sophie.bernard@example.com',
        'password787',
        '',
        FALSE,
        'Uber Eats'
    ),
    (
        21,
        NULL,
        1,
        'Monsieur',
        'Gomez',
        'Antoine',
        '1992-08-18',
        '0612345698',
        'antoine.gomez@example.com',
        'password898',
        '',
        FALSE,
        'Uber'
    ),
    (
        22,
        NULL,
        2,
        'Madame',
        'Lemoine',
        'Isabelle',
        '1994-11-23',
        '0612345699',
        'isabelle.lemoine@example.com',
        'password009',
        '',
        FALSE,
        'Uber Eats'
    ),
    (
        23,
        NULL,
        3,
        'Monsieur',
        'Dupont',
        'Frédéric',
        '1985-04-12',
        '0612345700',
        'frederic.dupont@example.com',
        'password110',
        '',
        FALSE,
        'Uber'
    ),
    (
        24,
        NULL,
        4,
        'Madame',
        'Garcia',
        'Laura',
        '1987-06-03',
        '0612345701',
        'laura.garcia@example.com',
        'password221',
        '',
        FALSE,
        'Uber Eats'
    ),
    (
        25,
        NULL,
        5,
        'Monsieur',
        'Benoit',
        'Eric',
        '1990-09-27',
        '0612345702',
        'eric.benoit@example.com',
        'password332',
        '',
        FALSE,
        'Uber'
    ),
    (
        26,
        NULL,
        6,
        'Madame',
        'Lemoine',
        'Margaux',
        '1993-01-14',
        '0612345703',
        'margaux.lemoine@example.com',
        'password443',
        '',
        TRUE,
        'Uber Eats'
    ),
    (
        27,
        NULL,
        7,
        'Monsieur',
        'Dupont',
        'Jacques',
        '1996-05-21',
        '0612345704',
        'jacques.dupont@example.com',
        'password554',
        '',
        FALSE,
        'Uber'
    ),
    (
        28,
        NULL,
        8,
        'Madame',
        'Bernard',
        'Marion',
        '1999-02-05',
        '0612345705',
        'marion.bernard@example.com',
        'password665',
        '',
        TRUE,
        'Uber Eats'
    ),
    (
        29,
        NULL,
        9,
        'Monsieur',
        'Durand',
        'Victor',
        '1991-11-30',
        '0612345706',
        'victor.durand@example.com',
        'password776',
        '',
        FALSE,
        'Uber'
    ),
    (
        30,
        NULL,
        2,
        'Madame',
        'Lemoine',
        'Audrey',
        '1988-07-17',
        '0612345707',
        'audrey.lemoine@example.com',
        'password887',
        '',
        FALSE,
        'Uber Eats'
    ),
    (
        31,
        NULL,
        1,
        'Monsieur',
        'Gomez',
        'Maxime',
        '1995-03-19',
        '0612345708',
        'maxime.gomez@example.com',
        'password998',
        '',
        FALSE,
        'Uber'
    ),
    (
        32,
        NULL,
        2,
        'Madame',
        'Martin',
        'Sophie',
        '1990-06-28',
        '0612345709',
        'sophie.martin@example.com',
        'password009',
        '',
        TRUE,
        'Uber Eats'
    ),
    (
        33,
        NULL,
        3,
        'Monsieur',
        'Lemoine',
        'Julien',
        '1992-11-11',
        '0612345710',
        'julien.lemoine@example.com',
        'password110',
        '',
        FALSE,
        'Uber'
    ),
    (
        34,
        NULL,
        4,
        'Madame',
        'Petit',
        'Amélie',
        '1989-03-15',
        '0612345711',
        'amelie.petit@example.com',
        'password221',
        '',
        TRUE,
        'Uber Eats'
    ),
    (
        35,
        NULL,
        5,
        'Monsieur',
        'Lemoine',
        'Laurent',
        '1997-06-23',
        '0612345712',
        'laurent.lemoine@example.com',
        'password332',
        '',
        FALSE,
        'Uber'
    ),
    (
        36,
        NULL,
        6,
        'Madame',
        'Durand',
        'Catherine',
        '1994-10-07',
        '0612345713',
        'catherine.durand@example.com',
        'password443',
        '',
        TRUE,
        'Uber Eats'
    ),
    (
        37,
        NULL,
        7,
        'Monsieur',
        'Gomez',
        'Lucas',
        '1986-12-19',
        '0612345714',
        'lucas.gomez@example.com',
        'password554',
        '',
        FALSE,
        'Uber'
    ),
    (
        38,
        NULL,
        8,
        'Madame',
        'Benoit',
        'Amandine',
        '1991-04-01',
        '0612345715',
        'amandine.benoit@example.com',
        'password665',
        '',
        FALSE,
        'Uber Eats'
    ),
    (
        39,
        NULL,
        9,
        'Monsieur',
        'Garcia',
        'Julien',
        '1993-08-10',
        '0612345716',
        'julien.garcia@example.com',
        'password776',
        '',
        FALSE,
        'Uber'
    ),
    (
        40,
        NULL,
        3,
        'Madame',
        'Lemoine',
        'Estelle',
        '1996-09-23',
        '0612345717',
        'estelle.lemoine@example.com',
        'password887',
        '',
        FALSE,
        'Uber Eats'
    ),
    (
        41,
        NULL,
        1,
        'Monsieur',
        'Lemoine',
        'Frederic',
        '1994-05-14',
        '0612345718',
        'frederic.lemoine@example.com',
        'password998',
        '',
        FALSE,
        'Uber'
    ),
    (
        42,
        NULL,
        2,
        'Madame',
        'Garcia',
        'Céline',
        '1988-01-25',
        '0612345719',
        'celine.garcia@example.com',
        'password009',
        '',
        FALSE,
        'Uber Eats'
    ),
    (
        43,
        NULL,
        3,
        'Monsieur',
        'Dupont',
        'Victor',
        '1992-12-03',
        '0612345720',
        'victor.dupont@example.com',
        'password110',
        '',
        FALSE,
        'Uber'
    ),
    (
        44,
        NULL,
        4,
        'Madame',
        'Lemoine',
        'Valérie',
        '1993-11-28',
        '0612345721',
        'valerie.lemoine@example.com',
        'password221',
        '',
        TRUE,
        'Uber Eats'
    ),
    (
        45,
        NULL,
        5,
        'Monsieur',
        'Benoit',
        'Louis',
        '1987-10-10',
        '0612345722',
        'louis.benoit@example.com',
        'password332',
        '',
        FALSE,
        'Uber'
    ),
    (
        46,
        NULL,
        6,
        'Madame',
        'Martine',
        'Sophie',
        '1984-08-21',
        '0612345723',
        'sophie.martine@example.com',
        'password443',
        '',
        TRUE,
        'Uber Eats'
    ),
    (
        47,
        NULL,
        7,
        'Monsieur',
        'Lemoine',
        'Pierre',
        '1990-03-01',
        '0612345724',
        'pierre.lemoine@example.com',
        'password554',
        '',
        FALSE,
        'Uber'
    ),
    (
        48,
        NULL,
        8,
        'Madame',
        'Bernard',
        'Laure',
        '1991-11-14',
        '0612345725',
        'laure.bernard@example.com',
        'password665',
        '',
        FALSE,
        'Uber Eats'
    ),
    (
        49,
        NULL,
        9,
        'Monsieur',
        'Garcia',
        'Rafael',
        '1994-06-30',
        '0612345726',
        'rafael.garcia@example.com',
        'password776',
        '',
        FALSE,
        'Uber'
    ),
    (
        50,
        NULL,
        1,
        'Madame',
        'Lemoine',
        'Solène',
        '1993-12-09',
        '0612345727',
        'solene.lemoine@example.com',
        'password887',
        '',
        TRUE,
        'Uber Eats'
    ),
    (
        51,
        1,
        1,
        'Monsieur',
        'Dupont',
        'Marc',
        '1990-03-15',
        '0612555678',
        'jean.dupont5@example.com',
        'password998',
        '',
        TRUE,
        'Uber'
    ),
    (
        52,
        2,
        2,
        'Madame',
        'Martin',
        'Clair',
        '1985-06-20',
        '0612344679',
        'clair.martin8@example.com',
        'password406',
        '',
        FALSE,
        'Uber Eats'
    ),
    (
        53,
        3,
        3,
        'Monsieur',
        'Durand',
        'Paul',
        '1988-11-05',
        '0612347680',
        'paul.durand4@example.com',
        'password789',
        '',
        TRUE,
        'Uber Eats'
    ),
    (
        54,
        4,
        4,
        'Madame',
        'Bernardo',
        'Sophie',
        '1992-11-10',
        '0612322681',
        'sophie.bernardo@example.com',
        'password101',
        '',
        FALSE,
        'Uber Eats'
    ),
    (
        55,
        5,
        5,
        'Monsieur',
        'Lemoine',
        'Alexandre',
        '1987-01-25',
        '0613345682',
        'alexandre.lemoine56@example.com',
        'password202',
        '',
        TRUE,
        'Uber Eats'
    ),
    (
        56,
        6,
        6,
        'Madame',
        'Petit',
        'Lucielle',
        '1995-03-16',
        '0612348683',
        'lucielle.petit@example.com',
        'password303',
        '',
        TRUE,
        'Uber Eats'
    ),
    (
        57,
        7,
        7,
        'Monsieur',
        'Lemoine',
        'Thomas',
        '1980-08-09',
        '0612345284',
        'thomas.lemoine8@example.com',
        'password404',
        '',
        FALSE,
        'Uber Eats'
    ),
    (
        58,
        8,
        8,
        'Madame',
        'Lemoine',
        'Marie',
        '1998-12-02',
        '0612345185',
        'marie.lemoine8@example.com',
        'password505',
        '',
        TRUE,
        'Uber Eats'
    ),
    (
        59,
        9,
        9,
        'Monsieur',
        'Benoite',
        'Philippe',
        '1992-05-22',
        '0612345086',
        'philippe.benoite@example.com',
        'password606',
        '',
        FALSE,
        'Uber Eats'
    ),
    (
        60,
        10,
        10,
        'Madame',
        'Lemoine',
        'Sophiette',
        '1995-07-11',
        '0613345687',
        'sophiette.lemoine@example.com',
        'password707',
        '',
        TRUE,
        'Uber Eats'
    ),
    (
        61,
        1,
        61,
        'Monsieur',
        'Martin',
        'Paul',
        '1985-02-20',
        '0623456789',
        'paul.martin@example.com',
        'password234',
        'profile2.jpg',
        TRUE,
        'Uber Eats'
    ),
    (
        62,
        2,
        62,
        'Madame',
        'Bernard',
        'Sophie',
        '1992-07-11',
        '0634567890',
        'sophie.bernard2@example.com',
        'password345',
        'profile3.jpg',
        FALSE,
        'Uber Eats'
    ),
    (
        63,
        3,
        63,
        'Monsieur',
        'Durand',
        'Lucas',
        '1990-12-15',
        '0645678901',
        'lucas.durand@example.com',
        'password456',
        'profile4.jpg',
        TRUE,
        'Uber Eats'
    ),
    (
        64,
        4,
        64,
        'Madame',
        'Petit',
        'Emma',
        '1988-05-22',
        '0656789012',
        'emma.petit@example.com',
        'password567',
        '',
        TRUE,
        'Uber Eats'
    ),
    (
        65,
        5,
        65,
        'Monsieur',
        'Moreau',
        'Hugo',
        '1993-11-02',
        '0667890123',
        'hugo.moreau@example.com',
        'password678',
        '',
        TRUE,
        'Uber Eats'
    ),
    (
        66,
        6,
        66,
        'Madame',
        'Lemoine',
        'Julie',
        '1987-04-10',
        '0678901234',
        'julie.lemoine@example.com',
        'password789',
        '',
        TRUE,
        'Uber Eats'
    ),
    (
        67,
        7,
        67,
        'Monsieur',
        'Renard',
        'Maxime',
        '1990-08-12',
        '0689012345',
        'maxime.renard@example.com',
        'password890',
        '',
        TRUE,
        'Uber Eats'
    ),
    (
        68,
        8,
        68,
        'Madame',
        'Clement',
        'Laura',
        '1985-01-20',
        '0690123456',
        'laura.clement@example.com',
        'password901',
        '',
        TRUE,
        'Uber Eats'
    ),
    (
        69,
        9,
        69,
        'Monsieur',
        'Faure',
        'Gabriel',
        '1994-02-14',
        '0601234567',
        'gabriel.faure@example.com',
        'password012',
        '',
        TRUE,
        'Uber Eats'
    ),
    (
        70,
        10,
        70,
        'Madame',
        'Giraud',
        'Elise',
        '1990-05-18',
        '0612345678',
        'elise.giraud@example.com',
        'password123',
        '',
        TRUE,
        'Uber Eats'
    ),
    (
        71,
        NULL,
        71,
        'Monsieur',
        'Chevalier',
        'Simon',
        '1991-03-11',
        '0623456789',
        'simon.chevalier@example.com',
        'password234',
        '',
        TRUE,
        'Uber Eats'
    ),
    (
        72,
        NULL,
        72,
        'Madame',
        'Benoit',
        'Marie',
        '1989-09-15',
        '0634567890',
        'marie.benoit@example.com',
        'password345',
        '',
        TRUE,
        'Uber Eats'
    ),
    (
        73,
        NULL,
        73,
        'Monsieur',
        'Lambert',
        'Thomas',
        '1987-06-18',
        '0645678901',
        'thomas.lambert@example.com',
        'password456',
        '',
        TRUE,
        'Uber Eats'
    ),
    (
        74,
        NULL,
        74,
        'Madame',
        'Roussel',
        'Alice',
        '1990-12-25',
        '0656789012',
        'alice.roussel@example.com',
        'password567',
        '',
        TRUE,
        'Uber Eats'
    ),
    (
        75,
        NULL,
        75,
        'Monsieur',
        'Fournier',
        'Lucas',
        '1992-07-19',
        '0667890123',
        'lucas.fournier@example.com',
        'password678',
        '',
        TRUE,
        'Uber Eats'
    ),
    (
        76,
        NULL,
        76,
        'Madame',
        'Dupuis',
        'Julie',
        '1986-04-23',
        '0678901234',
        'julie.dupuis@example.com',
        'password789',
        '',
        TRUE,
        'Uber Eats'
    ),
    (
        77,
        NULL,
        77,
        'Monsieur',
        'Berger',
        'Hugo',
        '1993-11-30',
        '0689012345',
        'hugo.berger@example.com',
        'password890',
        '',
        TRUE,
        'Uber Eats'
    ),
    (
        78,
        NULL,
        78,
        'Madame',
        'Leclerc',
        'Emma',
        '1989-01-10',
        '0690123456',
        'emma.leclerc@example.com',
        'password901',
        '',
        TRUE,
        'Uber Eats'
    ),
    (
        79,
        NULL,
        79,
        'Monsieur',
        'Gautier',
        'Maxime',
        '1990-08-12',
        '0601234567',
        'maxime.gautier@example.com',
        'password012',
        '',
        TRUE,
        'Uber Eats'
    ),
    (
        80,
        NULL,
        80,
        'Madame',
        'Vidal',
        'Laura',
        '1994-05-18',
        '0612345678',
        'laura.vidal@example.com',
        'password123',
        '',
        TRUE,
        'Uber Eats'
    ),
    (
        81,
        NULL,
        81,
        'Monsieur',
        'Abdoulvaid',
        'Tanguy',
        '1985-02-20',
        '0623456789',
        'abdoulvaid.tanguy@example.com',
        'password234',
        'profile2.jpg',
        FALSE,
        'Uber Eats'
    ),
    (
        82,
        NULL,
        82,
        'Monsieur',
        'Fetre',
        'Simon',
        '1992-07-11',
        '0634567890',
        'fetre.simon@example.com',
        'password345',
        'profile3.jpg',
        FALSE,
        'Uber Eats'
    ),
    (
        83,
        NULL,
        83,
        'Monsieur',
        'Bekhouche',
        'Amir',
        '1990-12-15',
        '0645678901',
        'bekhouche.amir@example.com',
        'password456',
        'profile4.jpg',
        FALSE,
        'Uber Eats'
    ),
    (
        84,
        NULL,
        84,
        'Monsieur',
        'Cetinkaya',
        'Melih',
        '1988-05-22',
        '0656789012',
        'cetinkaya.melih@example.com',
        'password567',
        '',
        FALSE,
        'Uber Eats'
    ),
    (
        85,
        NULL,
        85,
        'Monsieur',
        'Moreau',
        'Hugo',
        '1993-11-02',
        '0667890123',
        'hugo.moreau57@example.com',
        'password678',
        '',
        FALSE,
        'Uber Eats'
    ),
    (
        86,
        NULL,
        86,
        'Madame',
        'Lemoine',
        'Julie',
        '1987-04-10',
        '0678901234',
        'julie.lemoine774@example.com',
        'password789',
        '',
        FALSE,
        'Uber Eats'
    ),
    (
        87,
        NULL,
        87,
        'Monsieur',
        'Renard',
        'Maxime',
        '1990-08-12',
        '0689012345',
        'maxime.renard35@example.com',
        'password890',
        '',
        FALSE,
        'Uber Eats'
    ),
    (
        88,
        NULL,
        88,
        'Madame',
        'Clement',
        'Laura',
        '1985-01-20',
        '0690123456',
        'laura.clement35@example.com',
        'password901',
        '',
        FALSE,
        'Uber Eats'
    ),
    (
        89,
        NULL,
        89,
        'Monsieur',
        'Faure',
        'Gabriel',
        '1994-02-14',
        '0601234567',
        'gabriel.faure53@example.com',
        'password012',
        '',
        FALSE,
        'Uber Eats'
    ),
    (
        90,
        NULL,
        90,
        'Madame',
        'Giraud',
        'Elise',
        '1990-05-18',
        '0612345678',
        'elise.giraud35@example.com',
        'password123',
        '',
        FALSE,
        'Uber Eats'
    ),
    (
        91,
        NULL,
        91,
        'Monsieur',
        'Chevalier',
        'Simon',
        '1991-03-11',
        '0623456789',
        'simon.chevalier77@example.com',
        'password234',
        '',
        FALSE,
        'Uber Eats'
    ),
    (
        92,
        NULL,
        92,
        'Madame',
        'Benoit',
        'Marie',
        '1989-09-15',
        '0634567890',
        'marie.benoit77@example.com',
        'password345',
        '',
        FALSE,
        'Uber Eats'
    ),
    (
        93,
        NULL,
        93,
        'Monsieur',
        'Lambert',
        'Thomas',
        '1987-06-18',
        '0645678901',
        'thomas.lambert44@example.com',
        'password456',
        '',
        FALSE,
        'Uber Eats'
    ),
    (
        94,
        NULL,
        94,
        'Madame',
        'Roussel',
        'Alice',
        '1990-12-25',
        '0656789012',
        'alice.roussel44@example.com',
        'password567',
        '',
        FALSE,
        'Uber Eats'
    ),
    (
        95,
        NULL,
        95,
        'Monsieur',
        'Fournier',
        'Lucas',
        '1992-07-19',
        '0667890123',
        'lucas.fournier44@example.com',
        'password678',
        'profile95.jpg',
        FALSE,
        'Uber Eats'
    ),
    (
        96,
        NULL,
        96,
        'Madame',
        'Dupuis',
        'Julie',
        '1986-04-23',
        '0678901234',
        'julie.dupuis4@example.com',
        'password789',
        'profile96.jpg',
        FALSE,
        'Uber Eats'
    ),
    (
        97,
        NULL,
        97,
        'Monsieur',
        'Berger',
        'Hugo',
        '1993-11-30',
        '0689012345',
        'hugo.berger2@example.com',
        'password890',
        'profile97.jpg',
        FALSE,
        'Uber Eats'
    ),
    (
        98,
        NULL,
        98,
        'Madame',
        'Leclerc',
        'Emma',
        '1989-01-10',
        '0690123456',
        'emma.leclerc2@example.com',
        'password901',
        'profile98.jpg',
        FALSE,
        'Uber Eats'
    ),
    (
        99,
        NULL,
        99,
        'Monsieur',
        'Gautier',
        'Maxime',
        '1990-08-12',
        '0601234567',
        'maxime.gautier2@example.com',
        'password012',
        'profile99.jpg',
        FALSE,
        'Uber Eats'
    ),
    (
        100,
        NULL,
        100,
        'Madame',
        'Vidal',
        'Laura',
        '1994-05-18',
        '0612345678',
        'laura.vidal2@example.com',
        'password123',
        'profile100.jpg',
        FALSE,
        'Uber Eats'
    ),
    (
        101,
        1,
        101,
        'Monsieur',
        'Martin',
        'Paul',
        '1985-02-20',
        '0623456781',
        'paul.martin4@example.com',
        'password234',
        'profile2.jpg',
        FALSE,
        'Uber Eats'
    ),
    (
        102,
        2,
        102,
        'Madame',
        'Bernard',
        'Sophie',
        '1992-07-11',
        '0634567892',
        'sophie.bernard23@example.com',
        'password345',
        'profile3.jpg',
        FALSE,
        'Uber Eats'
    ),
    (
        103,
        3,
        103,
        'Monsieur',
        'Durand',
        'Lucas',
        '1990-12-15',
        '0645678903',
        'lucas.durand15@example.com',
        'password456',
        'profile4.jpg',
        FALSE,
        'Uber Eats'
    ),
    (
        104,
        4,
        104,
        'Madame',
        'Petit',
        'Emma',
        '1988-05-22',
        '0656789014',
        'emma.petit24@example.com',
        'password567',
        '',
        FALSE,
        'Uber Eats'
    ),
    (
        105,
        5,
        105,
        'Monsieur',
        'Moreau',
        'Hugo',
        '1993-11-02',
        '0667890125',
        'hugo.moreau45@example.com',
        'password678',
        '',
        FALSE,
        'Uber Eats'
    ),
    (
        106,
        6,
        106,
        'Madame',
        'Lemoine',
        'Julie',
        '1987-04-10',
        '0678901236',
        'julie.lemoine22@example.com',
        'password789',
        '',
        FALSE,
        'Uber Eats'
    ),
    (
        107,
        7,
        107,
        'Monsieur',
        'Renard',
        'Maxime',
        '1990-08-12',
        '0689012347',
        'maxime.renardo@example.com',
        'password890',
        '',
        FALSE,
        'Uber Eats'
    ),
    (
        108,
        8,
        108,
        'Madame',
        'Clement',
        'Laura',
        '1985-01-20',
        '0690123458',
        'laura.clement7@example.com',
        'password901',
        '',
        FALSE,
        'Uber Eats'
    ),
    (
        109,
        9,
        109,
        'Monsieur',
        'Faure',
        'Gabriel',
        '1994-02-14',
        '0601234569',
        'gabriel.faure9@example.com',
        'password012',
        '',
        FALSE,
        'Uber Eats'
    ),
    (
        110,
        10,
        110,
        'Madame',
        'Giraud',
        'Elise',
        '1990-05-18',
        '0612345670',
        'elise.giraud8@example.com',
        'password123',
        '',
        FALSE,
        'Uber Eats'
    ),
    (
        111,
        NULL,
        111,
        'Monsieur',
        'Chevalier',
        'Simon',
        '1991-03-11',
        '0623456782',
        'simon.chevalier56@example.com',
        'password234',
        '',
        TRUE,
        'Uber Eats'
    ),
    (
        112,
        NULL,
        112,
        'Madame',
        'Benoit',
        'Marie',
        '1989-09-15',
        '0634567893',
        'marie.benoit42@example.com',
        'password345',
        '',
        TRUE,
        'Uber Eats'
    ),
    (
        113,
        NULL,
        113,
        'Monsieur',
        'Lambert',
        'Thomas',
        '1987-06-18',
        '0645678904',
        'thomas.lamber2t@example.com',
        'password456',
        '',
        TRUE,
        'Uber Eats'
    ),
    (
        114,
        NULL,
        74,
        'Madame',
        'Roussel',
        'Alice',
        '1990-12-25',
        '0656789015',
        'alice.roussel35@example.com',
        'password567',
        '',
        FALSE,
        'Uber Eats'
    ),
    (
        115,
        NULL,
        75,
        'Monsieur',
        'Fournier',
        'Lucas',
        '1992-07-19',
        '0667890126',
        'lucas.fournier74@example.com',
        'password678',
        '',
        TRUE,
        'Uber Eats'
    ),
    (
        116,
        NULL,
        76,
        'Madame',
        'Dupuis',
        'Julie',
        '1986-04-23',
        '0678901237',
        'julie.dupuis68@example.com',
        'password789',
        '',
        TRUE,
        'Uber Eats'
    ),
    (
        117,
        NULL,
        77,
        'Monsieur',
        'Berger',
        'Hugo',
        '1993-11-30',
        '0689012348',
        'hugo.berger44@example.com',
        'password890',
        '',
        TRUE,
        'Uber Eats'
    ),
    (
        118,
        NULL,
        78,
        'Madame',
        'Leclerc',
        'Emma',
        '1989-01-10',
        '0690123459',
        'emma.leclerc56@example.com',
        'password901',
        '',
        FALSE,
        'Uber'
    ),
    (
        119,
        NULL,
        79,
        'Monsieur',
        'Gautier',
        'Maxime',
        '1990-08-12',
        '0601234570',
        'maxime.gautier6@example.com',
        'password012',
        '',
        TRUE,
        'Uber'
    ),
    (
        120,
        NULL,
        80,
        'Madame',
        'Vidal',
        'Laura',
        '1994-05-18',
        '0612345671',
        'laura.vidal22@example.com',
        'password123',
        '',
        TRUE,
        'Uber'
    ),
    (
        121,
        NULL,
        81,
        'Monsieur',
        'Masson',
        'Paul',
        '1988-02-19',
        '0623456783',
        'paul.masson@example.com',
        'password234',
        '',
        FALSE,
        'Uber'
    ),
    (
        122,
        NULL,
        82,
        'Madame',
        'Grondin',
        'Sophie',
        '1992-08-21',
        '0634567894',
        'sophie.grondin@example.com',
        'password345',
        '',
        TRUE,
        'Uber'
    ),
    (
        123,
        NULL,
        83,
        'Monsieur',
        'Noël',
        'Lucas',
        '1991-05-25',
        '0645678905',
        'lucas.noel@example.com',
        'password456',
        '',
        TRUE,
        'Uber'
    ),
    (
        124,
        NULL,
        84,
        'Madame',
        'Perrin',
        'Emma',
        '1986-12-11',
        '0656789016',
        'emma.perrin@example.com',
        'password567',
        '',
        FALSE,
        'Uber'
    ),
    (
        125,
        NULL,
        85,
        'Monsieur',
        'Blanc',
        'Hugo',
        '1993-09-02',
        '0667890127',
        'hugo.blanc@example.com',
        'password678',
        '',
        TRUE,
        'Uber'
    ),
    (
        126,
        NULL,
        86,
        'Madame',
        'Fontaine',
        'Julie',
        '1987-04-28',
        '0678901238',
        'julie.fontaine@example.com',
        'password789',
        '',
        FALSE,
        'Uber'
    ),
    (
        127,
        NULL,
        87,
        'Monsieur',
        'Dupont',
        'Maxime',
        '1990-07-14',
        '0689012349',
        'maxime.dupont@example.com',
        'password890',
        '',
        TRUE,
        'Uber'
    ),
    (
        128,
        NULL,
        88,
        'Madame',
        'Martinez',
        'Laura',
        '1994-02-06',
        '0690123460',
        'laura.martinez@example.com',
        'password901',
        '',
        FALSE,
        'Uber'
    ),
    (
        129,
        NULL,
        89,
        'Monsieur',
        'Garcia',
        'Gabriel',
        '1989-10-31',
        '0601234571',
        'gabriel.garcia@example.com',
        'password012',
        '',
        TRUE,
        'Uber'
    ),
    (
        130,
        NULL,
        90,
        'Madame',
        'Roche',
        'Elise',
        '1990-06-17',
        '0612345672',
        'elise.roche@example.com',
        'password123',
        '',
        TRUE,
        'Uber'
    ),
    (
        131,
        NULL,
        91,
        'Monsieur',
        'Baron',
        'Simon',
        '1991-03-15',
        '0623456784',
        'simon.baron@example.com',
        'password234',
        '',
        FALSE,
        'Uber'
    ),
    (
        132,
        NULL,
        92,
        'Madame',
        'Marchal',
        'Marie',
        '1988-11-10',
        '0634567895',
        'marie.marchal@example.com',
        'password345',
        '',
        TRUE,
        'Uber'
    ),
    (
        133,
        NULL,
        93,
        'Monsieur',
        'Aubert',
        'Thomas',
        '1987-06-19',
        '0645678906',
        'thomas.aubert@example.com',
        'password456',
        '',
        FALSE,
        'Uber'
    ),
    (
        134,
        NULL,
        94,
        'Madame',
        'Moulin',
        'Alice',
        '1992-07-23',
        '0656789017',
        'alice.moulin@example.com',
        'password567',
        '',
        TRUE,
        'Uber'
    ),
    (
        135,
        NULL,
        95,
        'Monsieur',
        'Besson',
        'Lucas',
        '1994-01-22',
        '0667890128',
        'lucas.besson@example.com',
        'password678',
        '',
        FALSE,
        'Uber'
    ),
    (
        136,
        NULL,
        96,
        'Madame',
        'Navarro',
        'Julie',
        '1989-12-05',
        '0678901239',
        'julie.navarro@example.com',
        'password789',
        '',
        TRUE,
        'Uber'
    ),
    (
        137,
        NULL,
        97,
        'Monsieur',
        'Rey',
        'Hugo',
        '1990-10-14',
        '0689012350',
        'hugo.rey@example.com',
        'password890',
        '',
        TRUE,
        'Uber'
    ),
    (
        138,
        NULL,
        98,
        'Madame',
        'Clément',
        'Emma',
        '1987-05-30',
        '0690123461',
        'emma.clement@example.com',
        'password901',
        '',
        FALSE,
        'Uber'
    ),
    (
        139,
        NULL,
        99,
        'Monsieur',
        'Perrot',
        'Maxime',
        '1993-08-24',
        '0601234572',
        'maxime.perrot2@example.com',
        'password012',
        '',
        FALSE,
        'Uber'
    ),
    (
        140,
        NULL,
        100,
        'Madame',
        'Delattre',
        'Laura',
        '1992-09-11',
        '0612345673',
        'laura.delattre@example.com',
        'password123',
        '',
        TRUE,
        'Uber'
    ),
    (
        141,
        NULL,
        101,
        'Monsieur',
        'Petit',
        'Nathan',
        '1991-01-19',
        '0623456785',
        'nathan.petit@example.com',
        'password234',
        '',
        FALSE,
        'Uber'
    ),
    (
        142,
        NULL,
        102,
        'Madame',
        'Moreau',
        'Chloé',
        '1990-04-25',
        '0634567896',
        'chloe.moreau@example.com',
        'password345',
        '',
        TRUE,
        'Uber'
    ),
    (
        143,
        NULL,
        103,
        'Monsieur',
        'Roux',
        'Ethan',
        '1988-03-14',
        '0645678907',
        'ethan.roux@example.com',
        'password456',
        '',
        TRUE,
        'Uber'
    ),
    (
        144,
        NULL,
        104,
        'Madame',
        'Bertrand',
        'Louise',
        '1993-09-08',
        '0656789018',
        'louise.bertrand@example.com',
        'password567',
        '',
        TRUE,
        'Uber'
    ),
    (
        145,
        NULL,
        105,
        'Monsieur',
        'Giraud',
        'Alexandre',
        '1994-12-03',
        '0667890129',
        'alexandre.giraud@example.com',
        'password678',
        '',
        TRUE,
        'Uber'
    ),
    (
        146,
        NULL,
        106,
        'Madame',
        'Simon',
        'Camille',
        '1987-06-15',
        '0678901240',
        'camille.simon@example.com',
        'password789',
        '',
        TRUE,
        'Uber'
    ),
    (
        147,
        NULL,
        107,
        'Monsieur',
        'Bonnet',
        'Arthur',
        '1989-11-23',
        '0689012351',
        'arthur.bonnet@example.com',
        'password890',
        '',
        TRUE,
        'Uber'
    ),
    (
        148,
        NULL,
        108,
        'Madame',
        'Marty',
        'Sarah',
        '1991-02-28',
        '0690123462',
        'sarah.marty@example.com',
        'password901',
        '',
        TRUE,
        'Uber'
    ),
    (
        149,
        NULL,
        109,
        'Monsieur',
        'Chevalier',
        'Louis',
        '1986-05-09',
        '0601234573',
        'louis.chevalier@example.com',
        'password012',
        '',
        TRUE,
        'Uber'
    ),
    (
        150,
        NULL,
        110,
        'Madame',
        'Morin',
        'Alicia',
        '1992-07-13',
        '0612345674',
        'alicia.morin@example.com',
        'password123',
        '',
        TRUE,
        'Uber'
    ),
    (
        151,
        NULL,
        111,
        'Monsieur',
        'Leclerc',
        'Victor',
        '1990-03-20',
        '0623456786',
        'victor.leclerc@example.com',
        'password234',
        '',
        TRUE,
        'Uber'
    ),
    (
        152,
        NULL,
        112,
        'Madame',
        'Vidal',
        'Anaïs',
        '1989-10-17',
        '0634567897',
        'anais.vidal@example.com',
        'password345',
        '',
        FALSE,
        'Uber'
    ),
    (
        153,
        NULL,
        113,
        'Monsieur',
        'Lopez',
        'Matthieu',
        '1993-08-02',
        '0645678908',
        'matthieu.lopez@example.com',
        'password456',
        '',
        FALSE,
        'Uber'
    ),
    (
        154,
        NULL,
        114,
        'Madame',
        'Fabre',
        'Zoé',
        '1994-01-11',
        '0656789019',
        'zoe.fabre@example.com',
        'password567',
        '',
        TRUE,
        'Uber'
    ),
    (
        155,
        NULL,
        115,
        'Monsieur',
        'Renaud',
        'Tom',
        '1987-04-18',
        '0667890130',
        'tom.renaud@example.com',
        'password678',
        '',
        TRUE,
        'Uber'
    ),
    (
        156,
        NULL,
        116,
        'Madame',
        'Clement',
        'Emma',
        '1988-06-30',
        '0678901241',
        'emma.clement2@example.com',
        'password789',
        '',
        FALSE,
        'Uber'
    ),
    (
        157,
        NULL,
        117,
        'Monsieur',
        'Colin',
        'Jules',
        '1992-03-25',
        '0689012352',
        'jules.colin@example.com',
        'password890',
        '',
        TRUE,
        'Uber'
    ),
    (
        158,
        NULL,
        118,
        'Madame',
        'Fernandez',
        'Eva',
        '1991-07-14',
        '0690123463',
        'eva.fernandez@example.com',
        'password901',
        '',
        TRUE,
        'Uber'
    ),
    (
        159,
        NULL,
        119,
        'Monsieur',
        'Gonzalez',
        'Romain',
        '1989-11-29',
        '0601234574',
        'romain.gonzalez@example.com',
        'password012',
        '',
        TRUE,
        'Uber'
    ),
    (
        160,
        NULL,
        120,
        'Madame',
        'Lambert',
        'Léna',
        '1987-08-12',
        '0612345675',
        'lena.lambert@example.com',
        'password123',
        '',
        FALSE,
        'Uber'
    ),
    (
        161,
        NULL,
        121,
        'Monsieur',
        'Dupuis',
        'Hugo',
        '1994-02-09',
        '0623456787',
        'hugo.dupuis@example.com',
        'password234',
        '',
        TRUE,
        'Uber'
    ),
    (
        162,
        NULL,
        122,
        'Madame',
        'Gaillard',
        'Lucie',
        '1990-05-04',
        '0634567898',
        'lucie.gaillard@example.com',
        'password345',
        '',
        TRUE,
        'Uber'
    ),
    (
        163,
        NULL,
        123,
        'Monsieur',
        'Brun',
        'Antoine',
        '1988-12-23',
        '0645678909',
        'antoine.brun@example.com',
        'password456',
        '',
        FALSE,
        'Uber'
    ),
    (
        164,
        NULL,
        124,
        'Madame',
        'Charles',
        'Marie',
        '1993-09-18',
        '0656789020',
        'marie.charles@example.com',
        'password567',
        '',
        FALSE,
        'Uber'
    ),
    (
        165,
        NULL,
        125,
        'Monsieur',
        'Renard',
        'Maxime',
        '1989-03-10',
        '0667890131',
        'maxime.renard2@example.com',
        'password678',
        'profile66.jpg',
        TRUE,
        'Uber'
    ),
    (
        166,
        NULL,
        126,
        'Madame',
        'Guillot',
        'Claire',
        '1987-10-29',
        '0678901242',
        'claire.guillot@example.com',
        'password789',
        'profile67.jpg',
        FALSE,
        'Uber'
    ),
    (
        167,
        NULL,
        127,
        'Monsieur',
        'Lemoine',
        'Nathan',
        '1991-12-25',
        '0689012353',
        'nathan.lemoine@example.com',
        'password890',
        'profile68.jpg',
        TRUE,
        'Uber'
    ),
    (
        168,
        NULL,
        128,
        'Madame',
        'Picard',
        'Julie',
        '1989-06-07',
        '0690123464',
        'julie.picard@example.com',
        'password901',
        'profile69.jpg',
        TRUE,
        'Uber'
    ),
    (
        169,
        NULL,
        129,
        'Monsieur',
        'Muller',
        'Lucas',
        '1992-03-17',
        '0601234575',
        'lucas.muller@example.com',
        'password012',
        'profile70.jpg',
        FALSE,
        'Uber'
    ),
    (
        170,
        NULL,
        130,
        'Madame',
        'Marchand',
        'Manon',
        '1990-09-11',
        '0612345676',
        'manon.marchand@example.com',
        'password123',
        'profile71.jpg',
        TRUE,
        'Uber'
    ),
    (
        171,
        NULL,
        131,
        'Monsieur',
        'Henry',
        'Gabriel',
        '1988-04-05',
        '0623456788',
        'gabriel.henry@example.com',
        'password234',
        'profile72.jpg',
        TRUE,
        'Uber'
    ),
    (
        172,
        NULL,
        132,
        'Madame',
        'Barbier',
        'Alice',
        '1993-10-30',
        '0634567899',
        'alice.barbier@example.com',
        'password345',
        'profile73.jpg',
        FALSE,
        'Uber'
    ),
    (
        173,
        NULL,
        133,
        'Monsieur',
        'Arnaud',
        'Théo',
        '1994-02-19',
        '0645678910',
        'theo.arnaud@example.com',
        'password456',
        'profile74.jpg',
        TRUE,
        'Uber'
    ),
    (
        174,
        NULL,
        134,
        'Madame',
        'Martinez',
        'Sophie',
        '1987-05-27',
        '0656789021',
        'sophie.martinez@example.com',
        'password567',
        'profile75.jpg',
        TRUE,
        'Uber'
    ),
    (
        175,
        NULL,
        135,
        'Monsieur',
        'Aubert',
        'Axel',
        '1991-11-12',
        '0667890132',
        'axel.aubert@example.com',
        'password678',
        'profile76.jpg',
        TRUE,
        'Uber'
    ),
    (
        176,
        NULL,
        136,
        'Madame',
        'Girard',
        'Clara',
        '1989-08-22',
        '0678901243',
        'clara.girard@example.com',
        'password789',
        'profile77.jpg',
        FALSE,
        'Uber'
    ),
    (
        177,
        NULL,
        137,
        'Monsieur',
        'Andre',
        'Paul',
        '1990-01-31',
        '0689012354',
        'paul.andre@example.com',
        'password890',
        'profile78.jpg',
        TRUE,
        'Uber'
    ),
    (
        178,
        NULL,
        138,
        'Madame',
        'Blanc',
        'Eva',
        '1994-09-05',
        '0690123465',
        'eva.blanc@example.com',
        'password901',
        'profile79.jpg',
        TRUE,
        'Uber'
    ),
    (
        179,
        NULL,
        139,
        'Monsieur',
        'Legrand',
        'Thomas',
        '1991-06-28',
        '0601234576',
        'thomas.legrand@example.com',
        'password012',
        'profile80.jpg',
        TRUE,
        'Uber'
    ),
    (
        180,
        NULL,
        140,
        'Madame',
        'Dupont',
        'Léa',
        '1992-11-16',
        '0612345677',
        'lea.dupont@example.com',
        'password123',
        'profile81.jpg',
        TRUE,
        'Uber'
    ),
    (
        181,
        NULL,
        141,
        'Monsieur',
        'Riviere',
        'Quentin',
        '1988-07-18',
        '0623456789',
        'quentin.riviere@example.com',
        'password234',
        'profile82.jpg',
        TRUE,
        'Uber'
    ),
    (
        182,
        NULL,
        142,
        'Madame',
        'Perrot',
        'Mila',
        '1990-12-03',
        '0634567810',
        'mila.perrot@example.com',
        'password345',
        'profile83.jpg',
        TRUE,
        'Uber'
    ),
    (
        183,
        NULL,
        143,
        'Monsieur',
        'Gauthier',
        'Adrien',
        '1987-03-26',
        '0645678911',
        'adrien.gauthier@example.com',
        'password456',
        'profile84.jpg',
        TRUE,
        'Uber'
    ),
    (
        184,
        NULL,
        144,
        'Madame',
        'Noel',
        'Elise',
        '1991-01-07',
        '0656789022',
        'elise.noel@example.com',
        'password567',
        'profile85.jpg',
        TRUE,
        'Uber'
    ),
    (
        185,
        NULL,
        145,
        'Monsieur',
        'Masson',
        'Lucas',
        '1989-11-04',
        '0667890133',
        'lucas.masson@example.com',
        'password678',
        'profile86.jpg',
        FALSE,
        'Uber'
    ),
    (
        186,
        NULL,
        146,
        'Madame',
        'Picot',
        'Marie',
        '1994-03-09',
        '0678901244',
        'marie.picot@example.com',
        'password789',
        'profile87.jpg',
        TRUE,
        'Uber'
    ),
    (
        187,
        NULL,
        147,
        'Monsieur',
        'Olivier',
        'Hugo',
        '1992-07-23',
        '0689012355',
        'hugo.olivier@example.com',
        'password890',
        'profile88.jpg',
        TRUE,
        'Uber'
    ),
    (
        188,
        NULL,
        148,
        'Madame',
        'Bouchet',
        'Camille',
        '1993-05-21',
        '0690123466',
        'camille.bouchet@example.com',
        'password901',
        'profile89.jpg',
        TRUE,
        'Uber'
    ),
    (
        189,
        NULL,
        149,
        'Monsieur',
        'Charpentier',
        'Leo',
        '1987-12-15',
        '0601234577',
        'leo.charpentier@example.com',
        'password012',
        'profile90.jpg',
        TRUE,
        'Uber'
    ),
    (
        190,
        NULL,
        150,
        'Madame',
        'Michaud',
        'Anna',
        '1988-10-10',
        '0612345678',
        'anna.michaud@example.com',
        'password123',
        'profile91.jpg',
        TRUE,
        'Uber'
    ),
    (
        191,
        NULL,
        151,
        'Monsieur',
        'Lecomte',
        'Nathan',
        '1991-02-03',
        '0623456790',
        'nathan.lecomte@example.com',
        'password234',
        'profile92.jpg',
        FALSE,
        'Uber'
    ),
    (
        192,
        NULL,
        152,
        'Madame',
        'Collet',
        'Eva',
        '1990-08-06',
        '0634567811',
        'eva.collet@example.com',
        'password345',
        'profile93.jpg',
        TRUE,
        'Uber'
    ),
    (
        193,
        NULL,
        153,
        'Monsieur',
        'Royer',
        'Alexis',
        '1992-04-01',
        '0645678912',
        'alexis.royer@example.com',
        'password456',
        'profile94.jpg',
        FALSE,
        'Uber'
    ),
    (
        194,
        NULL,
        154,
        'Madame',
        'Benoit',
        'Emma',
        '1989-06-13',
        '0656789023',
        'emma.benoit@example.com',
        'password567',
        'profile95.jpg',
        TRUE,
        'Uber'
    ),
    (
        195,
        NULL,
        155,
        'Monsieur',
        'Langlois',
        'Victor',
        '1993-10-21',
        '0667890134',
        'victor.langlois@example.com',
        'password678',
        'profile96.jpg',
        TRUE,
        'Uber'
    ),
    (
        196,
        NULL,
        156,
        'Madame',
        'Bourgeois',
        'Lea',
        '1988-09-30',
        '0678901245',
        'lea.bourgeois@example.com',
        'password789',
        'profile97.jpg',
        TRUE,
        'Uber'
    ),
    (
        197,
        NULL,
        157,
        'Monsieur',
        'Pereira',
        'Lucas',
        '1990-12-08',
        '0689012356',
        'lucas.pereira@example.com',
        'password890',
        'profile98.jpg',
        TRUE,
        'Uber'
    ),
    (
        198,
        NULL,
        158,
        'Madame',
        'Duval',
        'Manon',
        '1994-05-16',
        '0690123467',
        'manon.duval@example.com',
        'password901',
        'profile99.jpg',
        TRUE,
        'Uber'
    ),
    (
        199,
        NULL,
        159,
        'Monsieur',
        'Barre',
        'Gabriel',
        '1991-11-01',
        '0601234578',
        'gabriel.barre@example.com',
        'password012',
        'profile100.jpg',
        TRUE,
        'Uber'
    ),
    (
        200,
        NULL,
        168,
        'Madame',
        'Martin',
        'Camille',
        '1994-05-18',
        '0712345678',
        'camille.martin@example.com',
        'password123',
        '',
        TRUE,
        'Uber'
    ),
    (
        201,
        NULL,
        169,
        'Monsieur',
        'Petit',
        'Julien',
        '1985-02-20',
        '0723452789',
        'julien.petit@example.com',
        'password234',
        'profile2.jpg',
        FALSE,
        'Uber'
    ),
    (
        202,
        NULL,
        170,
        'Monsieur',
        'Morel',
        'Lucas',
        '1992-07-11',
        '0734567890',
        'lucas.morel@example.com',
        'password345',
        'profile3.jpg',
        FALSE,
        'Uber'
    ),
    (
        203,
        NULL,
        171,
        'Monsieur',
        'Girard',
        'Nathan',
        '1990-12-15',
        '0745678901',
        'nathan.girard@example.com',
        'password456',
        'profile4.jpg',
        FALSE,
        'Uber'
    ),
    (
        204,
        NULL,
        172,
        'Monsieur',
        'Lemoine',
        'Antoine',
        '1988-05-22',
        '0756789012',
        'antoine.lemoine@example.com',
        'password567',
        '',
        FALSE,
        'Uber'
    ),
    (
        205,
        NULL,
        173,
        'Monsieur',
        'Blanc',
        'Mathieu',
        '1993-11-02',
        '0767890123',
        'mathieu.blanc@example.com',
        'password678',
        '',
        FALSE,
        'Uber'
    ),
    (
        206,
        NULL,
        174,
        'Madame',
        'Roux',
        'Sophie',
        '1987-04-10',
        '0778901234',
        'sophie.roux@example.com',
        'password789',
        '',
        FALSE,
        'Uber'
    ),
    (
        207,
        NULL,
        175,
        'Monsieur',
        'Fontaine',
        'Max',
        '1990-08-12',
        '0789012345',
        'max.fontaine@example.com',
        'password890',
        '',
        FALSE,
        'Uber'
    ),
    (
        208,
        NULL,
        176,
        'Madame',
        'Perret',
        'Claire',
        '1985-01-20',
        '0790123456',
        'claire.perret@example.com',
        'password901',
        '',
        FALSE,
        'Uber'
    ),
    (
        209,
        NULL,
        177,
        'Monsieur',
        'Dupont',
        'Gabriel',
        '1994-02-14',
        '0701234568',
        'gabriel.dupont@example.com',
        'password012',
        '',
        FALSE,
        'Uber'
    ),
    (
        210,
        NULL,
        178,
        'Madame',
        'Leroy',
        'Emma',
        '1990-05-18',
        '0712325679',
        'emma.leroy@example.com',
        'password123',
        '',
        FALSE,
        'Uber'
    ),
    (
        211,
        NULL,
        179,
        'Monsieur',
        'Bernard',
        'Louis',
        '1991-03-11',
        '0723456788',
        'louis.bernard@example.com',
        'password234',
        '',
        FALSE,
        'Uber'
    ),
    (
        212,
        NULL,
        180,
        'Madame',
        'Garnier',
        'Julie',
        '1989-09-15',
        '0734567888',
        'julie.garnier@example.com',
        'password345',
        '',
        FALSE,
        'Uber'
    ),
    (
        213,
        NULL,
        181,
        'Monsieur',
        'Renaud',
        'Adrien',
        '1987-06-18',
        '0745678888',
        'adrien.renaud@example.com',
        'password456',
        '',
        FALSE,
        'Uber'
    ),
    (
        214,
        NULL,
        182,
        'Madame',
        'Michel',
        'Alice',
        '1990-12-25',
        '0756788888',
        'alice.michel@example.com',
        'password567',
        '',
        FALSE,
        'Uber'
    ),
    (
        215,
        NULL,
        183,
        'Monsieur',
        'Clément',
        'Paul',
        '1992-07-19',
        '0767898888',
        'paul.clement@example.com',
        'password678',
        'profile95.jpg',
        FALSE,
        'Uber'
    ),
    (
        216,
        NULL,
        184,
        'Madame',
        'Morin',
        'Lucie',
        '1986-04-23',
        '0778908888',
        'lucie.morin@example.com',
        'password789',
        'profile96.jpg',
        FALSE,
        'Uber'
    ),
    (
        217,
        NULL,
        185,
        'Monsieur',
        'Marchand',
        'Bastien',
        '1993-11-30',
        '0789018888',
        'bastien.marchand@example.com',
        'password890',
        'profile97.jpg',
        FALSE,
        'Uber'
    ),
    (
        218,
        NULL,
        186,
        'Madame',
        'Meyer',
        'Manon',
        '1989-01-10',
        '0790128888',
        'manon.meyer@example.com',
        'password901',
        'profile98.jpg',
        FALSE,
        'Uber'
    ),
    (
        219,
        NULL,
        187,
        'Monsieur',
        'Robin',
        'Hugo',
        '1990-08-12',
        '0701239999',
        'hugo.robin@example.com',
        'password012',
        'profile99.jpg',
        FALSE,
        'Uber'
    ),
    (
        220,
        NULL,
        188,
        'Madame',
        'Fischer',
        'Aline',
        '1994-05-18',
        '0712349999',
        'aline.fischer@example.com',
        'password123',
        'profile100.jpg',
        FALSE,
        'Uber'
    );
INSERT INTO CLIENT_CARTE (IDCB, IDCLIENT)
VALUES (1, 1),
    (2, 2),
    (3, 3),
    (4, 4),
    (5, 5),
    (6, 6),
    (7, 7),
    (8, 8),
    (9, 9),
    (10, 10);
INSERT INTO LIEU_FAVORI (IDLIEUFAVORI, IDCLIENT, IDADRESSE, NOMLIEU)
VALUES (1, 1, 1, 'Maison'),
    (2, 1, 3, 'Travail'),
    (3, 2, 2, 'Maison'),
    (4, 2, 5, 'Gym'),
    (5, 3, 6, 'Maison'),
    (6, 4, 8, 'Travail'),
    (7, 5, 10, 'Maison'),
    (8, 6, 12, 'Restaurant préféré'),
    (9, 7, 15, 'Maison'),
    (10, 8, 18, 'Café favori'),
    (11, 9, 19, 'Maison'),
    (12, 10, 21, 'Bibliothèque'),
    (13, 11, 25, 'Maison'),
    (14, 12, 28, 'Ecole'),
    (15, 13, 30, 'Maison'),
    (16, 14, 35, 'Piscine'),
    (17, 15, 40, 'Maison'),
    (18, 16, 41, 'Parc'),
    (19, 17, 42, 'Maison'),
    (20, 18, 45, 'Cinéma');
INSERT INTO COURSIER (
        IDCOURSIER,
        IDENTREPRISE,
        IDADRESSE,
        GENREUSER,
        NOMUSER,
        PRENOMUSER,
        DATENAISSANCE,
        TELEPHONE,
        EMAILUSER,
        MOTDEPASSEUSER,
        NUMEROCARTEVTC,
        IBAN,
        DATEDEBUTACTIVITE,
        NOTEMOYENNE
    )
VALUES (
        1,
        1,
        108,
        'Monsieur',
        'Martin',
        'Pierre',
        '1985-06-12',
        '0612345678',
        'pierre.martin@example.com',
        'password123',
        '123456789012',
        NULL,
        NULL,
        NULL
    ),
    (
        2,
        2,
        124,
        'Monsieur',
        'Dupont',
        'Paul',
        '1990-09-05',
        '0623456789',
        'paul.dupont@example.com',
        'password456',
        '112312312312',
        NULL,
        NULL,
        NULL
    ),
    (
        3,
        3,
        121,
        'Monsieur',
        'Lemoine',
        'Luc',
        '1992-11-22',
        '0634567890',
        'luc.lemoine@example.com',
        'password789',
        '112312312351',
        'FR7634567890123456789012345',
        '2022-05-01',
        4.5
    ),
    (
        4,
        4,
        130,
        'Monsieur',
        'Lopez',
        'Marc',
        '1988-02-17',
        '0645678901',
        'marc.lopez@example.com',
        'password101',
        '148512314561',
        NULL,
        NULL,
        NULL
    ),
    (
        5,
        5,
        127,
        'Monsieur',
        'Thomson',
        'David',
        '1987-03-30',
        '0656789012',
        'david.thomson@example.com',
        'password202',
        '112233445566',
        NULL,
        NULL,
        NULL
    ),
    (
        6,
        6,
        128,
        'Madame',
        'Tinastepe',
        'Feyza',
        '1983-12-14',
        '0667890123',
        'feyza.tinastepe@example.com',
        'password303',
        '112233445567',
        NULL,
        NULL,
        NULL
    ),
    (
        7,
        7,
        1,
        'Monsieur',
        'Amaral',
        'Nathan',
        '1991-05-20',
        '0678901234',
        'nathan.amaral@example.com',
        'password404',
        '112233445568',
        NULL,
        NULL,
        NULL
    ),
    (
        8,
        8,
        10,
        'Monsieur',
        'Petit',
        'François',
        '1993-07-09',
        '0689012345',
        'francois.petit@example.com',
        'password505',
        '112233445569',
        NULL,
        NULL,
        NULL
    ),
    (
        9,
        9,
        20,
        'Monsieur',
        'Girard',
        'Eric',
        '1984-01-29',
        '0690123456',
        'eric.girard@example.com',
        'password606',
        '112233445570',
        NULL,
        NULL,
        NULL
    ),
    (
        10,
        10,
        30,
        'Monsieur',
        'Faure',
        'Pierre',
        '1986-10-21',
        '0701234567',
        'pierre.faure@example.com',
        'password707',
        '112233445571',
        NULL,
        NULL,
        NULL
    ),
    (
        11,
        11,
        40,
        'Monsieur',
        'Cetinkaya',
        'Melih',
        '1995-01-12',
        '0712345678',
        'melih.cetinkaya@example.com',
        'password808',
        '112312312525',
        'FR7712345678901234567890123',
        '2021-06-01',
        4.6
    ),
    (
        12,
        12,
        50,
        'Monsieur',
        'Bekhouche',
        'Amir',
        '1989-03-18',
        '0723456789',
        'amir.bekhouche@example.com',
        'password909',
        '112233445573',
        NULL,
        NULL,
        NULL
    ),
    (
        13,
        13,
        60,
        'Monsieur',
        'Lemoine',
        'Henri',
        '1994-07-25',
        '0734567890',
        'henri.lemoine@example.com',
        'password010',
        '112233445574',
        NULL,
        NULL,
        NULL
    ),
    (
        14,
        14,
        70,
        'Monsieur',
        'Robert',
        'Maxime',
        '1981-09-03',
        '0745678901',
        'maxime.robert@example.com',
        'password111',
        '112233555574',
        'FR7745678901234567890123456',
        '2022-09-10',
        4.0
    ),
    (
        15,
        15,
        80,
        'Monsieur',
        'Giraud',
        'Samuel',
        '1986-04-14',
        '0756789012',
        'samuel.giraud@example.com',
        'password222',
        '112333555574',
        'FR7756789012345678901234567',
        '2023-01-15',
        4.8
    ),
    (
        16,
        16,
        90,
        'Monsieur',
        'Marchand',
        'Thierry',
        '1988-12-28',
        '0767890123',
        'thierry.marchand@example.com',
        'password333',
        '112233445577',
        NULL,
        NULL,
        NULL
    ),
    (
        17,
        17,
        100,
        'Monsieur',
        'Duval',
        'Olivier',
        '1992-08-22',
        '0778901234',
        'olivier.duval@example.com',
        'password444',
        '112233445578',
        NULL,
        NULL,
        NULL
    ),
    (
        18,
        18,
        110,
        'Monsieur',
        'Perrot',
        'Michel',
        '1987-06-10',
        '0789012345',
        'michel.perrot@example.com',
        'password555',
        '112233445579',
        NULL,
        NULL,
        NULL
    ),
    (
        19,
        19,
        120,
        'Monsieur',
        'Martin',
        'Jacques',
        '1990-10-15',
        '0790123456',
        'jacques.martin@example.com',
        'password666',
        '112233445580',
        NULL,
        NULL,
        NULL
    ),
    (
        20,
        20,
        130,
        'Monsieur',
        'Leroy',
        'Pierre',
        '1982-12-08',
        '0701234567',
        'pierre.leroy@example.com',
        'password777',
        '112233445590',
        'FR7801234567890123456789012',
        '2020-04-05',
        4.6
    ),
    (
        21,
        1,
        2,
        'Monsieur',
        'Fournier',
        'Julien',
        '1989-11-03',
        '0712345678',
        'julien.fournier@example.com',
        'password888',
        '112233445582',
        NULL,
        NULL,
        NULL
    ),
    (
        22,
        2,
        11,
        'Monsieur',
        'Hebert',
        'Alain',
        '1985-04-06',
        '0623456789',
        'alain.hebert@example.com',
        'password999',
        '112233335582',
        'FR7823456789012345678901234',
        '2023-02-10',
        4.3
    ),
    (
        23,
        3,
        21,
        'Monsieur',
        'Lemoine',
        'Vincent',
        '1991-05-12',
        '0734567890',
        'vincent.lemoine@example.com',
        'password000',
        '112233445584',
        NULL,
        NULL,
        NULL
    ),
    (
        24,
        4,
        41,
        'Monsieur',
        'Robert',
        'Louis',
        '1986-10-14',
        '0745678901',
        'louis.robert@example.com',
        'password111',
        '112863445582',
        'FR7845678901234567890123456',
        '2021-12-25',
        4.5
    ),
    (
        25,
        5,
        51,
        'Monsieur',
        'Perrin',
        'Claude',
        '1988-01-22',
        '0656789012',
        'claude.perrin@example.com',
        'password222',
        '112233445586',
        NULL,
        NULL,
        NULL
    ),
    (
        26,
        6,
        61,
        'Monsieur',
        'Leclerc',
        'Gérard',
        '1993-05-30',
        '0767890123',
        'gerard.leclerc@example.com',
        'password333',
        '119933445582',
        'FR7867890123456789012345678',
        '2023-08-15',
        4.1
    ),
    (
        27,
        7,
        71,
        'Monsieur',
        'Hamon',
        'Antoine',
        '1990-02-18',
        '0678901234',
        'antoine.hamon@example.com',
        'password444',
        '112233445588',
        NULL,
        NULL,
        NULL
    ),
    (
        28,
        8,
        81,
        'Monsieur',
        'Faure',
        'François',
        '1982-11-29',
        '0789012345',
        'francois.faure@example.com',
        'password555',
        '198233445588',
        'FR7889012345458901234567890',
        '2021-06-30',
        4.2
    ),
    (
        29,
        9,
        91,
        'Monsieur',
        'Vidal',
        'Bruno',
        '1994-04-21',
        '0790123456',
        'bruno.vidal@example.com',
        'password666',
        '112323445582',
        'FR7890123456789012345678901',
        '2022-03-15',
        4.7
    ),
    (
        30,
        10,
        101,
        'Monsieur',
        'Gauthier',
        'Denis',
        '1987-02-09',
        '0701234567',
        'denis.gauthier@example.com',
        'password777',
        '112233445591',
        NULL,
        NULL,
        NULL
    ),
    (
        31,
        20,
        1,
        'Madame',
        'Girard',
        'Marie',
        '1966-08-01',
        '0631513814',
        'marie.girard@example.com',
        'password123',
        '112233445592',
        NULL,
        NULL,
        NULL
    ),
    (
        32,
        21,
        2,
        'Madame',
        'Nazar',
        'Mashovets',
        '1982-09-16',
        '0623722186',
        'nazar.mashovets@example.com',
        'password123',
        '112233445593',
        NULL,
        NULL,
        NULL
    ),
    (
        33,
        22,
        3,
        'Madame',
        'Morel',
        'Sophie',
        '1991-09-16',
        '0654961949',
        'sophie.morel@example.com',
        'password123',
        '112233445594',
        NULL,
        NULL,
        NULL
    ),
    (
        34,
        23,
        4,
        'Madame',
        'Lefevre',
        'Julien',
        '1966-03-23',
        '0648631976',
        'julien.lefevre@example.com',
        'password123',
        '112233445595',
        NULL,
        NULL,
        NULL
    ),
    (
        35,
        24,
        5,
        'Monsieur',
        'Simone',
        'Lucie',
        '1983-06-26',
        '0683598903',
        'lucie.simone@example.com',
        'password123',
        '112233455595',
        'FR7856789012345678901234567',
        '2022-10-15',
        4.1
    ),
    (
        36,
        25,
        6,
        'Madame',
        'Bernard',
        'Julien',
        '2002-05-22',
        '0628529404',
        'julien.bernard@example.com',
        'password123',
        '112233335595',
        'FR7856736912345678901234567',
        '2021-03-12',
        4.6
    ),
    (
        37,
        26,
        7,
        'Madame',
        'Durant',
        'Sophie',
        '2005-08-19',
        '0641994603',
        'sophie.durant@example.com',
        'password123',
        '112239645595',
        'FR7878901234567890123456789',
        '2023-06-08',
        4.3
    ),
    (
        38,
        27,
        8,
        'Madame',
        'Simon',
        'Thomas',
        '1973-11-15',
        '0692490189',
        'thomas.simon@example.com',
        'password123',
        '112233445599',
        NULL,
        NULL,
        NULL
    ),
    (
        39,
        28,
        9,
        'Madame',
        'Girard',
        'Thomas',
        '1993-06-16',
        '0640699602',
        'thomas.girard@example.com',
        'password123',
        '112233445600',
        NULL,
        NULL,
        NULL
    ),
    (
        40,
        29,
        10,
        'Madame',
        'Martinez',
        'Sophie',
        '1999-08-24',
        '0672411852',
        'sophie.martinez@example.com',
        'password123',
        '112299445595',
        'FR7864560123456789012345678',
        '2021-07-01',
        4.5
    ),
    (
        41,
        30,
        11,
        'Madame',
        'Martinez',
        'Marie',
        '2001-11-10',
        '0614253911',
        'marie.martinez@example.com',
        'password123',
        '112233445602',
        NULL,
        NULL,
        NULL
    ),
    (
        42,
        31,
        12,
        'Madame',
        'Morel',
        'Emma',
        '2000-05-15',
        '0632902754',
        'emma.morel@example.com',
        'password123',
        '112233445603',
        NULL,
        NULL,
        NULL
    ),
    (
        43,
        32,
        13,
        'Monsieur',
        'Simon',
        'Lucie',
        '1977-06-26',
        '0667442009',
        'lucie.simon@example.com',
        'password123',
        '112233445604',
        NULL,
        NULL,
        NULL
    ),
    (
        44,
        33,
        14,
        'Madame',
        'Lefevre',
        'Lucie',
        '1970-01-30',
        '0619794010',
        'lucie.lefevre@example.com',
        'password123',
        '112233445605',
        NULL,
        NULL,
        NULL
    ),
    (
        45,
        34,
        15,
        'Monsieur',
        'Lemoine',
        'Marie',
        '1981-09-03',
        '0620576791',
        'marie.lemoine@example.com',
        'password123',
        '112233445606',
        NULL,
        NULL,
        NULL
    ),
    (
        46,
        35,
        16,
        'Monsieur',
        'Lemoine',
        'Jean',
        '1966-01-01',
        '0679182592',
        'jean.lemoine@example.com',
        'password123',
        '112233445607',
        NULL,
        NULL,
        NULL
    ),
    (
        47,
        36,
        17,
        'Monsieur',
        'Bernard',
        'Emma',
        '1980-06-01',
        '0697743044',
        'emma.bernard@example.com',
        'password123',
        '192233445595',
        'FR7898901234567890123456789',
        '2023-09-14',
        4.8
    ),
    (
        48,
        37,
        18,
        'Monsieur',
        'Lefevre',
        'Jean',
        '1985-06-15',
        '0657282709',
        'jean.lefevre@example.com',
        'password123',
        '182233445595',
        'FR7889963345678901234567890',
        '2021-08-01',
        4.7
    ),
    (
        49,
        38,
        19,
        'Monsieur',
        'Dupont',
        'Marie',
        '1971-08-21',
        '0630861331',
        'marie.dupont@example.com',
        'password123',
        '193233445595',
        'FR1230123456789012345678901',
        '2022-11-20',
        4.6
    ),
    (
        50,
        39,
        20,
        'Madame',
        'Morel',
        'Jean',
        '1982-07-09',
        '0621526665',
        'jean.morel@example.com',
        'password123',
        '112233445611',
        NULL,
        NULL,
        NULL
    ),
    (
        51,
        40,
        21,
        'Madame',
        'Bernard',
        'Pierre',
        '2000-09-08',
        '0612010931',
        'pierre.bernard@example.com',
        'password123',
        '112233445612',
        NULL,
        NULL,
        NULL
    ),
    (
        52,
        20,
        22,
        'Madame',
        'Lamine',
        'Julien',
        '1978-07-21',
        '0650541605',
        'julien.lamine@example.com',
        'password123',
        '112233445613',
        NULL,
        NULL,
        NULL
    ),
    (
        53,
        21,
        23,
        'Monsieur',
        'Lemoine',
        'Julien',
        '1972-12-02',
        '0694861942',
        'julien.lemoine@example.com',
        'password123',
        '112233445614',
        NULL,
        NULL,
        NULL
    ),
    (
        54,
        22,
        24,
        'Madame',
        'Morel',
        'Lucie',
        '1968-07-12',
        '0677233130',
        'lucie.morel@example.com',
        'password123',
        '112233445615',
        NULL,
        NULL,
        NULL
    ),
    (
        55,
        23,
        25,
        'Madame',
        'Petit',
        'Marie',
        '2005-04-20',
        '0632448773',
        'marie.petit@example.com',
        'password123',
        '112233445616',
        NULL,
        NULL,
        NULL
    ),
    (
        56,
        24,
        26,
        'Madame',
        'Lemoine',
        'Chloé',
        '1995-04-23',
        '0661953994',
        'chloe.lemoine@example.com',
        'password123',
        '112233445617',
        NULL,
        NULL,
        NULL
    ),
    (
        57,
        25,
        27,
        'Madame',
        'Petit',
        'Lucie',
        '1992-01-19',
        '0624611420',
        'lucie.petit@example.com',
        'password123',
        '112233445618',
        NULL,
        NULL,
        NULL
    ),
    (
        58,
        26,
        28,
        'Madame',
        'Simon',
        'Julien',
        '2000-04-05',
        '0684943473',
        'julien.simon@example.com',
        'password123',
        '185233445595',
        'FR1230126546789012345678901',
        '2023-01-11',
        4.2
    ),
    (
        59,
        27,
        29,
        'Madame',
        'Bernard',
        'Rémi',
        '1995-04-08',
        '0626408662',
        'remi.bernard@example.com',
        'password123',
        '112233445620',
        NULL,
        NULL,
        NULL
    ),
    (
        60,
        28,
        30,
        'Madame',
        'Lemoine',
        'Pierre',
        '1979-12-29',
        '0646835826',
        'pierre.lemoine@example.com',
        'password123',
        '112233445621',
        NULL,
        NULL,
        NULL
    ),
    (
        61,
        29,
        31,
        'Monsieur',
        'Lemoine',
        'Emma',
        '1999-05-24',
        '0610500705',
        'emma.lemoine@example.com',
        'password123',
        '112233445622',
        NULL,
        NULL,
        NULL
    ),
    (
        62,
        30,
        32,
        'Madame',
        'Martinez',
        'Pierre',
        '1996-10-31',
        '0622024239',
        'pierre.martinez@example.com',
        'password123',
        '112233445623',
        NULL,
        NULL,
        NULL
    ),
    (
        63,
        31,
        33,
        'Madame',
        'Durand',
        'Pierre',
        '1989-06-17',
        '0696055597',
        'pierre.durand@example.com',
        'password123',
        '112233445624',
        NULL,
        NULL,
        NULL
    ),
    (
        64,
        32,
        34,
        'Madame',
        'Durand',
        'Sophie',
        '1981-11-17',
        '0693933977',
        'sophie.durand@example.com',
        'password123',
        '112233445625',
        NULL,
        NULL,
        NULL
    ),
    (
        65,
        33,
        35,
        'Monsieur',
        'Bernard',
        'Jean',
        '1970-12-11',
        '0625666023',
        'jean.bernard@example.com',
        'password123',
        '112233985595',
        'FR7889012345678901234567890',
        '2022-09-22',
        4.3
    ),
    (
        66,
        34,
        36,
        'Madame',
        'Dupont',
        'Sophie',
        '1982-09-20',
        '0647028015',
        'sophie.dupont@example.com',
        'password123',
        '112233445627',
        NULL,
        NULL,
        NULL
    ),
    (
        67,
        35,
        37,
        'Madame',
        'Simon',
        'Sophie',
        '1965-10-01',
        '0676152095',
        'sophie.simon@example.com',
        'password123',
        '112233445628',
        NULL,
        NULL,
        NULL
    ),
    (
        68,
        36,
        38,
        'Madame',
        'Morel',
        'Tom',
        '1982-12-16',
        '0687209238',
        'tom.morel@example.com',
        'password123',
        '112233445629',
        NULL,
        NULL,
        NULL
    ),
    (
        69,
        37,
        39,
        'Monsieur',
        'Lefevre',
        'Marie',
        '1971-07-03',
        '0627477929',
        'marie.lefevre@example.com',
        'password123',
        '112233595595',
        'FR4560123456789012345678901',
        '2023-05-14',
        4.0
    ),
    (
        70,
        38,
        40,
        'Monsieur',
        'Simon',
        'Emma',
        '1995-10-30',
        '0654713516',
        'emma.simon@example.com',
        'password123',
        '112233445631',
        NULL,
        NULL,
        NULL
    );
INSERT INTO ENTRETIEN (
        IDENTRETIEN,
        IDCOURSIER,
        DATEENTRETIEN,
        STATUS,
        RESULTAT,
        RDVLOGISTIQUEDATE,
        RDVLOGISTIQUELIEU
    )
VALUES (1, 1, NULL, 'En attente', NULL, NULL, NULL),
    (
        2,
        2,
        '2025-01-07 11:00:00',
        'Planifié',
        NULL,
        NULL,
        NULL
    ),
    (
        3,
        3,
        '2025-01-05 14:30:00',
        'Terminée',
        'Retenu',
        '2025-01-08 10:00:00',
        'Centre logistique Uber'
    ),
    (
        4,
        4,
        '2025-01-06 09:00:00',
        'Annulée',
        NULL,
        NULL,
        NULL
    ),
    (5, 5, NULL, 'En attente', NULL, NULL, NULL),
    (
        6,
        6,
        '2025-01-08 15:00:00',
        'Planifié',
        NULL,
        NULL,
        NULL
    ),
    (
        7,
        7,
        '2025-01-04 16:30:00',
        'Terminée',
        'Rejeté',
        NULL,
        NULL
    ),
    (8, 8, NULL, 'En attente', NULL, NULL, NULL),
    (9, 9, NULL, 'En attente', NULL, NULL, NULL),
    (
        10,
        10,
        '2025-01-09 11:00:00',
        'Planifié',
        NULL,
        NULL,
        NULL
    ),
    (
        11,
        11,
        '2025-01-05 14:30:00',
        'Terminée',
        'Retenu',
        '2025-01-09 14:00:00',
        'Centre logistique Uber'
    ),
    (
        12,
        12,
        '2025-01-08 16:00:00',
        'Annulée',
        NULL,
        NULL,
        NULL
    ),
    (
        13,
        13,
        '2025-01-10 09:30:00',
        'Planifié',
        NULL,
        NULL,
        NULL
    ),
    (
        14,
        14,
        '2025-01-06 15:00:00',
        'Terminée',
        'Retenu',
        '2025-01-10 09:00:00',
        'Centre logistique Uber'
    ),
    (
        15,
        15,
        '2025-01-03 10:30:00',
        'Terminée',
        NULL,
        NULL,
        NULL
    ),
    (16, 16, NULL, 'En attente', NULL, NULL, NULL),
    (
        17,
        17,
        '2025-01-11 10:00:00',
        'Planifié',
        NULL,
        NULL,
        NULL
    ),
    (
        18,
        18,
        '2025-01-05 15:30:00',
        'Terminée',
        'Rejeté',
        NULL,
        NULL
    ),
    (
        19,
        19,
        '2025-01-08 14:00:00',
        'Annulée',
        NULL,
        NULL,
        NULL
    ),
    (
        20,
        20,
        '2025-01-06 09:00:00',
        'Terminée',
        'Retenu',
        '2025-01-10 10:00:00',
        'Centre logistique Uber'
    ),
    (21, 21, NULL, 'En attente', NULL, NULL, NULL),
    (
        22,
        22,
        '2025-01-05 11:00:00',
        'Terminée',
        'Retenu',
        '2025-01-09 15:00:00',
        'Centre logistique Uber'
    ),
    (
        23,
        23,
        '2025-01-10 16:00:00',
        'Planifié',
        NULL,
        NULL,
        NULL
    ),
    (
        24,
        24,
        '2025-01-03 12:30:00',
        'Terminée',
        'Retenu',
        '2025-01-07 11:30:00',
        'Centre logistique Uber'
    ),
    (
        25,
        25,
        '2025-01-11 10:30:00',
        'Planifié',
        NULL,
        NULL,
        NULL
    ),
    (
        26,
        26,
        '2025-01-02 15:00:00',
        'Terminée',
        'Retenu',
        '2025-01-05 10:00:00',
        'Centre logistique Uber'
    ),
    (
        27,
        27,
        '2025-01-08 12:00:00',
        'Annulée',
        NULL,
        NULL,
        NULL
    ),
    (
        28,
        28,
        '2025-01-04 09:30:00',
        'Terminée',
        'Retenu',
        '2025-01-06 14:00:00',
        'Centre logistique Uber'
    ),
    (
        29,
        29,
        '2025-01-05 14:00:00',
        'Terminée',
        'Retenu',
        '2025-01-08 09:00:00',
        'Centre logistique Uber'
    ),
    (30, 30, NULL, 'En attente', NULL, NULL, NULL),
    (
        31,
        31,
        '2025-01-13 11:00:00',
        'Planifié',
        NULL,
        NULL,
        NULL
    ),
    (
        32,
        32,
        '2025-01-01 14:30:00',
        'Terminée',
        'Rejeté',
        NULL,
        NULL
    ),
    (
        33,
        33,
        '2025-01-09 09:00:00',
        'Annulée',
        NULL,
        NULL,
        NULL
    ),
    (34, 34, NULL, 'En attente', NULL, NULL, NULL),
    (
        35,
        35,
        '2025-01-06 15:00:00',
        'Terminée',
        'Retenu',
        '2025-01-10 16:00:00',
        'Centre logistique Uber'
    ),
    (
        36,
        36,
        '2025-01-05 16:30:00',
        'Terminée',
        'Retenu',
        '2025-01-09 10:00:00',
        'Centre logistique Uber'
    ),
    (
        37,
        37,
        '2025-01-04 10:30:00',
        'Terminée',
        'Retenu',
        '2025-01-08 11:00:00',
        'Centre logistique Uber'
    ),
    (38, 38, NULL, 'En attente', NULL, NULL, NULL),
    (
        39,
        39,
        '2025-01-15 11:00:00',
        'Planifié',
        NULL,
        NULL,
        NULL
    ),
    (
        40,
        40,
        '2025-01-02 14:30:00',
        'Terminée',
        'Retenu',
        '2025-01-06 09:30:00',
        'Centre logistique Uber'
    ),
    (
        41,
        41,
        '2025-01-09 16:00:00',
        'Annulée',
        NULL,
        NULL,
        NULL
    ),
    (
        42,
        42,
        '2025-01-12 09:30:00',
        'Planifié',
        NULL,
        NULL,
        NULL
    ),
    (
        43,
        43,
        '2025-01-03 15:00:00',
        'Terminée',
        'Rejeté',
        NULL,
        NULL
    ),
    (44, 44, NULL, 'En attente', NULL, NULL, NULL),
    (45, 45, NULL, 'En attente', NULL, NULL, NULL),
    (
        46,
        46,
        '2025-01-17 10:00:00',
        'Planifié',
        NULL,
        NULL,
        NULL
    ),
    (
        47,
        47,
        '2025-01-04 15:30:00',
        'Terminée',
        'Retenu',
        '2025-01-09 13:30:00',
        'Centre logistique Uber'
    ),
    (
        48,
        48,
        '2025-01-06 14:00:00',
        'Terminée',
        'Retenu',
        '2025-01-10 10:30:00',
        'Centre logistique Uber'
    ),
    (
        49,
        49,
        '2025-01-05 09:00:00',
        'Terminée',
        'Retenu',
        '2025-01-08 12:00:00',
        'Centre logistique Uber'
    ),
    (50, 50, NULL, 'En attente', NULL, NULL, NULL),
    (
        51,
        51,
        '2025-01-09 10:00:00',
        'Planifié',
        NULL,
        NULL,
        NULL
    ),
    (
        52,
        52,
        '2025-01-12 13:30:00',
        'Planifié',
        NULL,
        NULL,
        NULL
    ),
    (
        53,
        53,
        '2025-01-07 14:00:00',
        'Annulée',
        NULL,
        NULL,
        NULL
    ),
    (54, 54, NULL, 'En attente', NULL, NULL, NULL),
    (55, 55, NULL, 'En attente', NULL, NULL, NULL),
    (
        56,
        56,
        '2025-01-11 11:30:00',
        'Terminée',
        'Retenu',
        '2025-01-15 14:00:00',
        'Centre logistique Uber'
    ),
    (
        57,
        57,
        '2025-01-05 15:00:00',
        'Terminée',
        NULL,
        NULL,
        NULL
    ),
    (
        58,
        58,
        '2025-01-02 14:00:00',
        'Terminée',
        'Retenu',
        '2025-01-06 11:00:00',
        'Centre logistique Uber'
    ),
    (
        59,
        59,
        '2025-01-03 16:00:00',
        'Terminée',
        'Rejeté',
        NULL,
        NULL
    ),
    (60, 60, NULL, 'En attente', NULL, NULL, NULL),
    (
        61,
        61,
        '2025-01-10 10:30:00',
        'Planifié',
        NULL,
        NULL,
        NULL
    ),
    (
        62,
        62,
        '2025-01-14 15:00:00',
        'Annulée',
        NULL,
        NULL,
        NULL
    ),
    (63, 63, NULL, 'En attente', NULL, NULL, NULL),
    (
        64,
        64,
        '2025-01-13 09:00:00',
        'Planifié',
        NULL,
        NULL,
        NULL
    ),
    (
        65,
        65,
        '2025-01-04 16:30:00',
        'Terminée',
        'Retenu',
        '2025-01-10 10:00:00',
        'Centre logistique Uber'
    ),
    (
        66,
        66,
        '2025-01-02 12:00:00',
        'Annulée',
        NULL,
        NULL,
        NULL
    ),
    (67, 67, NULL, 'En attente', NULL, NULL, NULL),
    (
        68,
        68,
        '2025-01-05 14:00:00',
        'Terminée',
        'Retenu',
        '2025-01-09 15:30:00',
        'Centre logistique Uber'
    ),
    (
        69,
        69,
        '2025-01-03 14:30:00',
        'Terminée',
        'Retenu',
        '2025-01-07 10:30:00',
        'Centre logistique Uber'
    ),
    (
        70,
        70,
        '2025-01-12 09:30:00',
        'Planifié',
        NULL,
        NULL,
        NULL
    );
INSERT INTO LIVREUR (
        IDLIVREUR,
        IDENTREPRISE,
        IDADRESSE,
        GENREUSER,
        NOMUSER,
        PRENOMUSER,
        DATENAISSANCE,
        TELEPHONE,
        EMAILUSER,
        MOTDEPASSEUSER,
        IBAN,
        DATEDEBUTACTIVITE,
        NOTEMOYENNE
    )
VALUES (
        1,
        20,
        1,
        'Monsieur',
        'Dupont',
        'Jean',
        '1990-05-15',
        '0612345678',
        'jean.dupont@example.com',
        'password123',
        'FR7630004000031234567890143',
        '2022-01-15',
        4.5
    ),
    (
        2,
        21,
        160,
        'Madame',
        'Martin',
        'Sophie',
        '1985-07-20',
        '0623456789',
        'sophie.martin@example.com',
        'sophie2022',
        'FR7630004000039876543210987',
        '2023-03-01',
        4.8
    ),
    (
        3,
        22,
        165,
        'Monsieur',
        'Durand',
        'Pierre',
        '1992-09-10',
        '0676543210',
        'pierre.durand@example.com',
        'securePassword1',
        'FR7630004000031654567890143',
        '2022-05-10',
        4.2
    ),
    (
        4,
        23,
        106,
        'Madame',
        'Morel',
        'Julie',
        '1995-11-30',
        '0611223344',
        'julie.morel@example.com',
        'julie1234',
        'FR7630004000035675901234567',
        '2023-06-01',
        NULL
    ),
    (
        5,
        24,
        120,
        'Monsieur',
        'Blanc',
        'Paul',
        '1990-03-25',
        '0698765432',
        'paul.blanc@example.com',
        'paulsecure987',
        'FR7630004000035675901844567',
        '2021-11-20',
        4.9
    ),
    (
        6,
        25,
        175,
        'Madame',
        'Chevalier',
        'Alice',
        '1993-08-18',
        '0678112233',
        'alice.chevalier@example.com',
        'alice1234',
        'FR7630004000036789012345678',
        '2022-10-01',
        4.7
    ),
    (
        7,
        26,
        46,
        'Monsieur',
        'Garnier',
        'Lucas',
        '1991-01-12',
        '0611987654',
        'lucas.garnier@example.com',
        'lucaspass2023',
        'FR7630004000035675901484567',
        '2023-02-01',
        4.1
    ),
    (
        8,
        27,
        65,
        'Madame',
        'Perrot',
        'Camille',
        '1989-04-08',
        '0665432101',
        'camille.perrot@example.com',
        'camillepw',
        'FR7630004000035675901234487',
        '2022-03-15',
        4.4
    ),
    (
        9,
        28,
        12,
        'Monsieur',
        'Girard',
        'Thomas',
        '1988-12-25',
        '0611225566',
        'thomas.girard@example.com',
        'secureThomas88',
        'FR7630004000039876543212345',
        '2023-01-01',
        4.6
    ),
    (
        10,
        29,
        15,
        'Madame',
        'Lemoine',
        'Charlotte',
        '1994-06-05',
        '0699988776',
        'charlotte.lemoine@example.com',
        'charlottepw',
        'FR7630004000035675901984567',
        '2022-06-20',
        4.3
    ),
    (
        11,
        30,
        25,
        'Monsieur',
        'Noel',
        'Antoine',
        '1992-03-30',
        '0623345566',
        'antoine.noel@example.com',
        'secureNoel1992',
        'FR7630004000035675901234787',
        '2021-12-15',
        4.2
    ),
    (
        12,
        31,
        18,
        'Madame',
        'Rey',
        'Marie',
        '1987-07-07',
        '0644445556',
        'marie.rey@example.com',
        'secureMarie87',
        'FR7630004000034321098765432',
        '2022-08-05',
        4.9
    ),
    (
        13,
        32,
        115,
        'Monsieur',
        'Fontaine',
        'Hugo',
        '1995-10-19',
        '0611228899',
        'hugo.fontaine@example.com',
        'hugoPass2023',
        'FR7630004000035125901234567',
        '2023-05-25',
        4.8
    ),
    (
        14,
        33,
        56,
        'Madame',
        'Masson',
        'Elise',
        '1990-12-12',
        '0622113344',
        'elise.masson@example.com',
        'secureElise90',
        'FR7630004000035675901284567',
        '2023-04-01',
        4.4
    ),
    (
        15,
        34,
        111,
        'Monsieur',
        'Renaud',
        'Benjamin',
        '1989-08-28',
        '0677112233',
        'benjamin.renaud@example.com',
        'benjaminSecure89',
        'FR7630004000035678984654321',
        '2023-03-10',
        NULL
    ),
    (
        16,
        35,
        48,
        'Madame',
        'Dubois',
        'Lucie',
        '1992-11-11',
        '0655112233',
        'lucie.dubois@example.com',
        'lucieSecure92',
        'FR7630004000035685901234567',
        '2021-11-05',
        4.5
    ),
    (
        17,
        36,
        48,
        'Monsieur',
        'Morin',
        'Julien',
        '1990-05-15',
        '0611998877',
        'julien.morin@example.com',
        'julienpw90',
        'FR7630004000036159098765432',
        '2022-07-01',
        4.2
    ),
    (
        18,
        37,
        26,
        'Madame',
        'Marchand',
        'Laura',
        '1993-02-25',
        '0688997766',
        'laura.marchand@example.com',
        'lauraSecure93',
        'FR7630004000036789098765432',
        '2022-09-10',
        4.7
    ),
    (
        19,
        38,
        62,
        'Monsieur',
        'Robert',
        'Alexandre',
        '1991-01-01',
        '0622334455',
        'alexandre.robert@example.com',
        'alexandreSecure91',
        'FR7630004000036789098795432',
        '2023-01-15',
        4.8
    ),
    (
        20,
        39,
        95,
        'Madame',
        'Petit',
        'Amelie',
        '1994-03-03',
        '0677889900',
        'amelie.petit@example.com',
        'amelieSecure94',
        'FR7630004000036789094265432',
        '2023-06-05',
        4.6
    ),
    (
        21,
        40,
        99,
        'Monsieur',
        'Bernard',
        'Leo',
        '1993-12-12',
        '0611223344',
        'leo.bernard@example.com',
        'leoSecure93',
        'FR7630004000039876543211234',
        '2022-11-01',
        4.1
    );
INSERT INTO CATEGORIE_PRESTATION (
        IDCATEGORIEPRESTATION,
        LIBELLECATEGORIEPRESTATION,
        DESCRIPTIONCATEGORIEPRESTATION,
        IMAGECATEGORIEPRESTATION
    )
VALUES (
        1,
        'Courses',
        'Livraison de courses et produits',
        'https://cn-geo1.uber.com/static/mobile-content/eats/cuisine-filters/Grocery_v2.png'
    ),
    (
        2,
        'Halal',
        'Restaurants et plats halal',
        'https://cn-geo1.uber.com/static/mobile-content/eats/cuisine-filters/v1/Halal.png'
    ),
    (
        3,
        'Pizzas',
        'Livraison de pizzas',
        'https://cn-geo1.uber.com/static/mobile-content/eats/cuisine-filters/v1/Pizza.png'
    ),
    (
        4,
        'Sushis',
        'Restaurants et livraison de sushis',
        'https://cn-geo1.uber.com/static/mobile-content/eats/cuisine-filters/Sushi.png'
    ),
    (
        5,
        'Alcool',
        'Livraison de boissons alcoolisées',
        'https://cn-geo1.uber.com/static/mobile-content/eats/cuisine-filters/Alcohol@3x.png'
    ),
    (
        6,
        'Épicerie',
        'Produits d épicerie',
        'https://cn-geo1.uber.com/static/mobile-content/eats/cuisine-filters/Convenience@3x.png'
    ),
    (
        7,
        'Fast food',
        'Restauration rapide',
        'https://cn-geo1.uber.com/static/mobile-content/eats/cuisine-filters/FastFood.png'
    ),
    (
        8,
        'Burgers',
        'Restaurants de burgers',
        'https://cn-geo1.uber.com/static/mobile-content/eats/cuisine-filters/v1/Burgers.png'
    ),
    (
        9,
        'Asiatique',
        'Cuisine asiatique',
        'https://cn-geo1.uber.com/static/mobile-content/eats/cuisine-filters/Asian.png'
    ),
    (
        10,
        'Cuisine saine',
        'Options de repas santé',
        'https://cn-geo1.uber.com/static/mobile-content/eats/cuisine-filters/v1/Healthy.png'
    ),
    (
        11,
        'Thaïlandaise',
        'Cuisine thaïlandaise',
        'https://cn-geo1.uber.com/static/mobile-content/eats/cuisine-filters/Thai.png'
    ),
    (
        12,
        'Coréenne',
        'Cuisine coréenne',
        'https://cn-geo1.uber.com/static/mobile-content/eats/cuisine-filters/Korean.png'
    ),
    (
        13,
        'Indienne',
        'Cuisine indienne',
        'https://cn-geo1.uber.com/static/mobile-content/eats/cuisine-filters/Indian.png'
    ),
    (
        14,
        'Thé aux perles',
        'Bubble tea',
        'https://cn-geo1.uber.com/static/mobile-content/eats/cuisine-filters/BubbleTea.png'
    ),
    (
        15,
        'Ailes de poulet',
        'Spécialités de poulet',
        'https://cn-geo1.uber.com/static/mobile-content/eats/cuisine-filters/Wings.png'
    ),
    (
        16,
        'Boulangerie',
        'Produits de boulangerie',
        'https://cn-geo1.uber.com/static/mobile-content/eats/cuisine-filters/v1/Bakery.png'
    ),
    (
        17,
        'Casher',
        'Restaurants et plats casher',
        'https://cn-geo1.uber.com/static/mobile-content/eats/cuisine-filters/Kosher.png'
    ),
    (
        18,
        'Chinoise',
        'Cuisine chinoise',
        'https://cn-geo1.uber.com/static/mobile-content/eats/cuisine-filters/v1/Chinese.png'
    ),
    (
        19,
        'Poke (poisson cru)',
        'Bols de poisson cru',
        'https://cn-geo1.uber.com/static/mobile-content/eats/cuisine-filters/v1/Poke.png'
    ),
    (
        20,
        'Mexicaine',
        'Cuisine mexicaine',
        'https://cn-geo1.uber.com/static/mobile-content/eats/cuisine-filters/v1/Mexican.png'
    ),
    (
        21,
        'Sandwich',
        'Sandwichs et paninis',
        'https://cn-geo1.uber.com/static/mobile-content/eats/cuisine-filters/v1/Sandwich.png'
    ),
    (
        22,
        'Italienne',
        'Cuisine italienne',
        'https://cn-geo1.uber.com/static/mobile-content/eats/cuisine-filters/Italian.png'
    ),
    (
        23,
        'Barbecue',
        'Restaurants de barbecue',
        'https://cn-geo1.uber.com/static/mobile-content/eats/cuisine-filters/v1/BBQ.png'
    ),
    (
        24,
        'Spécialité',
        'Plats et cuisines spécialisés',
        'https://cn-geo1.uber.com/static/mobile-content/eats/cuisine-filters/Specialty@3x.png'
    ),
    (
        25,
        'Petit-déjeuner',
        'Options de petit-déjeuner',
        'https://cn-geo1.uber.com/static/mobile-content/eats/cuisine-filters/v1/Breakfast.png'
    ),
    (
        26,
        'Vegan',
        'Options végétaliennes',
        'https://cn-geo1.uber.com/static/mobile-content/eats/cuisine-filters/v1/Vegan.png'
    ),
    (
        27,
        'Caribéenne',
        'Cuisine caribéenne',
        'https://cn-geo1.uber.com/static/mobile-content/eats/cuisine-filters/v1/Caribbean.png'
    ),
    (
        28,
        'Parapharmacie',
        'Produits paramédicaux',
        'https://cn-geo1.uber.com/static/mobile-content/eats/cuisine-filters/Pharmacy@3x.png'
    ),
    (
        29,
        'Fleurs',
        'Livraison de fleurs',
        'https://cn-geo1.uber.com/static/mobile-content/eats/cuisine-filters/Flowers@3x.png'
    ),
    (
        30,
        'Japonaise',
        'Cuisine japonaise',
        'https://cn-geo1.uber.com/static/mobile-content/eats/cuisine-filters/v1/Japanese.png'
    ),
    (
        31,
        'Vietnamienne',
        'Cuisine vietnamienne',
        'https://cn-geo1.uber.com/static/mobile-content/eats/cuisine-filters/v1/Vietnamese.png'
    ),
    (
        32,
        'Fruits de mer',
        'Restaurants de fruits de mer',
        'https://cn-geo1.uber.com/static/mobile-content/eats/cuisine-filters/v1/Seafood.png'
    ),
    (
        33,
        'Soupes',
        'Restaurants de soupes',
        'https://cn-geo1.uber.com/static/mobile-content/eats/cuisine-filters/v1/Soup.png'
    ),
    (
        34,
        'Américaine',
        'Cuisine américaine',
        'https://cn-geo1.uber.com/static/mobile-content/eats/cuisine-filters/v1/American.png'
    ),
    (
        35,
        'Café',
        'Cafés et boissons chaudes',
        'https://cn-geo1.uber.com/static/mobile-content/eats/cuisine-filters/v1/Coffee.png'
    ),
    (
        36,
        'Hygiène',
        'Produits d hygiène',
        'https://cn-geo1.uber.com/static/mobile-content/eats/cuisine-filters/personalCare.png'
    ),
    (
        37,
        'Afro américaine',
        'Cuisine afro-américaine',
        'https://cn-geo1.uber.com/static/mobile-content/eats/cuisine-filters/v1/SoulFood.png'
    ),
    (
        38,
        'Boutique',
        'Produits de boutique',
        'https://cn-geo1.uber.com/static/mobile-content/eats/cuisine-filters/Retail@3x.png'
    ),
    (
        39,
        'Glaces',
        'Crèmes glacées et desserts glacés',
        'https://cn-geo1.uber.com/static/mobile-content/eats/cuisine-filters/v1/IceCream.png'
    ),
    (
        40,
        'Grecque',
        'Cuisine grecque',
        'https://cn-geo1.uber.com/static/mobile-content/eats/cuisine-filters/v1/Greek.png'
    ),
    (
        41,
        'Street food',
        'Cuisine de rue',
        'https://cn-geo1.uber.com/static/mobile-content/eats/cuisine-filters/v1/StreetFood.png'
    ),
    (
        42,
        'Repas détente',
        'Restaurants décontractés',
        'https://cn-geo1.uber.com/static/mobile-content/eats/cuisine-filters/v1/Comfort.png'
    ),
    (
        43,
        'Smoothies',
        'Boissons smoothies',
        'https://cn-geo1.uber.com/static/mobile-content/eats/cuisine-filters/v1/Smoothie.png'
    ),
    (
        44,
        'Articles pour animaux',
        'Produits et accessoires pour animaux',
        'https://cn-geo1.uber.com/static/mobile-content/eats/cuisine-filters/Pets@3x.png'
    ),
    (
        45,
        'Hawaïenne',
        'Cuisine hawaïenne',
        'https://cn-geo1.uber.com/static/mobile-content/eats/cuisine-filters/v1/Hawaiian.png'
    ),
    (
        46,
        'Taïwanaise',
        'Cuisine taïwanaise',
        'https://cn-geo1.uber.com/static/mobile-content/eats/cuisine-filters/v1/Taiwanese.png'
    );
INSERT INTO TYPE_PRESTATION (
        IDPRESTATION,
        LIBELLEPRESTATION,
        DESCRIPTIONPRESTATION,
        IMAGEPRESTATION
    )
VALUES (
        1,
        'UberX',
        'Un voyage standard et économique, parfait pour les trajets quotidiens et les déplacements en ville.',
        'UberX.jpg'
    ),
    (
        2,
        'UberXL',
        'Un service similaire à UberX, mais avec plus d’espace pour accueillir confortablement jusqu’à six passagers et leurs bagages.',
        'UberXL.jpg'
    ),
    (
        3,
        'UberVan',
        'Des chauffeurs professionnels vous transportent dans des vans spacieux, idéaux pour les groupes ou les grandes familles.',
        'UberVan.jpg'
    ),
    (
        4,
        'Confort',
        'Voyagez dans des véhicules modernes et bien équipés pour une expérience de transport plus agréable et relaxante.',
        'Comfort.jpg'
    ),
    (
        5,
        'Green',
        'Optez pour un trajet respectueux de l’environnement avec des véhicules hybrides ou électriques, tout en réduisant votre empreinte carbone.',
        'Green.jpg'
    ),
    (
        6,
        'UberPet',
        'Un service conçu pour les amoureux des animaux, permettant de voyager avec vos compagnons à quatre pattes dans le confort.',
        'UberPet.jpg'
    ),
    (
        7,
        'Berline',
        'Pour des déplacements professionnels ou des occasions spéciales, choisissez une berline élégante et confortable, offrant une expérience de luxe.',
        'Berline.jpg'
    );
INSERT INTO VEHICULE (
        IDVEHICULE,
        IDCOURSIER,
        IMMATRICULATION,
        MARQUE,
        MODELE,
        CAPACITE,
        ACCEPTEANIMAUX,
        ESTELECTRIQUE,
        ESTCONFORTABLE,
        ESTRECENT,
        ESTLUXUEUX,
        COULEUR,
        STATUSPROCESSUSLOGISTIQUE,
        DEMANDEMODIFICATION,
        DEMANDEMODIFICATIONEFFECTUE
    )
VALUES (
        1,
        3,
        'CC-003-CC',
        'BMW',
        'Serie 3',
        5,
        FALSE,
        FALSE,
        TRUE,
        TRUE,
        TRUE,
        'Gris',
        'Validé',
        NULL,
        FALSE
    ),
    (
        2,
        11,
        'KK-011-KK',
        'Tesla',
        'Model S',
        5,
        TRUE,
        TRUE,
        TRUE,
        TRUE,
        TRUE,
        'Argent',
        'Validé',
        NULL,
        FALSE
    ),
    (
        3,
        14,
        'NN-014-NN',
        'Mercedes',
        'GLE',
        5,
        TRUE,
        TRUE,
        TRUE,
        TRUE,
        TRUE,
        'Blanc',
        'En attente',
        NULL,
        FALSE
    ),
    (
        4,
        20,
        'TT-020-TT',
        'Nissan',
        'Micra',
        4,
        TRUE,
        FALSE,
        TRUE,
        FALSE,
        TRUE,
        'Rouge',
        'En attente',
        NULL,
        FALSE
    ),
    (
        5,
        22,
        'VV-022-VV',
        'Renault',
        'Twingo',
        4,
        FALSE,
        TRUE,
        TRUE,
        FALSE,
        FALSE,
        'Rose',
        'En attente',
        NULL,
        FALSE
    ),
    (
        6,
        24,
        'XX-024-XX',
        'Mercedes',
        'C-Class',
        5,
        TRUE,
        TRUE,
        TRUE,
        TRUE,
        TRUE,
        'Bleu',
        'Validé',
        NULL,
        FALSE
    ),
    (
        7,
        26,
        'ZZ-026-ZZ',
        'Volkswagen',
        'Arteon',
        5,
        TRUE,
        TRUE,
        TRUE,
        TRUE,
        TRUE,
        'Gris',
        'En attente',
        NULL,
        FALSE
    ),
    (
        8,
        28,
        'CD-028-CD',
        'Ford',
        'Kuga',
        5,
        TRUE,
        TRUE,
        TRUE,
        TRUE,
        FALSE,
        'Rouge',
        'En attente',
        NULL,
        FALSE
    ),
    (
        9,
        29,
        'EF-029-EF',
        'Toyota',
        'Auris',
        5,
        TRUE,
        TRUE,
        TRUE,
        TRUE,
        FALSE,
        'Bleu',
        'Validé',
        NULL,
        FALSE
    ),
    (
        10,
        35,
        'QR-035-QR',
        'Audi',
        'Q5',
        5,
        TRUE,
        TRUE,
        TRUE,
        TRUE,
        FALSE,
        'Bleu',
        'En attente',
        NULL,
        FALSE
    ),
    (
        11,
        36,
        'ST-036-ST',
        'Volkswagen',
        'ID.4',
        5,
        TRUE,
        TRUE,
        TRUE,
        TRUE,
        TRUE,
        'Vert',
        'Validé',
        NULL,
        FALSE
    ),
    (
        12,
        37,
        'UV-037-UV',
        'Peugeot',
        'Rifter',
        5,
        TRUE,
        TRUE,
        TRUE,
        TRUE,
        FALSE,
        'Jaune',
        'En attente',
        NULL,
        FALSE
    ),
    (
        13,
        40,
        'ZA-040-ZA',
        'Nissan',
        'Rogue',
        5,
        TRUE,
        TRUE,
        TRUE,
        TRUE,
        TRUE,
        'Noir',
        'En attente',
        NULL,
        FALSE
    ),
    (
        14,
        47,
        'GG-047-GG',
        'Subaru',
        'Outback',
        5,
        TRUE,
        TRUE,
        TRUE,
        TRUE,
        TRUE,
        'Gris',
        'Validé',
        NULL,
        FALSE
    ),
    (
        15,
        48,
        'HH-048-HH',
        'Volkswagen',
        'Tiguan',
        5,
        TRUE,
        TRUE,
        TRUE,
        TRUE,
        TRUE,
        'Bleu',
        'En attente',
        NULL,
        FALSE
    ),
    (
        16,
        49,
        'II-049-II',
        'Ford',
        'Explorer',
        7,
        TRUE,
        TRUE,
        TRUE,
        TRUE,
        FALSE,
        'Rouge',
        'En attente',
        NULL,
        FALSE
    ),
    (
        17,
        56,
        'PP-056-PP',
        'Volkswagen',
        'Touareg',
        7,
        TRUE,
        TRUE,
        TRUE,
        TRUE,
        TRUE,
        'Gris',
        'En attente',
        NULL,
        FALSE
    ),
    (
        18,
        58,
        'RR-058-RR',
        'Ford',
        'Edge',
        5,
        TRUE,
        TRUE,
        TRUE,
        TRUE,
        TRUE,
        'Bleu',
        'Validé',
        NULL,
        FALSE
    ),
    (
        19,
        65,
        'YY-065-YY',
        'Audi',
        'A1',
        4,
        TRUE,
        TRUE,
        TRUE,
        FALSE,
        TRUE,
        'Noir',
        'Validé',
        NULL,
        FALSE
    ),
    (
        20,
        68,
        'CD-068-CD',
        'Ford',
        'Puma',
        5,
        TRUE,
        TRUE,
        TRUE,
        TRUE,
        FALSE,
        'Bleu',
        'Validé',
        NULL,
        FALSE
    ),
    (
        21,
        69,
        'EF-069-EF',
        'Toyota',
        'Prius',
        5,
        TRUE,
        TRUE,
        TRUE,
        TRUE,
        TRUE,
        'Blanc',
        'En attente',
        NULL,
        FALSE
    );
INSERT INTO A_COMME_TYPE (IDVEHICULE, IDPRESTATION)
VALUES (1, 1),
    (1, 4),
    (1, 7),
    (2, 1),
    (2, 4),
    (2, 5),
    (2, 6),
    (2, 7),
    (3, 1),
    (3, 4),
    (3, 5),
    (3, 6),
    (3, 7),
    (4, 1),
    (4, 4),
    (4, 6),
    (4, 7),
    (5, 1),
    (5, 5),
    (5, 4),
    (6, 1),
    (6, 4),
    (6, 5),
    (6, 6),
    (6, 7),
    (7, 1),
    (7, 4),
    (7, 5),
    (7, 6),
    (7, 7),
    (8, 1),
    (8, 4),
    (8, 5),
    (8, 6),
    (9, 1),
    (9, 4),
    (9, 5),
    (9, 6),
    (10, 1),
    (10, 4),
    (10, 5),
    (10, 6),
    (11, 1),
    (11, 3),
    (11, 4),
    (11, 5),
    (11, 6),
    (11, 7),
    (12, 1),
    (12, 4),
    (12, 5),
    (12, 6),
    (13, 1),
    (13, 4),
    (13, 5),
    (13, 6),
    (13, 7),
    (14, 1),
    (14, 4),
    (14, 5),
    (14, 6),
    (14, 7),
    (15, 1),
    (15, 4),
    (15, 5),
    (15, 6),
    (15, 7),
    (16, 1),
    (16, 2),
    (16, 3),
    (16, 4),
    (16, 5),
    (16, 6),
    (17, 1),
    (17, 2),
    (17, 3),
    (17, 4),
    (17, 5),
    (17, 6),
    (17, 7),
    (18, 1),
    (18, 4),
    (18, 5),
    (18, 6),
    (18, 7),
    (19, 1),
    (19, 4),
    (19, 5),
    (19, 6),
    (19, 7),
    (20, 1),
    (20, 4),
    (20, 5),
    (20, 6),
    (21, 1),
    (21, 3),
    (21, 4),
    (21, 5),
    (21, 6),
    (21, 7);
INSERT INTO VELO (
        IDVELO,
        IDADRESSE,
        NUMEROVELO,
        ESTDISPONIBLE
    )
VALUES (1, 1, '12345', TRUE),
    (2, 2, '12346', FALSE),
    (3, 3, '12347', TRUE),
    (4, 4, '12348', TRUE),
    (5, 5, '12349', FALSE),
    (6, 6, '12350', TRUE),
    (7, 7, '12351', TRUE),
    (8, 8, '12352', FALSE),
    (9, 9, '12353', TRUE),
    (10, 10, '12354', TRUE),
    (11, 11, '12355', TRUE),
    (12, 12, '12356', FALSE),
    (13, 13, '12357', TRUE),
    (14, 14, '12358', TRUE),
    (15, 15, '12359', FALSE),
    (16, 16, '12360', TRUE),
    (17, 17, '12361', TRUE),
    (18, 18, '12362', FALSE),
    (19, 19, '12363', TRUE),
    (20, 20, '12364', TRUE),
    (21, 21, '12365', FALSE),
    (22, 22, '12366', TRUE),
    (23, 23, '12367', TRUE),
    (24, 24, '12368', FALSE),
    (25, 25, '12369', TRUE),
    (26, 26, '12370', TRUE),
    (27, 27, '12371', FALSE),
    (28, 28, '12372', TRUE),
    (29, 29, '12373', TRUE),
    (30, 30, '12374', FALSE),
    (31, 31, '12375', TRUE),
    (32, 32, '12376', FALSE),
    (33, 33, '12377', TRUE),
    (34, 34, '12378', TRUE),
    (35, 35, '12379', FALSE),
    (36, 36, '12380', TRUE),
    (37, 37, '12381', TRUE),
    (38, 38, '12382', FALSE),
    (39, 39, '12383', TRUE),
    (40, 40, '12384', TRUE),
    (41, 41, '12385', TRUE),
    (42, 42, '12386', FALSE),
    (43, 43, '12387', TRUE),
    (44, 44, '12388', TRUE),
    (45, 45, '12389', FALSE),
    (46, 46, '12390', TRUE),
    (47, 47, '12391', TRUE),
    (48, 48, '12392', FALSE),
    (49, 49, '12393', TRUE),
    (50, 50, '12394', TRUE),
    (51, 51, '12395', TRUE),
    (52, 52, '12396', FALSE),
    (53, 53, '12397', TRUE),
    (54, 54, '12398', TRUE),
    (55, 55, '12399', FALSE),
    (56, 56, '12400', TRUE),
    (57, 57, '12401', TRUE),
    (58, 58, '12402', FALSE),
    (59, 59, '12403', TRUE),
    (60, 60, '12404', TRUE),
    (61, 61, '12405', TRUE),
    (62, 62, '12406', FALSE),
    (63, 63, '12407', TRUE),
    (64, 64, '12408', TRUE),
    (65, 65, '12409', FALSE),
    (66, 66, '12410', TRUE),
    (67, 67, '12411', TRUE),
    (68, 68, '12412', FALSE),
    (69, 69, '12413', TRUE),
    (70, 70, '12414', TRUE),
    (71, 71, '12415', TRUE),
    (72, 72, '12416', FALSE),
    (73, 73, '12417', TRUE),
    (74, 74, '12418', TRUE),
    (75, 75, '12419', FALSE),
    (76, 76, '12420', TRUE),
    (77, 77, '12421', TRUE),
    (78, 78, '12422', FALSE),
    (79, 79, '12423', TRUE),
    (80, 80, '12424', TRUE),
    (81, 81, '12425', TRUE),
    (82, 82, '12426', FALSE),
    (83, 83, '12427', TRUE),
    (84, 84, '12428', TRUE),
    (85, 85, '12429', FALSE),
    (86, 86, '12430', TRUE),
    (87, 87, '12431', TRUE),
    (88, 88, '12432', FALSE),
    (89, 89, '12433', TRUE),
    (90, 90, '12434', TRUE),
    (91, 91, '12435', TRUE),
    (92, 92, '12436', FALSE),
    (93, 93, '12437', TRUE),
    (94, 94, '12438', TRUE),
    (95, 95, '12439', FALSE),
    (96, 96, '12440', TRUE),
    (97, 97, '12441', TRUE),
    (98, 98, '12442', FALSE),
    (99, 99, '12443', TRUE),
    (100, 100, '12444', TRUE),
    (101, 101, '12445', TRUE),
    (102, 102, '12446', FALSE),
    (103, 103, '12447', TRUE),
    (104, 104, '12448', TRUE),
    (105, 105, '12449', FALSE),
    (106, 106, '12450', TRUE),
    (107, 107, '12451', TRUE),
    (108, 108, '12452', FALSE),
    (109, 109, '12453', TRUE),
    (110, 110, '12454', TRUE),
    (111, 111, '12455', TRUE),
    (112, 112, '12456', FALSE),
    (113, 113, '12457', TRUE),
    (114, 114, '12458', TRUE),
    (115, 115, '12459', FALSE),
    (116, 116, '12460', TRUE),
    (117, 117, '12461', TRUE),
    (118, 118, '12462', FALSE),
    (119, 119, '12463', TRUE),
    (120, 120, '12464', TRUE),
    (121, 121, '12465', TRUE),
    (122, 122, '12466', FALSE),
    (123, 123, '12467', TRUE),
    (124, 124, '12468', TRUE),
    (125, 125, '12469', FALSE),
    (126, 126, '12470', TRUE),
    (127, 127, '12471', TRUE),
    (128, 128, '12472', FALSE),
    (129, 129, '12473', TRUE),
    (130, 130, '12474', TRUE),
    (131, 131, '12475', TRUE),
    (132, 132, '12476', FALSE),
    (133, 133, '12477', TRUE),
    (134, 134, '12478', TRUE),
    (135, 135, '12479', FALSE),
    (136, 136, '12480', TRUE),
    (137, 137, '12481', TRUE),
    (138, 138, '12482', FALSE),
    (139, 139, '12483', TRUE),
    (140, 140, '12484', TRUE),
    (141, 141, '12485', TRUE),
    (142, 142, '12486', FALSE),
    (143, 143, '12487', TRUE),
    (144, 144, '12488', TRUE),
    (145, 145, '12489', FALSE),
    (146, 146, '12490', TRUE),
    (147, 147, '12491', TRUE),
    (148, 148, '12492', FALSE),
    (149, 149, '12493', TRUE),
    (150, 150, '12494', TRUE);
INSERT INTO RESPONSABLE_ENSEIGNE (
        IDRESPONSABLE,
        NOMUSER,
        PRENOMUSER,
        TELEPHONE,
        EMAILUSER,
        MOTDEPASSEUSER
    )
VALUES (
        1,
        'Yılmaz',
        'Ahmet',
        '0678901234',
        'ahmet.yilmaz@example.com',
        'password1'
    ),
    (
        2,
        'Demir',
        'Fatma',
        '0678901235',
        'fatma.demir@example.com',
        'password2'
    ),
    (
        3,
        'Şahin',
        'Mehmet',
        '0678901236',
        'mehmet.sahin@example.com',
        'password3'
    ),
    (
        4,
        'Çelik',
        'Ayşe',
        '0678901237',
        'ayse.celik@example.com',
        'password4'
    ),
    (
        5,
        'Kaya',
        'Mustafa',
        '0678901238',
        'mustafa.kaya@example.com',
        'password5'
    ),
    (
        6,
        'Yıldırım',
        'Elif',
        '0678901239',
        'elif.yildirim@example.com',
        'password6'
    ),
    (
        7,
        'Öztürk',
        'Ali',
        '0678901240',
        'ali.ozturk@example.com',
        'password7'
    ),
    (
        8,
        'Arslan',
        'Zeynep',
        '0678901241',
        'zeynep.arslan@example.com',
        'password8'
    ),
    (
        9,
        'Doğan',
        'Hüseyin',
        '0678901242',
        'huseyin.dogan@example.com',
        'password9'
    ),
    (
        10,
        'Kılıç',
        'Emine',
        '0678901243',
        'emine.kilic@example.com',
        'password10'
    ),
    (
        11,
        'Aydın',
        'Halil',
        '0678901244',
        'halil.aydin@example.com',
        'password11'
    ),
    (
        12,
        'Kara',
        'Hatice',
        '0678901245',
        'hatice.kara@example.com',
        'password12'
    ),
    (
        13,
        'Koç',
        'Osman',
        '0678901246',
        'osman.koc@example.com',
        'password13'
    ),
    (
        14,
        'Aksoy',
        'Leyla',
        '0678901247',
        'leyla.aksoy@example.com',
        'password14'
    ),
    (
        15,
        'Yiğit',
        'Hasan',
        '0678901248',
        'hasan.yigit@example.com',
        'password15'
    ),
    (
        16,
        'Çetin',
        'Nur',
        '0678901249',
        'nur.cetin@example.com',
        'password16'
    ),
    (
        17,
        'Özkan',
        'Kemal',
        '0678901250',
        'kemal.ozkan@example.com',
        'password17'
    ),
    (
        18,
        'Şimşek',
        'Selin',
        '0678901251',
        'selin.simsek@example.com',
        'password18'
    ),
    (
        19,
        'Polat',
        'Eren',
        '0678901252',
        'eren.polat@example.com',
        'password19'
    ),
    (
        20,
        'Güneş',
        'Merve',
        '0678901253',
        'merve.gunes@example.com',
        'password20'
    ),
    (
        21,
        'Bozkurt',
        'Burak',
        '0678901254',
        'burak.bozkurt@example.com',
        'password21'
    ),
    (
        22,
        'Bulut',
        'Seda',
        '0678901255',
        'seda.bulut@example.com',
        'password22'
    ),
    (
        23,
        'Erdem',
        'Volkan',
        '0678901256',
        'volkan.erdem@example.com',
        'password23'
    ),
    (
        24,
        'Uzun',
        'Esra',
        '0678901257',
        'esra.uzun@example.com',
        'password24'
    ),
    (
        25,
        'Acar',
        'İsmail',
        '0678901258',
        'ismail.acar@example.com',
        'password25'
    ),
    (
        26,
        'Korkmaz',
        'Derya',
        '0678901259',
        'derya.korkmaz@example.com',
        'password26'
    ),
    (
        27,
        'Turan',
        'Serkan',
        '0678901260',
        'serkan.turan@example.com',
        'password27'
    ),
    (
        28,
        'Taş',
        'Gül',
        '0678901261',
        'gul.tas@example.com',
        'password28'
    ),
    (
        29,
        'Avcı',
        'Metin',
        '0678901262',
        'metin.avci@example.com',
        'password29'
    ),
    (
        30,
        'Gök',
        'Melike',
        '0678901263',
        'melike.gok@example.com',
        'password30'
    ),
    (
        31,
        'Sezer',
        'Tahir',
        '0678901264',
        'tahir.sezer@example.com',
        'password31'
    ),
    (
        32,
        'Orhan',
        'Ece',
        '0678901265',
        'ece.orhan@example.com',
        'password32'
    ),
    (
        33,
        'Köse',
        'Cem',
        '0678901266',
        'cem.kose@example.com',
        'password33'
    ),
    (
        34,
        'Aslan',
        'Berna',
        '0678901267',
        'berna.aslan@example.com',
        'password34'
    ),
    (
        35,
        'Tekin',
        'Onur',
        '0678901268',
        'onur.tekin@example.com',
        'password35'
    ),
    (
        36,
        'Çınar',
        'Yusuf',
        '0678901269',
        'yusuf.cinar@example.com',
        'password36'
    ),
    (
        37,
        'Bilgin',
        'Deniz',
        '0678901270',
        'deniz.bilgin@example.com',
        'password37'
    ),
    (
        38,
        'Eren',
        'Aylin',
        '0678901271',
        'aylin.eren@example.com',
        'password38'
    ),
    (
        39,
        'Türkmen',
        'Furkan',
        '0678901272',
        'furkan.turkmen@example.com',
        'password39'
    ),
    (
        40,
        'Ersoy',
        'Cansu',
        '0678901273',
        'cansu.ersoy@example.com',
        'password40'
    ),
    (
        41,
        'Başar',
        'Barış',
        '0678901274',
        'baris.basar@example.com',
        'password41'
    ),
    (
        42,
        'Sağlam',
        'Eda',
        '0678901275',
        'eda.saglam@example.com',
        'password42'
    ),
    (
        43,
        'Özer',
        'Tolga',
        '0678901276',
        'tolga.ozer@example.com',
        'password43'
    ),
    (
        44,
        'Yücel',
        'Sibel',
        '0678901277',
        'sibel.yucel@example.com',
        'password44'
    ),
    (
        45,
        'Durmaz',
        'Cihan',
        '0678901278',
        'cihan.durmaz@example.com',
        'password45'
    );
INSERT INTO RESTAURATEUR (
        IDRESTAURATEUR,
        NOMUSER,
        PRENOMUSER,
        TELEPHONE,
        EMAILUSER,
        MOTDEPASSEUSER
    )
VALUES (
        1,
        'Durand',
        'Michel',
        '0612345678',
        'michel.durand@example.com',
        'password123'
    ),
    (
        2,
        'Lemoine',
        'Sophie',
        '0623456789',
        'sophie.lemoine@example.com',
        'sophie2023'
    ),
    (
        3,
        'Petit',
        'Jean',
        '0634567890',
        'jean.petit@example.com',
        'jeanpassword'
    ),
    (
        4,
        'Martin',
        'Amelie',
        '0645678901',
        'amelie.martin@example.com',
        'amelie2023'
    ),
    (
        5,
        'Morel',
        'Julien',
        '0656789012',
        'julien.morel@example.com',
        'juliensecure'
    ),
    (
        6,
        'Blanc',
        'Alice',
        '0667890123',
        'alice.blanc@example.com',
        'alicepw2023'
    ),
    (
        7,
        'Noel',
        'Thomas',
        '0678901234',
        'thomas.noel@example.com',
        'thomassecure'
    ),
    (
        8,
        'Fontaine',
        'Marie',
        '0689012345',
        'marie.fontaine@example.com',
        'mariepw2023'
    ),
    (
        9,
        'Garnier',
        'Leo',
        '0690123456',
        'leo.garnier@example.com',
        'leosecure2023'
    ),
    (
        10,
        'Robert',
        'Hugo',
        '0611234567',
        'hugo.robert@example.com',
        'hugopassword'
    ),
    (
        11,
        'Chevalier',
        'Camille',
        '0622345678',
        'camille.chevalier@example.com',
        'camille2023'
    ),
    (
        12,
        'Bernard',
        'Lucas',
        '0633456789',
        'lucas.bernard@example.com',
        'lucassecure'
    ),
    (
        13,
        'Simon',
        'Paul',
        '0644567890',
        'paul.simon@example.com',
        'paulpassword'
    ),
    (
        14,
        'Renard',
        'Elise',
        '0655678901',
        'elise.renard@example.com',
        'elise2023'
    ),
    (
        15,
        'Gauthier',
        'Quentin',
        '0666789012',
        'quentin.gauthier@example.com',
        'quentinsecure'
    ),
    (
        16,
        'Masson',
        'Anais',
        '0677890123',
        'anais.masson@example.com',
        'anaispassword'
    ),
    (
        17,
        'Lambert',
        'Victor',
        '0688901234',
        'victor.lambert@example.com',
        'victorsecure'
    ),
    (
        18,
        'Girard',
        'Julie',
        '0699012345',
        'julie.girard@example.com',
        'juliepw2023'
    ),
    (
        19,
        'Meyer',
        'Laura',
        '0612345678',
        'laura.meyer@example.com',
        'laurapassword'
    ),
    (
        20,
        'Dubois',
        'Alexandre',
        '0623456789',
        'alexandre.dubois@example.com',
        'alexandrepw2023'
    ),
    (
        21,
        'Morin',
        'Clara',
        '0634567890',
        'clara.morin@example.com',
        'clarapassword'
    ),
    (
        22,
        'Renaud',
        'Antoine',
        '0645678901',
        'antoine.renaud@example.com',
        'antoinepw2023'
    ),
    (
        23,
        'Rey',
        'Lucie',
        '0656789012',
        'lucie.rey@example.com',
        'luciepw2023'
    ),
    (
        24,
        'Clément',
        'Nicolas',
        '0667890123',
        'nicolas.clement@example.com',
        'nicolaspw2023'
    ),
    (
        25,
        'Marchand',
        'Emma',
        '0678901234',
        'emma.marchand@example.com',
        'emmapassword'
    ),
    (
        26,
        'Leclerc',
        'Sophia',
        '0689012345',
        'sophia.leclerc@example.com',
        'sophiapw2023'
    ),
    (
        27,
        'Perrot',
        'Morgane',
        '0690123456',
        'morgane.perrot@example.com',
        'morganepassword'
    ),
    (
        28,
        'Garcia',
        'Alexis',
        '0611234567',
        'alexis.garcia@example.com',
        'alexispw2023'
    ),
    (
        29,
        'Lopez',
        'Nathan',
        '0622345678',
        'nathan.lopez@example.com',
        'nathanpassword'
    ),
    (
        30,
        'Martinez',
        'Lea',
        '0633456789',
        'lea.martinez@example.com',
        'leapw2023'
    ),
    (
        31,
        'Rodriguez',
        'Chloe',
        '0644567890',
        'chloe.rodriguez@example.com',
        'chloepassword'
    ),
    (
        32,
        'Hernandez',
        'Eva',
        '0655678901',
        'eva.hernandez@example.com',
        'evapw2023'
    ),
    (
        33,
        'Fernandez',
        'Ethan',
        '0666789012',
        'ethan.fernandez@example.com',
        'ethanpassword'
    ),
    (
        34,
        'Alves',
        'Noah',
        '0677890123',
        'noah.alves@example.com',
        'noahpw2023'
    ),
    (
        35,
        'Silva',
        'Ines',
        '0688901234',
        'ines.silva@example.com',
        'inespassword'
    ),
    (
        36,
        'Pereira',
        'Liam',
        '0699012345',
        'liam.pereira@example.com',
        'liampw2023'
    ),
    (
        37,
        'Costa',
        'Marie',
        '0612345678',
        'marie.costa@example.com',
        'mariepw2023'
    ),
    (
        38,
        'Moreira',
        'Julien',
        '0623456789',
        'julien.moreira@example.com',
        'julienpassword'
    ),
    (
        39,
        'Barbosa',
        'Hugo',
        '0634567890',
        'hugo.barbosa@example.com',
        'hugopw2023'
    ),
    (
        40,
        'Oliveira',
        'Lola',
        '0645678901',
        'lola.oliveira@example.com',
        'lolapassword'
    ),
    (
        41,
        'Duarte',
        'Lucas',
        '0656789012',
        'lucas.duarte@example.com',
        'lucaspw2023'
    ),
    (
        42,
        'Santos',
        'Clara',
        '0667890123',
        'clara.santos@example.com',
        'clarapw2023'
    ),
    (
        43,
        'Mendes',
        'Emma',
        '0678901234',
        'emma.mendes@example.com',
        'emmapassword'
    ),
    (
        44,
        'Ramos',
        'Sophia',
        '0689012345',
        'sophia.ramos@example.com',
        'sophiapw2023'
    ),
    (
        45,
        'Vieira',
        'Nathan',
        '0690123456',
        'nathan.vieira@example.com',
        'nathanpassword'
    );
INSERT INTO ETABLISSEMENT (
        IDETABLISSEMENT,
        IDRESTAURATEUR,
        TYPEETABLISSEMENT,
        IDADRESSE,
        NOMETABLISSEMENT,
        DESCRIPTION,
        IMAGEETABLISSEMENT,
        LIVRAISON,
        AEMPORTER
    )
VALUES (
        1,
        1,
        'Restaurant',
        101,
        'McDonald''s Paris',
        'Chaîne de restauration rapide mondialement connue offrant burgers, frites et boissons gazeuses.',
        'https://tb-static.uber.com/prod/image-proc/processed_images/2fbf5a0b7a62e385368c58d3cda5420b/30be7d11a3ed6f6183354d1933fbb6c7.jpeg',
        TRUE,
        FALSE
    ),
    (
        2,
        2,
        'Restaurant',
        102,
        'Waffle Factory',
        'Spécialisé dans les gaufres sucrées et salées préparées à la demande.',
        'https://tb-static.uber.com/prod/image-proc/processed_images/66ba7e9963cfdbe3126a79bd39dcf405/fb86662148be855d931b37d6c1e5fcbe.jpeg',
        FALSE,
        TRUE
    ),
    (
        3,
        3,
        'Épicerie',
        103,
        'PAUL',
        'Boulangerie française traditionnelle offrant pains artisanaux, pâtisseries et snacks.',
        'https://tb-static.uber.com/prod/image-proc/processed_images/923496b75901cda79df0e9f8676a63ef/c73ecc27d2a9eaa735b1ee95304ba588.jpeg',
        TRUE,
        TRUE
    ),
    (
        4,
        4,
        'Restaurant',
        104,
        'El Chaltén',
        'Restaurant spécialisé dans la cuisine argentine avec des saveurs authentiques.',
        'https://tb-static.uber.com/prod/image-proc/processed_images/39c402fdde3d6556e82959a6a1875629/783282f6131ef2258e5bcd87c46aa87e.jpeg',
        FALSE,
        TRUE
    ),
    (
        5,
        5,
        'Restaurant',
        105,
        'Burger King',
        'Chaîne de restauration rapide connue pour ses burgers emblématiques comme le Whopper.',
        'https://tb-static.uber.com/prod/image-proc/processed_images/7ddafa6aaf2de203eb347fecc6104779/30be7d11a3ed6f6183354d1933fbb6c7.jpeg',
        TRUE,
        FALSE
    ),
    (
        6,
        6,
        'Restaurant',
        106,
        'Street Pasta',
        'Propose des pâtes fraîches et des sauces maison dans un cadre moderne.',
        'https://tb-static.uber.com/prod/image-proc/processed_images/73557525500196231ccc1aa93616ed6f/3ac2b39ad528f8c8c5dc77c59abb683d.jpeg',
        FALSE,
        TRUE
    ),
    (
        7,
        7,
        'Restaurant',
        107,
        'Black And White Burger',
        'Restaurant spécialisé dans les burgers gourmets avec des ingrédients de qualité.',
        'https://tb-static.uber.com/prod/image-proc/processed_images/73b96ac84870d9f13a58811443662dc0/c9252e6c6cd289c588c3381bc77b1dfc.jpeg',
        TRUE,
        FALSE
    ),
    (
        8,
        8,
        'Restaurant',
        108,
        'Ben''s Food',
        'Cuisine rapide et savoureuse avec un menu varié comprenant des options végétariennes.',
        'https://tb-static.uber.com/prod/image-proc/processed_images/2587cc6c5b933f5d9bc5064249bbe575/30be7d11a3ed6f6183354d1933fbb6c7.jpeg',
        TRUE,
        TRUE
    ),
    (
        9,
        9,
        'Épicerie',
        109,
        'Carrefour',
        'Supermarché proposant une large gamme de produits alimentaires et ménagers.',
        'https://logowik.com/content/uploads/images/210_carrefour.jpg',
        TRUE,
        FALSE
    ),
    (
        10,
        10,
        'Restaurant',
        110,
        'Fat Kebab',
        'Spécialisé dans les kebabs généreux et faits maison avec des sauces uniques.',
        'https://tb-static.uber.com/prod/image-proc/processed_images/c570cbbeec2420d1ccdeb75ac2d58231/c9252e6c6cd289c588c3381bc77b1dfc.jpeg',
        TRUE,
        FALSE
    ),
    (
        11,
        11,
        'Restaurant',
        111,
        'Island Bowls',
        'Restaurant proposant des bowls sains et équilibrés inspirés de la cuisine hawaïenne.',
        'https://tb-static.uber.com/prod/image-proc/processed_images/57efbcd5e197184d730502035e58bd84/fb86662148be855d931b37d6c1e5fcbe.jpeg',
        FALSE,
        TRUE
    ),
    (
        12,
        12,
        'Restaurant',
        112,
        'Pitaya',
        'Cuisine thaïlandaise authentique servie dans une ambiance moderne et conviviale.',
        'https://tb-static.uber.com/prod/image-proc/processed_images/40ecc6916fbbd0cd7287694a97bd1d90/3ac2b39ad528f8c8c5dc77c59abb683d.jpeg',
        TRUE,
        FALSE
    ),
    (
        13,
        13,
        'Épicerie',
        113,
        'La Mie Câline',
        'Boulangerie et pâtisserie offrant des produits frais, viennoiseries et sandwichs.',
        'https://tb-static.uber.com/prod/image-proc/processed_images/6f02c35928e2bd90b78a8091edb5976f/fb86662148be855d931b37d6c1e5fcbe.jpeg',
        TRUE,
        TRUE
    ),
    (
        14,
        14,
        'Épicerie',
        114,
        'Brioche Dorée',
        'Boulangerie café offrant viennoiseries, sandwichs et menus rapides pour emporter.',
        'https://tb-static.uber.com/prod/image-proc/processed_images/23b865a8185355fdedf2ab992ec28c72/c9252e6c6cd289c588c3381bc77b1dfc.jpeg',
        TRUE,
        FALSE
    ),
    (
        15,
        15,
        'Épicerie',
        115,
        'Franprix',
        'Magasin de proximité proposant produits alimentaires et ménagers à prix abordables.',
        'https://www.groupe-asten.fr/wp-content/uploads/2022/07/franprix-1000.png',
        TRUE,
        FALSE
    ),
    (
        16,
        16,
        'Épicerie',
        116,
        'Picard',
        'Spécialisé dans les produits surgelés de qualité pour des repas rapides et savoureux.',
        'https://cdn.worldvectorlogo.com/logos/logo-picard.svg',
        TRUE,
        TRUE
    ),
    (
        17,
        17,
        'Épicerie',
        117,
        'Vival',
        'Épicerie de quartier avec une sélection variée de produits alimentaires de base.',
        'https://tb-static.uber.com/prod/image-proc/processed_images/7148418810e489efe27be264ba3694ec/a70f5c9df440d10213e93244e9eb7cad.jpeg',
        FALSE,
        TRUE
    ),
    (
        18,
        18,
        'Restaurant',
        118,
        'Instant Rétro',
        'Restaurant au style rétro proposant des plats classiques revisités.',
        'https://tb-static.uber.com/prod/image-proc/processed_images/4be8ea88c2b77663ce2d387b2a7924aa/30be7d11a3ed6f6183354d1933fbb6c7.jpeg',
        TRUE,
        FALSE
    ),
    (
        19,
        19,
        'Restaurant',
        119,
        'Chicken HOT',
        'Spécialisé dans le poulet épicé et les accompagnements savoureux.',
        'https://tb-static.uber.com/prod/image-proc/processed_images/dcdd6f59af11b38bfaba9961f80fa0ec/cc592037c936600295e9961933037e19.jpeg',
        FALSE,
        TRUE
    ),
    (
        20,
        20,
        'Restaurant',
        120,
        'Subway',
        'Chaîne internationale proposant des sandwichs personnalisés avec des ingrédients frais.',
        'https://tb-static.uber.com/prod/image-proc/processed_images/6fc5ab9e3adaa71256b0ef5d6619159f/3ac2b39ad528f8c8c5dc77c59abb683d.jpeg',
        TRUE,
        TRUE
    ),
    (
        21,
        1,
        'Restaurant',
        130,
        'McDonald''s Annecy',
        'Restaurant rapide offrant burgers, frites et menus pour petits et grands.',
        'https://tb-static.uber.com/prod/image-proc/processed_images/2fbf5a0b7a62e385368c58d3cda5420b/30be7d11a3ed6f6183354d1933fbb6c7.jpeg',
        TRUE,
        FALSE
    ),
    (
        22,
        22,
        'Épicerie',
        132,
        'Le Petit Casino',
        'Magasin de proximité proposant produits alimentaires et ménagers à prix abordables.',
        'https://tb-static.uber.com/prod/image-proc/processed_images/3a2a6d2c3a233e71731d166c5c907afd/9b3aae4cf90f897799a5ed357d60e09d.jpeg',
        TRUE,
        FALSE
    ),
    (
        23,
        23,
        'Restaurant',
        132,
        'Eat Sushi - Compans',
        'Restaurant réputé pour ses plats japonais authentiques et ses créations originales.',
        'https://tb-static.uber.com/prod/image-proc/processed_images/991cb9e636550e8431809e82bca2cf3d/9e31c708e4cf73b6e3ea1bd4a9b6e16b.jpeg',
        FALSE,
        TRUE
    ),
    (
        24,
        24,
        'Restaurant',
        133,
        'Pepe Chicken',
        'Une expérience culinaire Halal dans la vibrante ville de Lille.',
        'https://tb-static.uber.com/prod/image-proc/processed_images/3f0c1db6cb87d1b00e94d29c79ff6efb/3ac2b39ad528f8c8c5dc77c59abb683d.jpeg',
        TRUE,
        FALSE
    ),
    (
        25,
        25,
        'Épicerie',
        134,
        'Intermarché',
        'Magasin proposant produits alimentaires et ménagers à prix abordables. Tah la lutte contre la vie cher.',
        'https://tse1.mm.bing.net/th?id=OIP.gj4ezEs_JEw1Xum51IbiaAHaEJ&pid=Api&P=0&h=360',
        TRUE,
        TRUE
    ),
    (
        26,
        26,
        'Épicerie',
        135,
        'Super U',
        'Magasin proposant produits alimentaires et ménagers à prix abordables.',
        'https://tb-static.uber.com/prod/image-proc/processed_images/9e86653f2d760320b7bfe7d16fa82439/e00617ce8176680d1c4c1a6fb65963e2.png',
        FALSE,
        TRUE
    ),
    (
        27,
        27,
        'Restaurant',
        136,
        'Les Burgers de Colette',
        'Restaurant apprécié pour ses burgers de qualité.',
        'https://tb-static.uber.com/prod/image-proc/processed_images/75d3515e5ff7edfcf05258ada26b3922/9e31c708e4cf73b6e3ea1bd4a9b6e16b.jpeg',
        TRUE,
        FALSE
    ),
    (
        28,
        28,
        'Épicerie',
        137,
        'Monoprix',
        'Magasin proposant produits alimentaires et ménagers à prix abordables.',
        'https://tb-static.uber.com/prod/image-proc/processed_images/224b86f25c53a5ebb074c1a3f8040df1/e00617ce8176680d1c4c1a6fb65963e2.png',
        FALSE,
        TRUE
    ),
    (
        29,
        1,
        'Restaurant',
        138,
        'McDonald''s Le Havre',
        'Restaurant rapide offrant burgers, frites et menus pour petits et grands.',
        'https://tb-static.uber.com/prod/image-proc/processed_images/8849186db50c90063596a8af39664c94/30be7d11a3ed6f6183354d1933fbb6c7.jpeg',
        TRUE,
        TRUE
    ),
    (
        30,
        30,
        'Épicerie',
        139,
        'Monop’',
        'Magasin proposant produits alimentaires et ménagers à prix abordables.',
        'https://tb-static.uber.com/prod/image-proc/processed_images/b9ebfa5480bf99aa56f7afec5c302fb1/e00617ce8176680d1c4c1a6fb65963e2.png',
        TRUE,
        FALSE
    ),
    (
        31,
        31,
        'Restaurant',
        140,
        'L’Istanbul',
        'Gel abi, gel abla, yemeye geeeeel',
        'https://tb-static.uber.com/prod/image-proc/processed_images/993eb2938e9af3bdd57c87c31f89fdad/16bb0a3ab8ea98cfe8906135767f7bf4.jpeg',
        TRUE,
        TRUE
    ),
    (
        32,
        16,
        'Épicerie',
        141,
        'Picard',
        'Spécialisé dans les produits surgelés de qualité pour des repas rapides et savoureux.',
        'https://cdn.worldvectorlogo.com/logos/logo-picard.svg',
        FALSE,
        TRUE
    ),
    (
        33,
        33,
        'Restaurant',
        142,
        'O’Tacos',
        'Une expérience culinaire unique avec une touche française.',
        'https://tb-static.uber.com/prod/image-proc/processed_images/6479fc4485d81ab15424048d665e8c79/30be7d11a3ed6f6183354d1933fbb6c7.jpeg',
        TRUE,
        TRUE
    ),
    (
        34,
        9,
        'Épicerie',
        143,
        'Carrefour',
        'Supermarché proposant une large gamme de produits alimentaires et ménagers.',
        'https://logowik.com/content/uploads/images/210_carrefour.jpg',
        FALSE,
        TRUE
    ),
    (
        35,
        35,
        'Restaurant',
        175,
        'Chicken Alpes',
        'Un établissement spécialisé dans la cuisine de type "Pollo" de los Pollos Chickanos.',
        'https://tb-static.uber.com/prod/image-proc/processed_images/4fcd2c0217a719acc80ee4b9c2e6d2fd/fb86662148be855d931b37d6c1e5fcbe.jpeg',
        TRUE,
        FALSE
    ),
    (
        36,
        36,
        'Restaurant',
        189,
        'Mister Food',
        'Mister Food est un restaurant halal apprécié pour ses plats variés et savoureux, offrant une expérience culinaire authentique avec une note parfaite de 5.0 de la part des clients',
        'https://tb-static.uber.com/prod/image-proc/processed_images/87149bd676882bb98123ee70f79a1085/16bb0a3ab8ea98cfe8906135767f7bf4.jpeg',
        TRUE,
        TRUE
    ),
    (
        37,
        37,
        'Restaurant',
        190,
        'NACHOS Mexican Grill',
        'NACHOS - Mexican Food offre une expérience gastronomique mexicaine authentique.',
        'https://tb-static.uber.com/prod/image-proc/processed_images/5b659173226fd2ddd937bbc6f5a94914/30be7d11a3ed6f6183354d1933fbb6c7.jpeg',
        TRUE,
        TRUE
    ),
    (
        38,
        38,
        'Restaurant',
        191,
        'Viet''miam',
        'Viet''miam - Le classique viet tah tanguy',
        'https://tb-static.uber.com/prod/image-proc/processed_images/6733b8e361cc950cbb27b38efd950a21/fb86662148be855d931b37d6c1e5fcbe.webp',
        TRUE,
        TRUE
    ),
    (
        39,
        39,
        'Restaurant',
        192,
        'Manna - Korean food',
        'Manna - Korean food 🥢 offre une expérience culinaire authentiquement asiatique avec une spécialisation dans la cuisine coréenne.',
        'https://tb-static.uber.com/prod/image-proc/processed_images/be594d5478bbbe2a8bfc0826a0515e29/3ac2b39ad528f8c8c5dc77c59abb683d.jpeg',
        TRUE,
        TRUE
    ),
    (
        40,
        40,
        'Restaurant',
        193,
        'Wall Str’eat',
        'Wall Str’eat à Grenoble est un établissement de restauration rapide apprécié pour ses options de repas copieuses.',
        'https://tb-static.uber.com/prod/image-proc/processed_images/ee65bc299b54db78b0af0c3950481654/c9252e6c6cd289c588c3381bc77b1dfc.jpeg',
        TRUE,
        TRUE
    ),
    (
        41,
        41,
        'Restaurant',
        194,
        'Kefi',
        'Situé au cœur de Lyon, Kefi est un restaurant grec apprécié pour son ambiance chaleureuse et son authentique cuisine hellénique.',
        'https://tb-static.uber.com/prod/image-proc/processed_images/36a5cb781ca4fd0dd3130569ba816580/fb86662148be855d931b37d6c1e5fcbe.jpeg',
        TRUE,
        TRUE
    ),
    (
        42,
        42,
        'Restaurant',
        195,
        'La Kazdalerie',
        'La Kazdalerie par Zack Nani',
        'https://tb-static.uber.com/prod/image-proc/processed_images/4b9250c5cdccea730e4f3f23ad23b9b3/30be7d11a3ed6f6183354d1933fbb6c7.jpeg',
        TRUE,
        TRUE
    ),
    (
        43,
        43,
        'Restaurant',
        196,
        'Rosti Poulet',
        'Le restaurant excelle particulièrement avec ses plats populaires comme le Poulet Entier, la Barquette De Pâtes Au Poulet, et la Barquette d''ALOCO',
        'https://tb-static.uber.com/prod/image-proc/processed_images/a1c42b6f6c19804a3214aca6e7347290/fb86662148be855d931b37d6c1e5fcbe.jpeg',
        TRUE,
        TRUE
    ),
    (
        44,
        44,
        'Restaurant',
        197,
        'King Marcel',
        'King Marcel - Augagneur, situé à Lyon, est une adresse incontournable pour les amateurs de burgers. Ce restaurant est particulièrement célèbre pour ses options de burgers variées, y compris des options végétariennes riches et savoureuses.',
        'https://tb-static.uber.com/prod/image-proc/processed_images/fcd4f4a95ef8ba5d5a5c357a88c0e8a5/c9252e6c6cd289c588c3381bc77b1dfc.jpeg',
        TRUE,
        TRUE
    ),
    (
        45,
        45,
        'Restaurant',
        198,
        'Tacos World',
        'Situé dans la vibrante ville de Lyon, Tacos World - Chevreul est une destination idéale pour les amateurs de cuisine mexicaine avec une twist française.',
        'https://tb-static.uber.com/prod/image-proc/processed_images/a5a1781d60187bc731532a2f4cbd6588/fb86662148be855d931b37d6c1e5fcbe.jpeg',
        TRUE,
        TRUE
    );
INSERT INTO GESTION_ETABLISSEMENT (IDGESTION, IDETABLISSEMENT, IDRESPONSABLE)
VALUES (1, 1, 1),
    (2, 2, 2),
    (3, 3, 3),
    (4, 4, 4),
    (5, 5, 5),
    (6, 6, 6),
    (7, 7, 7),
    (8, 8, 8),
    (9, 9, 9),
    (10, 10, 10),
    (11, 11, 11),
    (12, 12, 12),
    (13, 13, 13),
    (14, 14, 14),
    (15, 15, 15),
    (16, 16, 16),
    (17, 17, 17),
    (18, 18, 18),
    (19, 19, 19),
    (20, 20, 20),
    (21, 21, 21),
    (22, 22, 22),
    (23, 23, 23),
    (24, 24, 24),
    (25, 25, 25),
    (26, 26, 26),
    (27, 27, 27),
    (28, 28, 28),
    (29, 29, 29),
    (30, 30, 30),
    (31, 31, 31),
    (32, 32, 32),
    (33, 33, 33),
    (34, 34, 34),
    (35, 35, 35),
    (36, 36, 36),
    (37, 37, 37),
    (38, 38, 38),
    (39, 39, 39),
    (40, 40, 40),
    (41, 41, 41),
    (42, 42, 42),
    (43, 43, 43),
    (44, 44, 44),
    (45, 45, 45);
INSERT INTO EST_SITUE_A_2 (IDPRODUIT, IDETABLISSEMENT)
VALUES -- Établissement 1
    (1, 1),
    (2, 1),
    (3, 1),
    (4, 1),
    (122, 1),
    -- Établissement 2
    (5, 2),
    (6, 2),
    -- Établissement 6
    (7, 6),
    (21, 6),
    (22, 6),
    (23, 6),
    (24, 6),
    (30, 6),
    (32, 6),
    -- Établissement 8
    (8, 8),
    (119, 8),
    (120, 8),
    (121, 8),
    -- Établissement 3
    (9, 3),
    (10, 3),
    (11, 3),
    (12, 3),
    -- Établissement 4
    (13, 4),
    (70, 4),
    -- Établissement 5
    (17, 5),
    (18, 5),
    (19, 5),
    (20, 5),
    -- Établissement 7
    (25, 7),
    (26, 7),
    (27, 7),
    (28, 7),
    (29, 7),
    -- Établissement 9
    (82, 9),
    (86, 9),
    (88, 9),
    (91, 9),
    (96, 9),
    -- Établissement 10
    (38, 10),
    (39, 10),
    (40, 10),
    (41, 10),
    -- Établissement 11
    (15, 11),
    (43, 11),
    (45, 11),
    (46, 11),
    -- Établissement 12
    (44, 12),
    (47, 12),
    (48, 12),
    -- Établissement 13
    (49, 13),
    (50, 13),
    (57, 13),
    -- Établissement 14
    (51, 14),
    (52, 14),
    (53, 14),
    (54, 14),
    (55, 14),
    (56, 14),
    (58, 14),
    -- Établissement 15
    (16, 15),
    (35, 15),
    (61, 15),
    (64, 15),
    (69, 15),
    -- Établissement 16
    (62, 16),
    (63, 16),
    (68, 16),
    -- Établissement 17
    (37, 17),
    (65, 17),
    (66, 17),
    (67, 17),
    (93, 17),
    (95, 17),
    (97, 17),
    (99, 17),
    -- Établissement 18
    (42, 18),
    (71, 18),
    (72, 18),
    -- Établissement 19
    (79, 19),
    (80, 19),
    -- Établissement 20
    (31, 20),
    (73, 20),
    (74, 20),
    (75, 20),
    (76, 20),
    (77, 20),
    (78, 20),
    -- Établissement 21
    (1, 21),
    (2, 21),
    (3, 21),
    (4, 21),
    (122, 21),
    -- Établissement 22
    (33, 22),
    (60, 22),
    (100, 22),
    -- Établissement 24
    (101, 24),
    (102, 24),
    (103, 24),
    (104, 24),
    -- Établissement 25
    (34, 25),
    (36, 25),
    -- Établissement 26
    (59, 26),
    (98, 26),
    -- Établissement 27
    (107, 27),
    (108, 27),
    (109, 27),
    -- Établissement 28
    (81, 28),
    (110, 28),
    -- Établissement 29
    (1, 29),
    (2, 29),
    (3, 29),
    (4, 29),
    (122, 29),
    -- Établissement 30
    (89, 30),
    (90, 30),
    (92, 30),
    (94, 30),
    -- Établissement 31
    (111, 31),
    (112, 31),
    (113, 31),
    -- Établissement 32
    (62, 32),
    (63, 32),
    (68, 32),
    -- Établissement 33
    (114, 33),
    (115, 33),
    -- Établissement 34
    (83, 34),
    (84, 34),
    (85, 34),
    (87, 34),
    -- Établissement 35
    (116, 35),
    (117, 35),
    (118, 35),
    -- Établissement 36
    (123, 36),
    (124, 36),
    (125, 36),
    (126, 36),
    -- Établissement 37
    (127, 37),
    (128, 37),
    (129, 37),
    (130, 37),
    -- Établissement 38
    (131, 38),
    (132, 38),
    (133, 38),
    -- Établissement 39
    (134, 39),
    (135, 39),
    (136, 39),
    -- Établissement 40
    (137, 40),
    (138, 40),
    (139, 40),
    -- Établissement 41
    (140, 41),
    (141, 41),
    (142, 41),
    -- Établissement 42
    (143, 42),
    (144, 42),
    (145, 42),
    (146, 42),
    -- Établissement 43
    (147, 43),
    (148, 43),
    (149, 43),
    -- Établissement 44
    (150, 44),
    (151, 44),
    (152, 44),
    -- Établissement 45
    (153, 45),
    (154, 45),
    (155, 45);
INSERT INTO A_COMME_CATEGORIE (IDETABLISSEMENT, IDCATEGORIEPRESTATION)
VALUES -- McDonald's Paris
    (1, 7),
    -- Fast food
    (1, 8),
    -- Burgers
    (1, 34),
    -- Américaine
    (1, 42),
    -- Repas détente
    (1, 25),
    -- Petit-déjeuner
    (1, 15),
    -- Ailes de poulet
    -- Waffle Factory
    (2, 7),
    -- Fast food
    (2, 16),
    -- Boulangerie
    (2, 42),
    -- Repas détente
    (2, 25),
    -- Petit-déjeuner
    (2, 10),
    -- Cuisine saine
    -- PAUL
    (3, 16),
    -- Boulangerie
    (3, 35),
    -- Café
    (3, 25),
    -- Petit-déjeuner
    (3, 42),
    -- Repas détente
    (3, 1),
    -- Courses
    -- El Chaltén
    (4, 10),
    -- Cuisine saine
    (4, 24),
    -- Spécialité
    (4, 34),
    -- Américaine
    (4, 20),
    -- Mexicaine
    (4, 42),
    -- Repas détente
    -- Burger King
    (5, 7),
    -- Fast food
    (5, 8),
    -- Burgers
    (5, 42),
    -- Repas détente
    (5, 34),
    -- Américaine
    (5, 25),
    -- Petit-déjeuner
    -- Street Pasta
    (6, 22),
    -- Italienne
    (6, 10),
    -- Cuisine saine
    (6, 42),
    -- Repas détente
    (6, 21),
    -- Sandwich
    -- Black And White Burger
    (7, 8),
    -- Burgers
    (7, 7),
    -- Fast food
    (7, 42),
    -- Repas détente
    (7, 15),
    -- Ailes de poulet
    (7, 34),
    -- Américaine
    -- Ben's Food
    (8, 7),
    -- Fast food
    (8, 10),
    -- Cuisine saine
    (8, 42),
    -- Repas détente
    (8, 24),
    -- Spécialité
    (8, 34),
    -- Américaine
    -- Carrefour
    (9, 6),
    -- Épicerie
    (9, 1),
    -- Courses
    (9, 36),
    -- Hygiène
    (9, 28),
    -- Parapharmacie
    (9, 16),
    -- Boulangerie
    -- Fat Kebab
    (10, 2),
    -- Halal
    (10, 15),
    -- Ailes de poulet
    (10, 42),
    -- Repas détente
    (10, 34),
    -- Américaine
    -- Island Bowls
    (11, 19),
    -- Poke
    (11, 10),
    -- Cuisine saine
    (11, 45),
    -- Hawaïenne
    (11, 24),
    -- Spécialité
    (11, 9),
    -- Asiatique
    -- Pitaya
    (12, 11),
    -- Thaïlandaise
    (12, 9),
    -- Asiatique
    (12, 10),
    -- Cuisine saine
    (12, 24),
    -- Spécialité
    (12, 31),
    -- Vietnamienne
    -- La Mie Câline
    (13, 16),
    -- Boulangerie
    (13, 7),
    -- Fast food
    (13, 25),
    -- Petit-déjeuner
    (13, 42),
    -- Repas détente
    -- Brioche Dorée
    (14, 16),
    -- Boulangerie
    (14, 25),
    -- Petit-déjeuner
    (14, 42),
    -- Repas détente
    (14, 7),
    -- Fast food
    -- Franprix
    (15, 6),
    -- Épicerie
    (15, 1),
    -- Courses
    (15, 36),
    -- Hygiène
    (15, 16),
    -- Boulangerie
    -- Picard
    (16, 6),
    -- Épicerie
    (16, 1),
    -- Courses
    (16, 10),
    -- Cuisine saine
    (16, 36),
    -- Hygiène
    (16, 42),
    -- Repas détente
    -- Vival
    (17, 6),
    -- Épicerie
    (17, 1),
    -- Courses
    (17, 36),
    -- Hygiène
    (17, 28),
    -- Parapharmacie
    -- Instant Rétro
    (18, 42),
    -- Repas détente
    (18, 41),
    -- Street food
    (18, 34),
    -- Américaine
    (18, 24),
    -- Spécialité
    -- Chicken HOT
    (19, 15),
    -- Ailes de poulet
    (19, 7),
    -- Fast food
    (19, 42),
    -- Repas détente
    (19, 34),
    -- Américaine
    -- Subway
    (20, 21),
    -- Sandwich
    (20, 7),
    -- Fast food
    (20, 42),
    -- Repas détente
    (20, 10),
    -- Cuisine saine
    -- McDonald's Annecy
    (21, 7),
    -- Fast food
    (21, 8),
    -- Burgers
    (21, 34),
    -- Américaine
    (21, 15),
    -- Ailes de poulet
    -- Le Petit Casino
    (22, 6),
    -- Épicerie
    (22, 1),
    -- Courses
    (22, 36),
    -- Hygiène
    (22, 16),
    -- Boulangerie
    -- Eat Sushi - Compans
    (23, 4),
    -- Sushis
    (23, 30),
    -- Japonaise
    (23, 9),
    -- Asiatique
    (23, 42),
    -- Repas détente
    -- Pepe Chicken
    (24, 2),
    -- Halal
    (24, 15),
    -- Ailes de poulet
    (24, 42),
    -- Repas détente
    (24, 34),
    -- Américaine
    -- Intermarché
    (25, 6),
    -- Épicerie
    (25, 1),
    -- Courses
    (25, 36),
    -- Hygiène
    (25, 16),
    -- Boulangerie
    -- Super U
    (26, 6),
    -- Épicerie
    (26, 1),
    -- Courses
    (26, 36),
    -- Hygiène
    (26, 16),
    -- Boulangerie
    -- Les Burgers de Colette
    (27, 8),
    -- Burgers
    (27, 7),
    -- Fast food
    (27, 42),
    -- Repas détente
    (27, 34),
    -- Américaine
    -- Monoprix
    (28, 6),
    -- Épicerie
    (28, 1),
    -- Courses
    (28, 36),
    -- Hygiène
    (28, 16),
    -- Boulangerie
    -- McDonald's Le Havre
    (29, 7),
    -- Fast food
    (29, 8),
    -- Burgers
    (29, 34),
    -- Américaine
    (29, 15),
    -- Ailes de poulet
    -- Monop’
    (30, 6),
    -- Épicerie
    (30, 1),
    -- Courses
    (30, 36),
    -- Hygiène
    (30, 16),
    -- Boulangerie
    -- L’Istanbul
    (31, 2),
    -- Halal
    (31, 40),
    -- Grecque
    (31, 42),
    -- Repas détente
    (31, 41),
    -- Street food
    -- Picard (second instance)
    (32, 6),
    -- Épicerie
    (32, 1),
    -- Courses
    (32, 10),
    -- Cuisine saine
    (32, 42),
    -- Repas détente
    -- O’Tacos
    (33, 2),
    -- Halal
    (33, 7),
    -- Fast food
    (33, 41),
    -- Street food
    (33, 24),
    -- Spécialité
    -- Carrefour (second instance)
    (34, 6),
    -- Épicerie
    (34, 1),
    -- Courses
    (34, 36),
    -- Hygiène
    (34, 16),
    -- Boulangerie
    -- Chicken Alpes
    (35, 15),
    -- Ailes de poulet
    (35, 2),
    -- Halal
    (35, 42),
    -- Repas détente
    -- Mister Food
    (36, 2),
    -- Halal
    (36, 24),
    -- Spécialité
    (36, 42),
    -- Repas détente
    -- NACHOS Mexican Grill
    (37, 20),
    -- Mexicaine
    (37, 24),
    -- Spécialité
    (37, 42),
    -- Repas détente
    (37, 9),
    -- Asiatique
    -- Viet'miam
    (38, 31),
    -- Vietnamienne
    (38, 9),
    -- Asiatique
    (38, 42),
    -- Repas détente
    -- Manna - Korean Food
    (39, 12),
    -- Coréenne
    (39, 9),
    -- Asiatique
    (39, 42),
    -- Repas détente
    -- Wall Str’eat
    (40, 41),
    -- Street food
    (40, 7),
    -- Fast food
    (40, 42),
    -- Repas détente
    -- Kefi
    (41, 40),
    -- Grecque
    (41, 24),
    -- Spécialité
    (41, 42),
    -- Repas détente
    -- La Kazdalerie
    (42, 8),
    -- Burgers
    (42, 41),
    -- Street food
    (42, 42),
    -- Repas détente
    -- Rosti Poulet
    (43, 15),
    -- Ailes de poulet
    (43, 24),
    -- Spécialité
    (43, 42),
    -- Repas détente
    -- King Marcel
    (44, 8),
    -- Burgers
    (44, 24),
    -- Spécialité
    (44, 42),
    -- Repas détente
    -- Tacos World
    (45, 20),
    -- Mexicaine
    (45, 2),
    -- Halal
    (45, 42);
-- Repas détente
INSERT INTO HORAIRES (
        IDHORAIRES,
        IDETABLISSEMENT,
        IDCOURSIER,
        IDLIVREUR,
        JOURSEMAINE,
        HEUREDEBUT,
        HEUREFIN
    )
VALUES (
        1,
        1,
        NULL,
        NULL,
        'Lundi',
        '07:50:00+01',
        '21:08:00+01'
    ),
    (
        2,
        1,
        NULL,
        NULL,
        'Mardi',
        '09:17:00+01',
        '19:52:00+01'
    ),
    (
        3,
        1,
        NULL,
        NULL,
        'Mercredi',
        '12:29:00+01',
        '20:16:00+01'
    ),
    (
        4,
        1,
        NULL,
        NULL,
        'Jeudi',
        '11:29:00+01',
        '21:35:00+01'
    ),
    (
        5,
        1,
        NULL,
        NULL,
        'Vendredi',
        '10:11:00+01',
        '23:38:00+01'
    ),
    (
        6,
        1,
        NULL,
        NULL,
        'Samedi',
        '10:53:00+01',
        '17:06:00+01'
    ),
    (
        7,
        1,
        NULL,
        NULL,
        'Dimanche',
        '10:19:00+01',
        '19:32:00+01'
    ),
    (
        8,
        2,
        NULL,
        NULL,
        'Lundi',
        '06:46:00+01',
        '23:08:00+01'
    ),
    (
        9,
        2,
        NULL,
        NULL,
        'Mardi',
        '06:18:00+01',
        '17:15:00+01'
    ),
    (
        10,
        2,
        NULL,
        NULL,
        'Mercredi',
        '08:35:00+01',
        '22:44:00+01'
    ),
    (
        11,
        2,
        NULL,
        NULL,
        'Jeudi',
        '08:04:00+01',
        '22:49:00+01'
    ),
    (
        12,
        2,
        NULL,
        NULL,
        'Vendredi',
        '08:54:00+01',
        '23:16:00+01'
    ),
    (
        13,
        2,
        NULL,
        NULL,
        'Samedi',
        '07:55:00+01',
        '20:24:00+01'
    ),
    (
        14,
        2,
        NULL,
        NULL,
        'Dimanche',
        '12:27:00+01',
        '22:25:00+01'
    ),
    (
        15,
        3,
        NULL,
        NULL,
        'Lundi',
        '11:11:00+01',
        '23:53:00+01'
    ),
    (
        16,
        3,
        NULL,
        NULL,
        'Mardi',
        '10:57:00+01',
        '19:28:00+01'
    ),
    (
        17,
        3,
        NULL,
        NULL,
        'Mercredi',
        '08:32:00+01',
        '21:31:00+01'
    ),
    (
        18,
        3,
        NULL,
        NULL,
        'Jeudi',
        '08:10:00+01',
        '17:29:00+01'
    ),
    (
        19,
        3,
        NULL,
        NULL,
        'Vendredi',
        '10:49:00+01',
        '21:15:00+01'
    ),
    (
        20,
        3,
        NULL,
        NULL,
        'Samedi',
        '10:46:00+01',
        '23:57:00+01'
    ),
    (
        21,
        3,
        NULL,
        NULL,
        'Dimanche',
        '11:55:00+01',
        '17:15:00+01'
    ),
    (
        22,
        4,
        NULL,
        NULL,
        'Lundi',
        '08:42:00+01',
        '17:08:00+01'
    ),
    (
        23,
        4,
        NULL,
        NULL,
        'Mardi',
        '08:37:00+01',
        '19:27:00+01'
    ),
    (
        24,
        4,
        NULL,
        NULL,
        'Mercredi',
        '10:00:00+01',
        '23:05:00+01'
    ),
    (
        25,
        4,
        NULL,
        NULL,
        'Jeudi',
        '08:33:00+01',
        '19:39:00+01'
    ),
    (
        26,
        4,
        NULL,
        NULL,
        'Vendredi',
        '11:52:00+01',
        '19:26:00+01'
    ),
    (
        27,
        4,
        NULL,
        NULL,
        'Samedi',
        '10:19:00+01',
        '19:04:00+01'
    ),
    (
        28,
        4,
        NULL,
        NULL,
        'Dimanche',
        '10:50:00+01',
        '23:02:00+01'
    ),
    (
        29,
        5,
        NULL,
        NULL,
        'Lundi',
        '08:21:00+01',
        '20:46:00+01'
    ),
    (
        30,
        5,
        NULL,
        NULL,
        'Mardi',
        '09:04:00+01',
        '22:29:00+01'
    ),
    (
        31,
        5,
        NULL,
        NULL,
        'Mercredi',
        '08:29:00+01',
        '19:18:00+01'
    ),
    (
        32,
        5,
        NULL,
        NULL,
        'Jeudi',
        '09:28:00+01',
        '22:49:00+01'
    ),
    (
        33,
        5,
        NULL,
        NULL,
        'Vendredi',
        '10:49:00+01',
        '21:25:00+01'
    ),
    (
        34,
        5,
        NULL,
        NULL,
        'Samedi',
        '12:10:00+01',
        '18:41:00+01'
    ),
    (
        35,
        5,
        NULL,
        NULL,
        'Dimanche',
        '09:15:00+01',
        '18:33:00+01'
    ),
    (
        36,
        6,
        NULL,
        NULL,
        'Lundi',
        '09:29:00+01',
        '23:26:00+01'
    ),
    (
        37,
        6,
        NULL,
        NULL,
        'Mardi',
        '07:06:00+01',
        '19:51:00+01'
    ),
    (
        38,
        6,
        NULL,
        NULL,
        'Mercredi',
        '10:36:00+01',
        '22:48:00+01'
    ),
    (
        39,
        6,
        NULL,
        NULL,
        'Jeudi',
        '11:39:00+01',
        '22:21:00+01'
    ),
    (
        40,
        6,
        NULL,
        NULL,
        'Vendredi',
        '08:55:00+01',
        '17:18:00+01'
    ),
    (
        41,
        6,
        NULL,
        NULL,
        'Samedi',
        '08:28:00+01',
        '17:23:00+01'
    ),
    (
        42,
        6,
        NULL,
        NULL,
        'Dimanche',
        '11:23:00+01',
        '18:56:00+01'
    ),
    (
        43,
        7,
        NULL,
        NULL,
        'Lundi',
        '10:51:00+01',
        '21:08:00+01'
    ),
    (
        44,
        7,
        NULL,
        NULL,
        'Mardi',
        '12:02:00+01',
        '21:16:00+01'
    ),
    (
        45,
        7,
        NULL,
        NULL,
        'Mercredi',
        '12:57:00+01',
        '21:10:00+01'
    ),
    (
        46,
        7,
        NULL,
        NULL,
        'Jeudi',
        '08:29:00+01',
        '22:40:00+01'
    ),
    (
        47,
        7,
        NULL,
        NULL,
        'Vendredi',
        '10:55:00+01',
        '18:57:00+01'
    ),
    (
        48,
        7,
        NULL,
        NULL,
        'Samedi',
        '08:06:00+01',
        '22:47:00+01'
    ),
    (
        49,
        7,
        NULL,
        NULL,
        'Dimanche',
        '12:08:00+01',
        '21:29:00+01'
    ),
    (
        50,
        8,
        NULL,
        NULL,
        'Lundi',
        '08:01:00+01',
        '18:00:00+01'
    ),
    (
        51,
        8,
        NULL,
        NULL,
        'Mardi',
        '09:10:00+01',
        '21:23:00+01'
    ),
    (
        52,
        8,
        NULL,
        NULL,
        'Mercredi',
        '08:24:00+01',
        '19:12:00+01'
    ),
    (
        53,
        8,
        NULL,
        NULL,
        'Jeudi',
        '06:31:00+01',
        '17:19:00+01'
    ),
    (
        54,
        8,
        NULL,
        NULL,
        'Vendredi',
        '06:47:00+01',
        '20:45:00+01'
    ),
    (
        55,
        8,
        NULL,
        NULL,
        'Samedi',
        '10:18:00+01',
        '21:54:00+01'
    ),
    (
        56,
        8,
        NULL,
        NULL,
        'Dimanche',
        '06:00:00+01',
        '20:57:00+01'
    ),
    (
        57,
        9,
        NULL,
        NULL,
        'Lundi',
        '11:47:00+01',
        '23:59:00+01'
    ),
    (
        58,
        9,
        NULL,
        NULL,
        'Mardi',
        '10:29:00+01',
        '19:05:00+01'
    ),
    (
        59,
        9,
        NULL,
        NULL,
        'Mercredi',
        '10:29:00+01',
        '22:28:00+01'
    ),
    (
        60,
        9,
        NULL,
        NULL,
        'Jeudi',
        '08:55:00+01',
        '17:30:00+01'
    ),
    (
        61,
        9,
        NULL,
        NULL,
        'Vendredi',
        '08:30:00+01',
        '20:32:00+01'
    ),
    (
        62,
        9,
        NULL,
        NULL,
        'Samedi',
        '06:44:00+01',
        '19:17:00+01'
    ),
    (
        63,
        9,
        NULL,
        NULL,
        'Dimanche',
        '07:41:00+01',
        '18:24:00+01'
    ),
    (
        64,
        10,
        NULL,
        NULL,
        'Lundi',
        '07:10:00+01',
        '20:34:00+01'
    ),
    (
        65,
        10,
        NULL,
        NULL,
        'Mardi',
        '10:08:00+01',
        '21:49:00+01'
    ),
    (
        66,
        10,
        NULL,
        NULL,
        'Mercredi',
        '12:06:00+01',
        '17:49:00+01'
    ),
    (
        67,
        10,
        NULL,
        NULL,
        'Jeudi',
        '09:06:00+01',
        '22:37:00+01'
    ),
    (
        68,
        10,
        NULL,
        NULL,
        'Vendredi',
        '07:35:00+01',
        '19:26:00+01'
    ),
    (
        69,
        10,
        NULL,
        NULL,
        'Samedi',
        '08:52:00+01',
        '20:48:00+01'
    ),
    (
        70,
        10,
        NULL,
        NULL,
        'Dimanche',
        '06:52:00+01',
        '19:11:00+01'
    ),
    (
        71,
        11,
        NULL,
        NULL,
        'Lundi',
        '07:15:00+01',
        '21:33:00+01'
    ),
    (
        72,
        11,
        NULL,
        NULL,
        'Mardi',
        '07:51:00+01',
        '18:40:00+01'
    ),
    (
        73,
        11,
        NULL,
        NULL,
        'Mercredi',
        '07:07:00+01',
        '22:19:00+01'
    ),
    (
        74,
        11,
        NULL,
        NULL,
        'Jeudi',
        '11:19:00+01',
        '19:32:00+01'
    ),
    (
        75,
        11,
        NULL,
        NULL,
        'Vendredi',
        '11:51:00+01',
        '21:09:00+01'
    ),
    (
        76,
        11,
        NULL,
        NULL,
        'Samedi',
        '07:59:00+01',
        '20:17:00+01'
    ),
    (
        77,
        11,
        NULL,
        NULL,
        'Dimanche',
        '08:19:00+01',
        '21:39:00+01'
    ),
    (
        78,
        12,
        NULL,
        NULL,
        'Lundi',
        '11:29:00+01',
        '23:26:00+01'
    ),
    (
        79,
        12,
        NULL,
        NULL,
        'Mardi',
        '10:07:00+01',
        '19:51:00+01'
    ),
    (
        80,
        12,
        NULL,
        NULL,
        'Mercredi',
        '12:59:00+01',
        '18:17:00+01'
    ),
    (
        81,
        12,
        NULL,
        NULL,
        'Jeudi',
        '10:55:00+01',
        '19:30:00+01'
    ),
    (
        82,
        12,
        NULL,
        NULL,
        'Vendredi',
        '11:38:00+01',
        '22:56:00+01'
    ),
    (
        83,
        12,
        NULL,
        NULL,
        'Samedi',
        '11:15:00+01',
        '21:38:00+01'
    ),
    (
        84,
        12,
        NULL,
        NULL,
        'Dimanche',
        '11:33:00+01',
        '18:09:00+01'
    ),
    (
        85,
        13,
        NULL,
        NULL,
        'Lundi',
        '09:44:00+01',
        '17:05:00+01'
    ),
    (
        86,
        13,
        NULL,
        NULL,
        'Mardi',
        '11:16:00+01',
        '18:47:00+01'
    ),
    (
        87,
        13,
        NULL,
        NULL,
        'Mercredi',
        '10:23:00+01',
        '17:23:00+01'
    ),
    (
        88,
        13,
        NULL,
        NULL,
        'Jeudi',
        '06:28:00+01',
        '19:33:00+01'
    ),
    (
        89,
        13,
        NULL,
        NULL,
        'Vendredi',
        '11:59:00+01',
        '22:55:00+01'
    ),
    (
        90,
        13,
        NULL,
        NULL,
        'Samedi',
        '12:31:00+01',
        '22:29:00+01'
    ),
    (
        91,
        13,
        NULL,
        NULL,
        'Dimanche',
        '08:09:00+01',
        '18:44:00+01'
    ),
    (
        92,
        14,
        NULL,
        NULL,
        'Lundi',
        '06:38:00+01',
        '21:27:00+01'
    ),
    (
        93,
        14,
        NULL,
        NULL,
        'Mardi',
        '09:10:00+01',
        '20:41:00+01'
    ),
    (
        94,
        14,
        NULL,
        NULL,
        'Mercredi',
        '12:29:00+01',
        '18:09:00+01'
    ),
    (
        95,
        14,
        NULL,
        NULL,
        'Jeudi',
        '08:10:00+01',
        '20:54:00+01'
    ),
    (
        96,
        14,
        NULL,
        NULL,
        'Vendredi',
        '11:01:00+01',
        '20:21:00+01'
    ),
    (
        97,
        14,
        NULL,
        NULL,
        'Samedi',
        '10:56:00+01',
        '21:30:00+01'
    ),
    (
        98,
        14,
        NULL,
        NULL,
        'Dimanche',
        '09:11:00+01',
        '19:00:00+01'
    ),
    (
        99,
        15,
        NULL,
        NULL,
        'Lundi',
        '12:53:00+01',
        '18:15:00+01'
    ),
    (
        100,
        15,
        NULL,
        NULL,
        'Mardi',
        '07:28:00+01',
        '22:52:00+01'
    ),
    (
        101,
        15,
        NULL,
        NULL,
        'Mercredi',
        '07:08:00+01',
        '19:57:00+01'
    ),
    (
        102,
        15,
        NULL,
        NULL,
        'Jeudi',
        '06:03:00+01',
        '18:03:00+01'
    ),
    (
        103,
        15,
        NULL,
        NULL,
        'Vendredi',
        '09:27:00+01',
        '23:19:00+01'
    ),
    (
        104,
        15,
        NULL,
        NULL,
        'Samedi',
        '12:07:00+01',
        '20:19:00+01'
    ),
    (
        105,
        15,
        NULL,
        NULL,
        'Dimanche',
        '10:56:00+01',
        '19:51:00+01'
    ),
    (
        106,
        16,
        NULL,
        NULL,
        'Lundi',
        '11:19:00+01',
        '18:02:00+01'
    ),
    (
        107,
        16,
        NULL,
        NULL,
        'Mardi',
        '08:56:00+01',
        '19:53:00+01'
    ),
    (
        108,
        16,
        NULL,
        NULL,
        'Mercredi',
        '08:14:00+01',
        '18:50:00+01'
    ),
    (
        109,
        16,
        NULL,
        NULL,
        'Jeudi',
        '12:22:00+01',
        '21:41:00+01'
    ),
    (
        110,
        16,
        NULL,
        NULL,
        'Vendredi',
        '08:21:00+01',
        '19:26:00+01'
    ),
    (
        111,
        16,
        NULL,
        NULL,
        'Samedi',
        '08:52:00+01',
        '20:07:00+01'
    ),
    (
        112,
        16,
        NULL,
        NULL,
        'Dimanche',
        '12:31:00+01',
        '23:57:00+01'
    ),
    (
        113,
        17,
        NULL,
        NULL,
        'Lundi',
        '08:31:00+01',
        '18:37:00+01'
    ),
    (
        114,
        17,
        NULL,
        NULL,
        'Mardi',
        '10:09:00+01',
        '18:30:00+01'
    ),
    (
        115,
        17,
        NULL,
        NULL,
        'Mercredi',
        '08:48:00+01',
        '20:51:00+01'
    ),
    (
        116,
        17,
        NULL,
        NULL,
        'Jeudi',
        '09:49:00+01',
        '19:44:00+01'
    ),
    (
        117,
        17,
        NULL,
        NULL,
        'Vendredi',
        '11:52:00+01',
        '17:33:00+01'
    ),
    (
        118,
        17,
        NULL,
        NULL,
        'Samedi',
        '10:10:00+01',
        '20:17:00+01'
    ),
    (
        119,
        17,
        NULL,
        NULL,
        'Dimanche',
        '07:38:00+01',
        '21:18:00+01'
    ),
    (
        120,
        18,
        NULL,
        NULL,
        'Lundi',
        '08:43:00+01',
        '18:39:00+01'
    ),
    (
        121,
        18,
        NULL,
        NULL,
        'Mardi',
        '12:30:00+01',
        '20:22:00+01'
    ),
    (
        122,
        18,
        NULL,
        NULL,
        'Mercredi',
        '09:31:00+01',
        '20:04:00+01'
    ),
    (
        123,
        18,
        NULL,
        NULL,
        'Jeudi',
        '06:41:00+01',
        '23:09:00+01'
    ),
    (
        124,
        18,
        NULL,
        NULL,
        'Vendredi',
        '06:02:00+01',
        '18:54:00+01'
    ),
    (
        125,
        18,
        NULL,
        NULL,
        'Samedi',
        '10:18:00+01',
        '23:03:00+01'
    ),
    (
        126,
        18,
        NULL,
        NULL,
        'Dimanche',
        '06:40:00+01',
        '17:29:00+01'
    ),
    (
        127,
        19,
        NULL,
        NULL,
        'Lundi',
        '07:30:00+01',
        '23:28:00+01'
    ),
    (
        128,
        19,
        NULL,
        NULL,
        'Mardi',
        '07:38:00+01',
        '19:49:00+01'
    ),
    (
        129,
        19,
        NULL,
        NULL,
        'Mercredi',
        '12:46:00+01',
        '21:59:00+01'
    ),
    (
        130,
        19,
        NULL,
        NULL,
        'Jeudi',
        '12:35:00+01',
        '19:10:00+01'
    ),
    (
        131,
        19,
        NULL,
        NULL,
        'Vendredi',
        '12:56:00+01',
        '23:53:00+01'
    ),
    (
        132,
        19,
        NULL,
        NULL,
        'Samedi',
        '08:27:00+01',
        '22:47:00+01'
    ),
    (
        133,
        19,
        NULL,
        NULL,
        'Dimanche',
        '08:32:00+01',
        '23:35:00+01'
    ),
    (
        134,
        20,
        NULL,
        NULL,
        'Lundi',
        '08:06:00+01',
        '21:02:00+01'
    ),
    (
        135,
        20,
        NULL,
        NULL,
        'Mardi',
        '11:03:00+01',
        '22:10:00+01'
    ),
    (
        136,
        20,
        NULL,
        NULL,
        'Mercredi',
        '08:20:00+01',
        '23:08:00+01'
    ),
    (
        137,
        20,
        NULL,
        NULL,
        'Jeudi',
        '11:04:00+01',
        '21:53:00+01'
    ),
    (
        138,
        20,
        NULL,
        NULL,
        'Vendredi',
        '12:10:00+01',
        '18:36:00+01'
    ),
    (
        139,
        20,
        NULL,
        NULL,
        'Samedi',
        '08:50:00+01',
        '23:38:00+01'
    ),
    (
        140,
        20,
        NULL,
        NULL,
        'Dimanche',
        '07:31:00+01',
        '19:14:00+01'
    ),
    (
        141,
        21,
        NULL,
        NULL,
        'Lundi',
        '06:31:00+01',
        '17:54:00+01'
    ),
    (
        142,
        21,
        NULL,
        NULL,
        'Mardi',
        '06:19:00+01',
        '19:30:00+01'
    ),
    (
        143,
        21,
        NULL,
        NULL,
        'Mercredi',
        '10:40:00+01',
        '22:39:00+01'
    ),
    (
        144,
        21,
        NULL,
        NULL,
        'Jeudi',
        '06:57:00+01',
        '17:48:00+01'
    ),
    (
        145,
        21,
        NULL,
        NULL,
        'Vendredi',
        '11:54:00+01',
        '21:09:00+01'
    ),
    (
        146,
        21,
        NULL,
        NULL,
        'Samedi',
        '08:43:00+01',
        '23:37:00+01'
    ),
    (
        147,
        21,
        NULL,
        NULL,
        'Dimanche',
        '10:15:00+01',
        '19:03:00+01'
    ),
    (
        148,
        22,
        NULL,
        NULL,
        'Lundi',
        '08:49:00+01',
        '18:00:00+01'
    ),
    (
        149,
        22,
        NULL,
        NULL,
        'Mardi',
        '11:01:00+01',
        '17:12:00+01'
    ),
    (
        150,
        22,
        NULL,
        NULL,
        'Mercredi',
        '10:50:00+01',
        '22:56:00+01'
    ),
    (
        151,
        22,
        NULL,
        NULL,
        'Jeudi',
        '09:11:00+01',
        '20:59:00+01'
    ),
    (
        152,
        22,
        NULL,
        NULL,
        'Vendredi',
        '12:46:00+01',
        '20:16:00+01'
    ),
    (
        153,
        22,
        NULL,
        NULL,
        'Samedi',
        '08:50:00+01',
        '21:43:00+01'
    ),
    (
        154,
        22,
        NULL,
        NULL,
        'Dimanche',
        '06:01:00+01',
        '19:04:00+01'
    ),
    (
        155,
        23,
        NULL,
        NULL,
        'Lundi',
        '08:11:00+01',
        '22:43:00+01'
    ),
    (
        156,
        23,
        NULL,
        NULL,
        'Mardi',
        '09:57:00+01',
        '20:49:00+01'
    ),
    (
        157,
        23,
        NULL,
        NULL,
        'Mercredi',
        '07:20:00+01',
        '18:12:00+01'
    ),
    (
        158,
        23,
        NULL,
        NULL,
        'Jeudi',
        '12:40:00+01',
        '22:14:00+01'
    ),
    (
        159,
        23,
        NULL,
        NULL,
        'Vendredi',
        '10:09:00+01',
        '18:07:00+01'
    ),
    (
        160,
        23,
        NULL,
        NULL,
        'Samedi',
        '07:42:00+01',
        '17:54:00+01'
    ),
    (
        161,
        23,
        NULL,
        NULL,
        'Dimanche',
        '06:56:00+01',
        '21:28:00+01'
    ),
    (
        162,
        24,
        NULL,
        NULL,
        'Lundi',
        '10:54:00+01',
        '17:55:00+01'
    ),
    (
        163,
        24,
        NULL,
        NULL,
        'Mardi',
        '08:19:00+01',
        '21:46:00+01'
    ),
    (
        164,
        24,
        NULL,
        NULL,
        'Mercredi',
        '08:17:00+01',
        '19:17:00+01'
    ),
    (
        165,
        24,
        NULL,
        NULL,
        'Jeudi',
        '08:42:00+01',
        '18:44:00+01'
    ),
    (
        166,
        24,
        NULL,
        NULL,
        'Vendredi',
        '08:16:00+01',
        '19:56:00+01'
    ),
    (
        167,
        24,
        NULL,
        NULL,
        'Samedi',
        '12:21:00+01',
        '23:38:00+01'
    ),
    (
        168,
        24,
        NULL,
        NULL,
        'Dimanche',
        '08:57:00+01',
        '17:12:00+01'
    ),
    (
        169,
        25,
        NULL,
        NULL,
        'Lundi',
        '10:34:00+01',
        '19:20:00+01'
    ),
    (
        170,
        25,
        NULL,
        NULL,
        'Mardi',
        '12:28:00+01',
        '18:21:00+01'
    ),
    (
        171,
        25,
        NULL,
        NULL,
        'Mercredi',
        '08:41:00+01',
        '21:55:00+01'
    ),
    (
        172,
        25,
        NULL,
        NULL,
        'Jeudi',
        '08:26:00+01',
        '17:29:00+01'
    ),
    (
        173,
        25,
        NULL,
        NULL,
        'Vendredi',
        '09:15:00+01',
        '21:13:00+01'
    ),
    (
        174,
        25,
        NULL,
        NULL,
        'Samedi',
        '12:35:00+01',
        '17:26:00+01'
    ),
    (
        175,
        25,
        NULL,
        NULL,
        'Dimanche',
        '08:13:00+01',
        '22:47:00+01'
    ),
    (
        176,
        26,
        NULL,
        NULL,
        'Lundi',
        '07:26:00+01',
        '18:49:00+01'
    ),
    (
        177,
        26,
        NULL,
        NULL,
        'Mardi',
        '07:41:00+01',
        '20:09:00+01'
    ),
    (
        178,
        26,
        NULL,
        NULL,
        'Mercredi',
        '07:10:00+01',
        '17:34:00+01'
    ),
    (
        179,
        26,
        NULL,
        NULL,
        'Jeudi',
        '09:05:00+01',
        '20:18:00+01'
    ),
    (
        180,
        26,
        NULL,
        NULL,
        'Vendredi',
        '07:48:00+01',
        '22:17:00+01'
    ),
    (
        181,
        26,
        NULL,
        NULL,
        'Samedi',
        '10:47:00+01',
        '22:22:00+01'
    ),
    (
        182,
        26,
        NULL,
        NULL,
        'Dimanche',
        '06:53:00+01',
        '22:38:00+01'
    ),
    (
        183,
        27,
        NULL,
        NULL,
        'Lundi',
        '12:51:00+01',
        '23:48:00+01'
    ),
    (
        184,
        27,
        NULL,
        NULL,
        'Mardi',
        '09:48:00+01',
        '22:32:00+01'
    ),
    (
        185,
        27,
        NULL,
        NULL,
        'Mercredi',
        '06:17:00+01',
        '22:16:00+01'
    ),
    (
        186,
        27,
        NULL,
        NULL,
        'Jeudi',
        '08:01:00+01',
        '17:24:00+01'
    ),
    (
        187,
        27,
        NULL,
        NULL,
        'Vendredi',
        '10:32:00+01',
        '18:03:00+01'
    ),
    (
        188,
        27,
        NULL,
        NULL,
        'Samedi',
        '11:29:00+01',
        '20:06:00+01'
    ),
    (
        189,
        27,
        NULL,
        NULL,
        'Dimanche',
        '09:27:00+01',
        '21:06:00+01'
    ),
    (
        190,
        28,
        NULL,
        NULL,
        'Lundi',
        '06:33:00+01',
        '22:01:00+01'
    ),
    (
        191,
        28,
        NULL,
        NULL,
        'Mardi',
        '12:39:00+01',
        '17:09:00+01'
    ),
    (
        192,
        28,
        NULL,
        NULL,
        'Mercredi',
        '06:29:00+01',
        '17:22:00+01'
    ),
    (
        193,
        28,
        NULL,
        NULL,
        'Jeudi',
        '09:00:00+01',
        '17:26:00+01'
    ),
    (
        194,
        28,
        NULL,
        NULL,
        'Vendredi',
        '12:50:00+01',
        '18:45:00+01'
    ),
    (
        195,
        28,
        NULL,
        NULL,
        'Samedi',
        '07:36:00+01',
        '20:46:00+01'
    ),
    (
        196,
        28,
        NULL,
        NULL,
        'Dimanche',
        '12:53:00+01',
        '19:37:00+01'
    ),
    (
        197,
        29,
        NULL,
        NULL,
        'Lundi',
        '06:11:00+01',
        '22:32:00+01'
    ),
    (
        198,
        29,
        NULL,
        NULL,
        'Mardi',
        '10:24:00+01',
        '22:48:00+01'
    ),
    (
        199,
        29,
        NULL,
        NULL,
        'Mercredi',
        '10:12:00+01',
        '21:47:00+01'
    ),
    (
        200,
        29,
        NULL,
        NULL,
        'Jeudi',
        '07:43:00+01',
        '20:17:00+01'
    ),
    (
        201,
        29,
        NULL,
        NULL,
        'Vendredi',
        '07:25:00+01',
        '17:07:00+01'
    ),
    (
        202,
        29,
        NULL,
        NULL,
        'Samedi',
        '06:39:00+01',
        '23:24:00+01'
    ),
    (
        203,
        29,
        NULL,
        NULL,
        'Dimanche',
        '07:00:00+01',
        '17:06:00+01'
    ),
    (
        204,
        30,
        NULL,
        NULL,
        'Lundi',
        '10:15:00+01',
        '19:25:00+01'
    ),
    (
        205,
        30,
        NULL,
        NULL,
        'Mardi',
        '12:32:00+01',
        '21:00:00+01'
    ),
    (
        206,
        30,
        NULL,
        NULL,
        'Mercredi',
        '06:35:00+01',
        '19:23:00+01'
    ),
    (
        207,
        30,
        NULL,
        NULL,
        'Jeudi',
        '10:52:00+01',
        '18:35:00+01'
    ),
    (
        208,
        30,
        NULL,
        NULL,
        'Vendredi',
        '08:10:00+01',
        '17:20:00+01'
    ),
    (
        209,
        30,
        NULL,
        NULL,
        'Samedi',
        '09:18:00+01',
        '23:07:00+01'
    ),
    (
        210,
        30,
        NULL,
        NULL,
        'Dimanche',
        '07:55:00+01',
        '23:22:00+01'
    ),
    (
        211,
        31,
        NULL,
        NULL,
        'Lundi',
        '09:37:00+01',
        '19:56:00+01'
    ),
    (
        212,
        31,
        NULL,
        NULL,
        'Mardi',
        '08:38:00+01',
        '20:51:00+01'
    ),
    (
        213,
        31,
        NULL,
        NULL,
        'Mercredi',
        '09:41:00+01',
        '17:55:00+01'
    ),
    (
        214,
        31,
        NULL,
        NULL,
        'Jeudi',
        '09:53:00+01',
        '20:21:00+01'
    ),
    (
        215,
        31,
        NULL,
        NULL,
        'Vendredi',
        '10:16:00+01',
        '17:37:00+01'
    ),
    (
        216,
        31,
        NULL,
        NULL,
        'Samedi',
        '12:46:00+01',
        '20:43:00+01'
    ),
    (
        217,
        31,
        NULL,
        NULL,
        'Dimanche',
        '09:38:00+01',
        '18:19:00+01'
    ),
    (
        218,
        32,
        NULL,
        NULL,
        'Lundi',
        '06:22:00+01',
        '19:12:00+01'
    ),
    (
        219,
        32,
        NULL,
        NULL,
        'Mardi',
        '08:05:00+01',
        '23:36:00+01'
    ),
    (
        220,
        32,
        NULL,
        NULL,
        'Mercredi',
        '11:55:00+01',
        '22:07:00+01'
    ),
    (
        221,
        32,
        NULL,
        NULL,
        'Jeudi',
        '11:13:00+01',
        '22:16:00+01'
    ),
    (
        222,
        32,
        NULL,
        NULL,
        'Vendredi',
        '07:04:00+01',
        '17:09:00+01'
    ),
    (
        223,
        32,
        NULL,
        NULL,
        'Samedi',
        '06:00:00+01',
        '18:13:00+01'
    ),
    (
        224,
        32,
        NULL,
        NULL,
        'Dimanche',
        '06:20:00+01',
        '21:56:00+01'
    ),
    (
        225,
        33,
        NULL,
        NULL,
        'Lundi',
        '09:28:00+01',
        '18:12:00+01'
    ),
    (
        226,
        33,
        NULL,
        NULL,
        'Mardi',
        '09:38:00+01',
        '23:50:00+01'
    ),
    (
        227,
        33,
        NULL,
        NULL,
        'Mercredi',
        '11:40:00+01',
        '20:22:00+01'
    ),
    (
        228,
        33,
        NULL,
        NULL,
        'Jeudi',
        '07:16:00+01',
        '22:03:00+01'
    ),
    (
        229,
        33,
        NULL,
        NULL,
        'Vendredi',
        '06:19:00+01',
        '21:18:00+01'
    ),
    (
        230,
        33,
        NULL,
        NULL,
        'Samedi',
        '11:19:00+01',
        '22:03:00+01'
    ),
    (
        231,
        33,
        NULL,
        NULL,
        'Dimanche',
        '10:37:00+01',
        '18:16:00+01'
    ),
    (
        232,
        34,
        NULL,
        NULL,
        'Lundi',
        '06:23:00+01',
        '22:58:00+01'
    ),
    (
        233,
        34,
        NULL,
        NULL,
        'Mardi',
        '12:19:00+01',
        '17:43:00+01'
    ),
    (
        234,
        34,
        NULL,
        NULL,
        'Mercredi',
        '08:30:00+01',
        '21:41:00+01'
    ),
    (
        235,
        34,
        NULL,
        NULL,
        'Jeudi',
        '12:51:00+01',
        '19:02:00+01'
    ),
    (
        236,
        34,
        NULL,
        NULL,
        'Vendredi',
        '09:57:00+01',
        '23:01:00+01'
    ),
    (
        237,
        34,
        NULL,
        NULL,
        'Samedi',
        '07:24:00+01',
        '23:10:00+01'
    ),
    (
        238,
        34,
        NULL,
        NULL,
        'Dimanche',
        '11:45:00+01',
        '17:51:00+01'
    ),
    (
        239,
        35,
        NULL,
        NULL,
        'Lundi',
        '07:26:00+01',
        '23:44:00+01'
    ),
    (
        240,
        35,
        NULL,
        NULL,
        'Mardi',
        '09:57:00+01',
        '21:33:00+01'
    ),
    (
        241,
        35,
        NULL,
        NULL,
        'Mercredi',
        '06:28:00+01',
        '19:04:00+01'
    ),
    (
        242,
        35,
        NULL,
        NULL,
        'Jeudi',
        '11:49:00+01',
        '23:25:00+01'
    ),
    (
        243,
        35,
        NULL,
        NULL,
        'Vendredi',
        '10:06:00+01',
        '20:17:00+01'
    ),
    (
        244,
        35,
        NULL,
        NULL,
        'Samedi',
        '11:43:00+01',
        '20:35:00+01'
    ),
    (
        245,
        35,
        NULL,
        NULL,
        'Dimanche',
        '11:13:00+01',
        '20:35:00+01'
    ),
    (
        246,
        36,
        NULL,
        NULL,
        'Lundi',
        '06:32:00+01',
        '17:57:00+01'
    ),
    (
        247,
        36,
        NULL,
        NULL,
        'Mardi',
        '11:30:00+01',
        '18:59:00+01'
    ),
    (
        248,
        36,
        NULL,
        NULL,
        'Mercredi',
        '06:12:00+01',
        '23:21:00+01'
    ),
    (
        249,
        36,
        NULL,
        NULL,
        'Jeudi',
        '07:31:00+01',
        '22:27:00+01'
    ),
    (
        250,
        36,
        NULL,
        NULL,
        'Vendredi',
        '12:25:00+01',
        '17:58:00+01'
    ),
    (
        251,
        36,
        NULL,
        NULL,
        'Samedi',
        '11:10:00+01',
        '21:46:00+01'
    ),
    (
        252,
        36,
        NULL,
        NULL,
        'Dimanche',
        '06:58:00+01',
        '20:30:00+01'
    ),
    (
        253,
        37,
        NULL,
        NULL,
        'Lundi',
        '07:35:00+01',
        '21:51:00+01'
    ),
    (
        254,
        37,
        NULL,
        NULL,
        'Mardi',
        '12:45:00+01',
        '20:58:00+01'
    ),
    (
        255,
        37,
        NULL,
        NULL,
        'Mercredi',
        '11:45:00+01',
        '18:41:00+01'
    ),
    (
        256,
        37,
        NULL,
        NULL,
        'Jeudi',
        '11:26:00+01',
        '19:55:00+01'
    ),
    (
        257,
        37,
        NULL,
        NULL,
        'Vendredi',
        '08:00:00+01',
        '21:40:00+01'
    ),
    (
        258,
        37,
        NULL,
        NULL,
        'Samedi',
        '07:56:00+01',
        '18:43:00+01'
    ),
    (
        259,
        37,
        NULL,
        NULL,
        'Dimanche',
        '08:09:00+01',
        '18:31:00+01'
    ),
    (
        260,
        38,
        NULL,
        NULL,
        'Lundi',
        '10:18:00+01',
        '21:59:00+01'
    ),
    (
        261,
        38,
        NULL,
        NULL,
        'Mardi',
        '10:32:00+01',
        '18:53:00+01'
    ),
    (
        262,
        38,
        NULL,
        NULL,
        'Mercredi',
        '10:47:00+01',
        '17:13:00+01'
    ),
    (
        263,
        38,
        NULL,
        NULL,
        'Jeudi',
        '12:37:00+01',
        '19:19:00+01'
    ),
    (
        264,
        38,
        NULL,
        NULL,
        'Vendredi',
        '12:48:00+01',
        '17:11:00+01'
    ),
    (
        265,
        38,
        NULL,
        NULL,
        'Samedi',
        '09:44:00+01',
        '20:12:00+01'
    ),
    (
        266,
        38,
        NULL,
        NULL,
        'Dimanche',
        '10:27:00+01',
        '22:06:00+01'
    ),
    (
        267,
        39,
        NULL,
        NULL,
        'Lundi',
        '07:34:00+01',
        '17:09:00+01'
    ),
    (
        268,
        39,
        NULL,
        NULL,
        'Mardi',
        '06:46:00+01',
        '19:21:00+01'
    ),
    (
        269,
        39,
        NULL,
        NULL,
        'Mercredi',
        '06:16:00+01',
        '17:00:00+01'
    ),
    (
        270,
        39,
        NULL,
        NULL,
        'Jeudi',
        '11:22:00+01',
        '21:18:00+01'
    ),
    (
        271,
        39,
        NULL,
        NULL,
        'Vendredi',
        '10:05:00+01',
        '19:54:00+01'
    ),
    (
        272,
        39,
        NULL,
        NULL,
        'Samedi',
        '08:44:00+01',
        '21:14:00+01'
    ),
    (
        273,
        39,
        NULL,
        NULL,
        'Dimanche',
        '09:33:00+01',
        '20:52:00+01'
    ),
    (
        274,
        40,
        NULL,
        NULL,
        'Lundi',
        '09:03:00+01',
        '23:12:00+01'
    ),
    (
        275,
        40,
        NULL,
        NULL,
        'Mardi',
        '06:49:00+01',
        '23:23:00+01'
    ),
    (
        276,
        40,
        NULL,
        NULL,
        'Mercredi',
        '07:59:00+01',
        '22:30:00+01'
    ),
    (
        277,
        40,
        NULL,
        NULL,
        'Jeudi',
        '06:08:00+01',
        '18:00:00+01'
    ),
    (
        278,
        40,
        NULL,
        NULL,
        'Vendredi',
        '11:40:00+01',
        '18:40:00+01'
    ),
    (
        279,
        40,
        NULL,
        NULL,
        'Samedi',
        '08:57:00+01',
        '22:29:00+01'
    ),
    (
        280,
        40,
        NULL,
        NULL,
        'Dimanche',
        '09:16:00+01',
        '20:07:00+01'
    ),
    (
        281,
        41,
        NULL,
        NULL,
        'Lundi',
        '09:42:00+01',
        '19:42:00+01'
    ),
    (
        282,
        41,
        NULL,
        NULL,
        'Mardi',
        '12:49:00+01',
        '20:43:00+01'
    ),
    (
        283,
        41,
        NULL,
        NULL,
        'Mercredi',
        '12:43:00+01',
        '20:16:00+01'
    ),
    (
        284,
        41,
        NULL,
        NULL,
        'Jeudi',
        '10:17:00+01',
        '20:07:00+01'
    ),
    (
        285,
        41,
        NULL,
        NULL,
        'Vendredi',
        '07:34:00+01',
        '23:04:00+01'
    ),
    (
        286,
        41,
        NULL,
        NULL,
        'Samedi',
        '11:23:00+01',
        '20:47:00+01'
    ),
    (
        287,
        41,
        NULL,
        NULL,
        'Dimanche',
        '09:46:00+01',
        '19:53:00+01'
    ),
    (
        288,
        42,
        NULL,
        NULL,
        'Lundi',
        '06:38:00+01',
        '17:18:00+01'
    ),
    (
        289,
        42,
        NULL,
        NULL,
        'Mardi',
        '06:42:00+01',
        '21:01:00+01'
    ),
    (
        290,
        42,
        NULL,
        NULL,
        'Mercredi',
        '11:20:00+01',
        '17:38:00+01'
    ),
    (
        291,
        42,
        NULL,
        NULL,
        'Jeudi',
        '08:35:00+01',
        '22:40:00+01'
    ),
    (
        292,
        42,
        NULL,
        NULL,
        'Vendredi',
        '12:46:00+01',
        '18:03:00+01'
    ),
    (
        293,
        42,
        NULL,
        NULL,
        'Samedi',
        '06:40:00+01',
        '21:27:00+01'
    ),
    (
        294,
        42,
        NULL,
        NULL,
        'Dimanche',
        '09:15:00+01',
        '21:21:00+01'
    ),
    (
        295,
        43,
        NULL,
        NULL,
        'Lundi',
        '10:28:00+01',
        '18:45:00+01'
    ),
    (
        296,
        43,
        NULL,
        NULL,
        'Mardi',
        '10:53:00+01',
        '19:12:00+01'
    ),
    (
        297,
        43,
        NULL,
        NULL,
        'Mercredi',
        '11:18:00+01',
        '23:33:00+01'
    ),
    (
        298,
        43,
        NULL,
        NULL,
        'Jeudi',
        '09:09:00+01',
        '20:11:00+01'
    ),
    (
        299,
        43,
        NULL,
        NULL,
        'Vendredi',
        '08:29:00+01',
        '18:53:00+01'
    ),
    (
        300,
        43,
        NULL,
        NULL,
        'Samedi',
        '07:10:00+01',
        '19:39:00+01'
    ),
    (
        301,
        43,
        NULL,
        NULL,
        'Dimanche',
        '09:16:00+01',
        '17:14:00+01'
    ),
    (
        302,
        44,
        NULL,
        NULL,
        'Lundi',
        '06:31:00+01',
        '23:31:00+01'
    ),
    (
        303,
        44,
        NULL,
        NULL,
        'Mardi',
        '09:01:00+01',
        '19:50:00+01'
    ),
    (
        304,
        44,
        NULL,
        NULL,
        'Mercredi',
        '07:57:00+01',
        '17:54:00+01'
    ),
    (
        305,
        44,
        NULL,
        NULL,
        'Jeudi',
        '06:43:00+01',
        '19:00:00+01'
    ),
    (
        306,
        44,
        NULL,
        NULL,
        'Vendredi',
        '12:47:00+01',
        '22:18:00+01'
    ),
    (
        307,
        44,
        NULL,
        NULL,
        'Samedi',
        '07:11:00+01',
        '21:24:00+01'
    ),
    (
        308,
        44,
        NULL,
        NULL,
        'Dimanche',
        '08:05:00+01',
        '22:42:00+01'
    ),
    (
        309,
        45,
        NULL,
        NULL,
        'Lundi',
        '06:52:00+01',
        '21:59:00+01'
    ),
    (
        310,
        45,
        NULL,
        NULL,
        'Mardi',
        '08:08:00+01',
        '18:23:00+01'
    ),
    (
        311,
        45,
        NULL,
        NULL,
        'Mercredi',
        '08:07:00+01',
        '23:09:00+01'
    ),
    (
        312,
        45,
        NULL,
        NULL,
        'Jeudi',
        '07:08:00+01',
        '22:31:00+01'
    ),
    (
        313,
        45,
        NULL,
        NULL,
        'Vendredi',
        '07:12:00+01',
        '19:40:00+01'
    ),
    (
        314,
        45,
        NULL,
        NULL,
        'Samedi',
        '07:54:00+01',
        '22:55:00+01'
    ),
    (
        315,
        45,
        NULL,
        NULL,
        'Dimanche',
        '10:13:00+01',
        '21:54:00+01'
    ),
    (
        316,
        NULL,
        1,
        NULL,
        'Lundi',
        '09:51:00+01',
        '22:52:00+01'
    ),
    (
        317,
        NULL,
        1,
        NULL,
        'Mardi',
        '06:18:00+01',
        '23:11:00+01'
    ),
    (
        318,
        NULL,
        1,
        NULL,
        'Mercredi',
        '10:17:00+01',
        '19:57:00+01'
    ),
    (
        319,
        NULL,
        1,
        NULL,
        'Jeudi',
        '12:35:00+01',
        '19:17:00+01'
    ),
    (
        320,
        NULL,
        1,
        NULL,
        'Vendredi',
        '12:31:00+01',
        '21:26:00+01'
    ),
    (
        321,
        NULL,
        1,
        NULL,
        'Samedi',
        '10:27:00+01',
        '22:03:00+01'
    ),
    (
        322,
        NULL,
        1,
        NULL,
        'Dimanche',
        '10:34:00+01',
        '21:08:00+01'
    ),
    (
        323,
        NULL,
        2,
        NULL,
        'Lundi',
        '11:22:00+01',
        '18:09:00+01'
    ),
    (
        324,
        NULL,
        2,
        NULL,
        'Mardi',
        '11:19:00+01',
        '17:18:00+01'
    ),
    (
        325,
        NULL,
        2,
        NULL,
        'Mercredi',
        '09:03:00+01',
        '23:56:00+01'
    ),
    (
        326,
        NULL,
        2,
        NULL,
        'Jeudi',
        '08:10:00+01',
        '22:42:00+01'
    ),
    (
        327,
        NULL,
        2,
        NULL,
        'Vendredi',
        '07:58:00+01',
        '21:28:00+01'
    ),
    (
        328,
        NULL,
        2,
        NULL,
        'Samedi',
        '06:45:00+01',
        '18:15:00+01'
    ),
    (
        329,
        NULL,
        2,
        NULL,
        'Dimanche',
        '07:49:00+01',
        '23:44:00+01'
    ),
    (
        330,
        NULL,
        3,
        NULL,
        'Lundi',
        '08:23:00+01',
        '23:36:00+01'
    ),
    (
        331,
        NULL,
        3,
        NULL,
        'Mardi',
        '06:42:00+01',
        '19:18:00+01'
    ),
    (
        332,
        NULL,
        3,
        NULL,
        'Mercredi',
        '11:39:00+01',
        '19:39:00+01'
    ),
    (
        333,
        NULL,
        3,
        NULL,
        'Jeudi',
        '08:10:00+01',
        '17:16:00+01'
    ),
    (
        334,
        NULL,
        3,
        NULL,
        'Vendredi',
        '07:56:00+01',
        '21:09:00+01'
    ),
    (
        335,
        NULL,
        3,
        NULL,
        'Samedi',
        '11:54:00+01',
        '22:53:00+01'
    ),
    (
        336,
        NULL,
        3,
        NULL,
        'Dimanche',
        '11:35:00+01',
        '17:45:00+01'
    ),
    (
        337,
        NULL,
        4,
        NULL,
        'Lundi',
        '10:55:00+01',
        '23:37:00+01'
    ),
    (
        338,
        NULL,
        4,
        NULL,
        'Mardi',
        '10:45:00+01',
        '17:07:00+01'
    ),
    (
        339,
        NULL,
        4,
        NULL,
        'Mercredi',
        '06:20:00+01',
        '19:49:00+01'
    ),
    (
        340,
        NULL,
        4,
        NULL,
        'Jeudi',
        '07:27:00+01',
        '19:46:00+01'
    ),
    (
        341,
        NULL,
        4,
        NULL,
        'Vendredi',
        '09:16:00+01',
        '18:59:00+01'
    ),
    (
        342,
        NULL,
        4,
        NULL,
        'Samedi',
        '06:55:00+01',
        '20:16:00+01'
    ),
    (
        343,
        NULL,
        4,
        NULL,
        'Dimanche',
        '10:24:00+01',
        '18:17:00+01'
    ),
    (
        344,
        NULL,
        5,
        NULL,
        'Lundi',
        '06:19:00+01',
        '23:23:00+01'
    ),
    (
        345,
        NULL,
        5,
        NULL,
        'Mardi',
        '11:15:00+01',
        '18:12:00+01'
    ),
    (
        346,
        NULL,
        5,
        NULL,
        'Mercredi',
        '06:53:00+01',
        '22:59:00+01'
    ),
    (
        347,
        NULL,
        5,
        NULL,
        'Jeudi',
        '11:45:00+01',
        '20:25:00+01'
    ),
    (
        348,
        NULL,
        5,
        NULL,
        'Vendredi',
        '08:24:00+01',
        '21:43:00+01'
    ),
    (
        349,
        NULL,
        5,
        NULL,
        'Samedi',
        '11:02:00+01',
        '21:36:00+01'
    ),
    (
        350,
        NULL,
        5,
        NULL,
        'Dimanche',
        '11:46:00+01',
        '23:12:00+01'
    ),
    (
        351,
        NULL,
        6,
        NULL,
        'Lundi',
        '08:13:00+01',
        '23:20:00+01'
    ),
    (
        352,
        NULL,
        6,
        NULL,
        'Mardi',
        '12:38:00+01',
        '23:51:00+01'
    ),
    (
        353,
        NULL,
        6,
        NULL,
        'Mercredi',
        '10:37:00+01',
        '18:43:00+01'
    ),
    (
        354,
        NULL,
        6,
        NULL,
        'Jeudi',
        '07:05:00+01',
        '21:28:00+01'
    ),
    (
        355,
        NULL,
        6,
        NULL,
        'Vendredi',
        '10:50:00+01',
        '20:31:00+01'
    ),
    (
        356,
        NULL,
        6,
        NULL,
        'Samedi',
        '11:29:00+01',
        '18:04:00+01'
    ),
    (
        357,
        NULL,
        6,
        NULL,
        'Dimanche',
        '07:45:00+01',
        '17:31:00+01'
    ),
    (
        358,
        NULL,
        7,
        NULL,
        'Lundi',
        '06:26:00+01',
        '18:34:00+01'
    ),
    (
        359,
        NULL,
        7,
        NULL,
        'Mardi',
        '12:05:00+01',
        '20:40:00+01'
    ),
    (
        360,
        NULL,
        7,
        NULL,
        'Mercredi',
        '06:37:00+01',
        '22:02:00+01'
    ),
    (
        361,
        NULL,
        7,
        NULL,
        'Jeudi',
        '12:10:00+01',
        '17:58:00+01'
    ),
    (
        362,
        NULL,
        7,
        NULL,
        'Vendredi',
        '07:27:00+01',
        '18:13:00+01'
    ),
    (
        363,
        NULL,
        7,
        NULL,
        'Samedi',
        '10:27:00+01',
        '20:28:00+01'
    ),
    (
        364,
        NULL,
        7,
        NULL,
        'Dimanche',
        '10:58:00+01',
        '22:00:00+01'
    ),
    (
        365,
        NULL,
        8,
        NULL,
        'Lundi',
        '10:16:00+01',
        '22:24:00+01'
    ),
    (
        366,
        NULL,
        8,
        NULL,
        'Mardi',
        '08:15:00+01',
        '23:56:00+01'
    ),
    (
        367,
        NULL,
        8,
        NULL,
        'Mercredi',
        '09:20:00+01',
        '23:03:00+01'
    ),
    (
        368,
        NULL,
        8,
        NULL,
        'Jeudi',
        '09:31:00+01',
        '19:53:00+01'
    ),
    (
        369,
        NULL,
        8,
        NULL,
        'Vendredi',
        '07:33:00+01',
        '22:57:00+01'
    ),
    (
        370,
        NULL,
        8,
        NULL,
        'Samedi',
        '11:18:00+01',
        '18:40:00+01'
    ),
    (
        371,
        NULL,
        8,
        NULL,
        'Dimanche',
        '12:59:00+01',
        '23:24:00+01'
    ),
    (
        372,
        NULL,
        9,
        NULL,
        'Lundi',
        '12:32:00+01',
        '19:55:00+01'
    ),
    (
        373,
        NULL,
        9,
        NULL,
        'Mardi',
        '12:19:00+01',
        '21:13:00+01'
    ),
    (
        374,
        NULL,
        9,
        NULL,
        'Mercredi',
        '11:14:00+01',
        '17:09:00+01'
    ),
    (
        375,
        NULL,
        9,
        NULL,
        'Jeudi',
        '12:49:00+01',
        '23:12:00+01'
    ),
    (
        376,
        NULL,
        9,
        NULL,
        'Vendredi',
        '12:52:00+01',
        '19:35:00+01'
    ),
    (
        377,
        NULL,
        9,
        NULL,
        'Samedi',
        '09:53:00+01',
        '21:27:00+01'
    ),
    (
        378,
        NULL,
        9,
        NULL,
        'Dimanche',
        '10:05:00+01',
        '19:06:00+01'
    ),
    (
        379,
        NULL,
        10,
        NULL,
        'Lundi',
        '09:26:00+01',
        '19:17:00+01'
    ),
    (
        380,
        NULL,
        10,
        NULL,
        'Mardi',
        '07:16:00+01',
        '18:32:00+01'
    ),
    (
        381,
        NULL,
        10,
        NULL,
        'Mercredi',
        '08:06:00+01',
        '18:43:00+01'
    ),
    (
        382,
        NULL,
        10,
        NULL,
        'Jeudi',
        '07:15:00+01',
        '20:43:00+01'
    ),
    (
        383,
        NULL,
        10,
        NULL,
        'Vendredi',
        '12:51:00+01',
        '17:45:00+01'
    ),
    (
        384,
        NULL,
        10,
        NULL,
        'Samedi',
        '07:23:00+01',
        '21:41:00+01'
    ),
    (
        385,
        NULL,
        10,
        NULL,
        'Dimanche',
        '10:23:00+01',
        '18:27:00+01'
    ),
    (
        386,
        NULL,
        11,
        NULL,
        'Lundi',
        '09:14:00+01',
        '23:01:00+01'
    ),
    (
        387,
        NULL,
        11,
        NULL,
        'Mardi',
        '09:27:00+01',
        '17:01:00+01'
    ),
    (
        388,
        NULL,
        11,
        NULL,
        'Mercredi',
        '08:37:00+01',
        '18:45:00+01'
    ),
    (
        389,
        NULL,
        11,
        NULL,
        'Jeudi',
        '06:33:00+01',
        '20:32:00+01'
    ),
    (
        390,
        NULL,
        11,
        NULL,
        'Vendredi',
        '07:15:00+01',
        '19:41:00+01'
    ),
    (
        391,
        NULL,
        11,
        NULL,
        'Samedi',
        '12:17:00+01',
        '21:08:00+01'
    ),
    (
        392,
        NULL,
        11,
        NULL,
        'Dimanche',
        '09:18:00+01',
        '17:17:00+01'
    ),
    (
        393,
        NULL,
        12,
        NULL,
        'Lundi',
        '11:15:00+01',
        '17:26:00+01'
    ),
    (
        394,
        NULL,
        12,
        NULL,
        'Mardi',
        '10:54:00+01',
        '17:21:00+01'
    ),
    (
        395,
        NULL,
        12,
        NULL,
        'Mercredi',
        '07:34:00+01',
        '21:32:00+01'
    ),
    (
        396,
        NULL,
        12,
        NULL,
        'Jeudi',
        '08:41:00+01',
        '23:30:00+01'
    ),
    (
        397,
        NULL,
        12,
        NULL,
        'Vendredi',
        '06:49:00+01',
        '23:42:00+01'
    ),
    (
        398,
        NULL,
        12,
        NULL,
        'Samedi',
        '10:32:00+01',
        '22:46:00+01'
    ),
    (
        399,
        NULL,
        12,
        NULL,
        'Dimanche',
        '09:29:00+01',
        '22:06:00+01'
    ),
    (
        400,
        NULL,
        13,
        NULL,
        'Lundi',
        '10:49:00+01',
        '22:03:00+01'
    ),
    (
        401,
        NULL,
        13,
        NULL,
        'Mardi',
        '07:11:00+01',
        '20:51:00+01'
    ),
    (
        402,
        NULL,
        13,
        NULL,
        'Mercredi',
        '10:37:00+01',
        '23:12:00+01'
    ),
    (
        403,
        NULL,
        13,
        NULL,
        'Jeudi',
        '06:36:00+01',
        '18:28:00+01'
    ),
    (
        404,
        NULL,
        13,
        NULL,
        'Vendredi',
        '08:15:00+01',
        '18:57:00+01'
    ),
    (
        405,
        NULL,
        13,
        NULL,
        'Samedi',
        '12:47:00+01',
        '20:54:00+01'
    ),
    (
        406,
        NULL,
        13,
        NULL,
        'Dimanche',
        '06:48:00+01',
        '22:58:00+01'
    ),
    (
        407,
        NULL,
        14,
        NULL,
        'Lundi',
        '10:16:00+01',
        '23:41:00+01'
    ),
    (
        408,
        NULL,
        14,
        NULL,
        'Mardi',
        '12:29:00+01',
        '23:06:00+01'
    ),
    (
        409,
        NULL,
        14,
        NULL,
        'Mercredi',
        '07:18:00+01',
        '20:30:00+01'
    ),
    (
        410,
        NULL,
        14,
        NULL,
        'Jeudi',
        '07:32:00+01',
        '22:52:00+01'
    ),
    (
        411,
        NULL,
        14,
        NULL,
        'Vendredi',
        '07:40:00+01',
        '23:07:00+01'
    ),
    (
        412,
        NULL,
        14,
        NULL,
        'Samedi',
        '06:13:00+01',
        '23:59:00+01'
    ),
    (
        413,
        NULL,
        14,
        NULL,
        'Dimanche',
        '11:44:00+01',
        '18:07:00+01'
    ),
    (
        414,
        NULL,
        15,
        NULL,
        'Lundi',
        '12:22:00+01',
        '23:36:00+01'
    ),
    (
        415,
        NULL,
        15,
        NULL,
        'Mardi',
        '09:30:00+01',
        '22:29:00+01'
    ),
    (
        416,
        NULL,
        15,
        NULL,
        'Mercredi',
        '11:23:00+01',
        '18:25:00+01'
    ),
    (
        417,
        NULL,
        15,
        NULL,
        'Jeudi',
        '09:32:00+01',
        '17:41:00+01'
    ),
    (
        418,
        NULL,
        15,
        NULL,
        'Vendredi',
        '10:19:00+01',
        '21:24:00+01'
    ),
    (
        419,
        NULL,
        15,
        NULL,
        'Samedi',
        '11:34:00+01',
        '19:50:00+01'
    ),
    (
        420,
        NULL,
        15,
        NULL,
        'Dimanche',
        '10:20:00+01',
        '21:05:00+01'
    ),
    (
        421,
        NULL,
        16,
        NULL,
        'Lundi',
        '11:09:00+01',
        '17:33:00+01'
    ),
    (
        422,
        NULL,
        16,
        NULL,
        'Mardi',
        '07:02:00+01',
        '22:59:00+01'
    ),
    (
        423,
        NULL,
        16,
        NULL,
        'Mercredi',
        '12:12:00+01',
        '17:38:00+01'
    ),
    (
        424,
        NULL,
        16,
        NULL,
        'Jeudi',
        '06:11:00+01',
        '21:35:00+01'
    ),
    (
        425,
        NULL,
        16,
        NULL,
        'Vendredi',
        '11:06:00+01',
        '21:34:00+01'
    ),
    (
        426,
        NULL,
        16,
        NULL,
        'Samedi',
        '09:10:00+01',
        '19:16:00+01'
    ),
    (
        427,
        NULL,
        16,
        NULL,
        'Dimanche',
        '06:42:00+01',
        '21:56:00+01'
    ),
    (
        428,
        NULL,
        17,
        NULL,
        'Lundi',
        '10:07:00+01',
        '17:53:00+01'
    ),
    (
        429,
        NULL,
        17,
        NULL,
        'Mardi',
        '08:08:00+01',
        '22:05:00+01'
    ),
    (
        430,
        NULL,
        17,
        NULL,
        'Mercredi',
        '07:51:00+01',
        '21:29:00+01'
    ),
    (
        431,
        NULL,
        17,
        NULL,
        'Jeudi',
        '12:09:00+01',
        '21:17:00+01'
    ),
    (
        432,
        NULL,
        17,
        NULL,
        'Vendredi',
        '11:34:00+01',
        '21:54:00+01'
    ),
    (
        433,
        NULL,
        17,
        NULL,
        'Samedi',
        '06:25:00+01',
        '23:25:00+01'
    ),
    (
        434,
        NULL,
        17,
        NULL,
        'Dimanche',
        '07:59:00+01',
        '22:35:00+01'
    ),
    (
        435,
        NULL,
        18,
        NULL,
        'Lundi',
        '06:28:00+01',
        '22:56:00+01'
    ),
    (
        436,
        NULL,
        18,
        NULL,
        'Mardi',
        '12:06:00+01',
        '23:35:00+01'
    ),
    (
        437,
        NULL,
        18,
        NULL,
        'Mercredi',
        '08:24:00+01',
        '22:24:00+01'
    ),
    (
        438,
        NULL,
        18,
        NULL,
        'Jeudi',
        '08:58:00+01',
        '19:58:00+01'
    ),
    (
        439,
        NULL,
        18,
        NULL,
        'Vendredi',
        '10:14:00+01',
        '18:55:00+01'
    ),
    (
        440,
        NULL,
        18,
        NULL,
        'Samedi',
        '12:01:00+01',
        '21:22:00+01'
    ),
    (
        441,
        NULL,
        18,
        NULL,
        'Dimanche',
        '12:03:00+01',
        '21:23:00+01'
    ),
    (
        442,
        NULL,
        19,
        NULL,
        'Lundi',
        '12:15:00+01',
        '19:02:00+01'
    ),
    (
        443,
        NULL,
        19,
        NULL,
        'Mardi',
        '06:06:00+01',
        '17:40:00+01'
    ),
    (
        444,
        NULL,
        19,
        NULL,
        'Mercredi',
        '06:24:00+01',
        '22:07:00+01'
    ),
    (
        445,
        NULL,
        19,
        NULL,
        'Jeudi',
        '08:53:00+01',
        '23:39:00+01'
    ),
    (
        446,
        NULL,
        19,
        NULL,
        'Vendredi',
        '06:54:00+01',
        '17:17:00+01'
    ),
    (
        447,
        NULL,
        19,
        NULL,
        'Samedi',
        '06:51:00+01',
        '17:47:00+01'
    ),
    (
        448,
        NULL,
        19,
        NULL,
        'Dimanche',
        '10:59:00+01',
        '19:05:00+01'
    ),
    (
        449,
        NULL,
        20,
        NULL,
        'Lundi',
        '07:53:00+01',
        '20:03:00+01'
    ),
    (
        450,
        NULL,
        20,
        NULL,
        'Mardi',
        '11:49:00+01',
        '17:42:00+01'
    ),
    (
        451,
        NULL,
        20,
        NULL,
        'Mercredi',
        '08:44:00+01',
        '22:30:00+01'
    ),
    (
        452,
        NULL,
        20,
        NULL,
        'Jeudi',
        '09:06:00+01',
        '23:41:00+01'
    ),
    (
        453,
        NULL,
        20,
        NULL,
        'Vendredi',
        '11:51:00+01',
        '18:04:00+01'
    ),
    (
        454,
        NULL,
        20,
        NULL,
        'Samedi',
        '06:39:00+01',
        '19:16:00+01'
    ),
    (
        455,
        NULL,
        20,
        NULL,
        'Dimanche',
        '07:45:00+01',
        '17:35:00+01'
    ),
    (
        456,
        NULL,
        21,
        NULL,
        'Lundi',
        '08:02:00+01',
        '21:00:00+01'
    ),
    (
        457,
        NULL,
        21,
        NULL,
        'Mardi',
        '08:48:00+01',
        '20:57:00+01'
    ),
    (
        458,
        NULL,
        21,
        NULL,
        'Mercredi',
        '06:15:00+01',
        '22:27:00+01'
    ),
    (
        459,
        NULL,
        21,
        NULL,
        'Jeudi',
        '09:02:00+01',
        '18:34:00+01'
    ),
    (
        460,
        NULL,
        21,
        NULL,
        'Vendredi',
        '08:46:00+01',
        '22:22:00+01'
    ),
    (
        461,
        NULL,
        21,
        NULL,
        'Samedi',
        '06:34:00+01',
        '21:57:00+01'
    ),
    (
        462,
        NULL,
        21,
        NULL,
        'Dimanche',
        '10:49:00+01',
        '21:49:00+01'
    ),
    (
        463,
        NULL,
        22,
        NULL,
        'Lundi',
        '06:08:00+01',
        '20:26:00+01'
    ),
    (
        464,
        NULL,
        22,
        NULL,
        'Mardi',
        '06:25:00+01',
        '19:25:00+01'
    ),
    (
        465,
        NULL,
        22,
        NULL,
        'Mercredi',
        '08:56:00+01',
        '17:50:00+01'
    ),
    (
        466,
        NULL,
        22,
        NULL,
        'Jeudi',
        '06:19:00+01',
        '23:18:00+01'
    ),
    (
        467,
        NULL,
        22,
        NULL,
        'Vendredi',
        '06:21:00+01',
        '21:10:00+01'
    ),
    (
        468,
        NULL,
        22,
        NULL,
        'Samedi',
        '12:29:00+01',
        '19:44:00+01'
    ),
    (
        469,
        NULL,
        22,
        NULL,
        'Dimanche',
        '10:09:00+01',
        '19:03:00+01'
    ),
    (
        470,
        NULL,
        23,
        NULL,
        'Lundi',
        '10:03:00+01',
        '18:00:00+01'
    ),
    (
        471,
        NULL,
        23,
        NULL,
        'Mardi',
        '09:43:00+01',
        '21:53:00+01'
    ),
    (
        472,
        NULL,
        23,
        NULL,
        'Mercredi',
        '09:46:00+01',
        '17:10:00+01'
    ),
    (
        473,
        NULL,
        23,
        NULL,
        'Jeudi',
        '08:42:00+01',
        '19:30:00+01'
    ),
    (
        474,
        NULL,
        23,
        NULL,
        'Vendredi',
        '12:45:00+01',
        '22:03:00+01'
    ),
    (
        475,
        NULL,
        23,
        NULL,
        'Samedi',
        '12:12:00+01',
        '23:23:00+01'
    ),
    (
        476,
        NULL,
        23,
        NULL,
        'Dimanche',
        '10:17:00+01',
        '19:47:00+01'
    ),
    (
        477,
        NULL,
        24,
        NULL,
        'Lundi',
        '08:28:00+01',
        '22:04:00+01'
    ),
    (
        478,
        NULL,
        24,
        NULL,
        'Mardi',
        '12:15:00+01',
        '18:34:00+01'
    ),
    (
        479,
        NULL,
        24,
        NULL,
        'Mercredi',
        '09:53:00+01',
        '17:19:00+01'
    ),
    (
        480,
        NULL,
        24,
        NULL,
        'Jeudi',
        '09:06:00+01',
        '21:23:00+01'
    ),
    (
        481,
        NULL,
        24,
        NULL,
        'Vendredi',
        '10:39:00+01',
        '17:08:00+01'
    ),
    (
        482,
        NULL,
        24,
        NULL,
        'Samedi',
        '11:45:00+01',
        '23:37:00+01'
    ),
    (
        483,
        NULL,
        24,
        NULL,
        'Dimanche',
        '09:06:00+01',
        '18:29:00+01'
    ),
    (
        484,
        NULL,
        25,
        NULL,
        'Lundi',
        '07:29:00+01',
        '21:05:00+01'
    ),
    (
        485,
        NULL,
        25,
        NULL,
        'Mardi',
        '12:04:00+01',
        '18:54:00+01'
    ),
    (
        486,
        NULL,
        25,
        NULL,
        'Mercredi',
        '11:03:00+01',
        '21:13:00+01'
    ),
    (
        487,
        NULL,
        25,
        NULL,
        'Jeudi',
        '07:24:00+01',
        '18:50:00+01'
    ),
    (
        488,
        NULL,
        25,
        NULL,
        'Vendredi',
        '07:53:00+01',
        '23:37:00+01'
    ),
    (
        489,
        NULL,
        25,
        NULL,
        'Samedi',
        '11:09:00+01',
        '18:33:00+01'
    ),
    (
        490,
        NULL,
        25,
        NULL,
        'Dimanche',
        '10:16:00+01',
        '23:52:00+01'
    ),
    (
        491,
        NULL,
        26,
        NULL,
        'Lundi',
        '06:42:00+01',
        '21:36:00+01'
    ),
    (
        492,
        NULL,
        26,
        NULL,
        'Mardi',
        '12:52:00+01',
        '17:41:00+01'
    ),
    (
        493,
        NULL,
        26,
        NULL,
        'Mercredi',
        '08:22:00+01',
        '20:43:00+01'
    ),
    (
        494,
        NULL,
        26,
        NULL,
        'Jeudi',
        '07:57:00+01',
        '20:18:00+01'
    ),
    (
        495,
        NULL,
        26,
        NULL,
        'Vendredi',
        '07:22:00+01',
        '20:26:00+01'
    ),
    (
        496,
        NULL,
        26,
        NULL,
        'Samedi',
        '07:15:00+01',
        '21:32:00+01'
    ),
    (
        497,
        NULL,
        26,
        NULL,
        'Dimanche',
        '11:19:00+01',
        '23:55:00+01'
    ),
    (
        498,
        NULL,
        27,
        NULL,
        'Lundi',
        '11:35:00+01',
        '22:09:00+01'
    ),
    (
        499,
        NULL,
        27,
        NULL,
        'Mardi',
        '07:05:00+01',
        '20:29:00+01'
    ),
    (
        500,
        NULL,
        27,
        NULL,
        'Mercredi',
        '12:09:00+01',
        '22:52:00+01'
    ),
    (
        501,
        NULL,
        27,
        NULL,
        'Jeudi',
        '11:19:00+01',
        '18:45:00+01'
    ),
    (
        502,
        NULL,
        27,
        NULL,
        'Vendredi',
        '06:12:00+01',
        '17:43:00+01'
    ),
    (
        503,
        NULL,
        27,
        NULL,
        'Samedi',
        '08:18:00+01',
        '21:21:00+01'
    ),
    (
        504,
        NULL,
        27,
        NULL,
        'Dimanche',
        '06:36:00+01',
        '23:20:00+01'
    ),
    (
        505,
        NULL,
        28,
        NULL,
        'Lundi',
        '07:19:00+01',
        '23:05:00+01'
    ),
    (
        506,
        NULL,
        28,
        NULL,
        'Mardi',
        '09:21:00+01',
        '20:56:00+01'
    ),
    (
        507,
        NULL,
        28,
        NULL,
        'Mercredi',
        '12:35:00+01',
        '20:38:00+01'
    ),
    (
        508,
        NULL,
        28,
        NULL,
        'Jeudi',
        '11:46:00+01',
        '21:37:00+01'
    ),
    (
        509,
        NULL,
        28,
        NULL,
        'Vendredi',
        '08:08:00+01',
        '17:07:00+01'
    ),
    (
        510,
        NULL,
        28,
        NULL,
        'Samedi',
        '08:57:00+01',
        '18:33:00+01'
    ),
    (
        511,
        NULL,
        28,
        NULL,
        'Dimanche',
        '07:14:00+01',
        '20:04:00+01'
    ),
    (
        512,
        NULL,
        29,
        NULL,
        'Lundi',
        '07:36:00+01',
        '17:33:00+01'
    ),
    (
        513,
        NULL,
        29,
        NULL,
        'Mardi',
        '08:37:00+01',
        '23:53:00+01'
    ),
    (
        514,
        NULL,
        29,
        NULL,
        'Mercredi',
        '09:28:00+01',
        '17:58:00+01'
    ),
    (
        515,
        NULL,
        29,
        NULL,
        'Jeudi',
        '12:16:00+01',
        '23:18:00+01'
    ),
    (
        516,
        NULL,
        29,
        NULL,
        'Vendredi',
        '07:51:00+01',
        '21:48:00+01'
    ),
    (
        517,
        NULL,
        29,
        NULL,
        'Samedi',
        '07:03:00+01',
        '19:18:00+01'
    ),
    (
        518,
        NULL,
        29,
        NULL,
        'Dimanche',
        '07:51:00+01',
        '19:44:00+01'
    ),
    (
        519,
        NULL,
        30,
        NULL,
        'Lundi',
        '08:24:00+01',
        '19:33:00+01'
    ),
    (
        520,
        NULL,
        30,
        NULL,
        'Mardi',
        '12:02:00+01',
        '22:34:00+01'
    ),
    (
        521,
        NULL,
        30,
        NULL,
        'Mercredi',
        '11:33:00+01',
        '22:29:00+01'
    ),
    (
        522,
        NULL,
        30,
        NULL,
        'Jeudi',
        '09:31:00+01',
        '22:40:00+01'
    ),
    (
        523,
        NULL,
        30,
        NULL,
        'Vendredi',
        '06:14:00+01',
        '19:07:00+01'
    ),
    (
        524,
        NULL,
        30,
        NULL,
        'Samedi',
        '12:03:00+01',
        '21:35:00+01'
    ),
    (
        525,
        NULL,
        30,
        NULL,
        'Dimanche',
        '12:48:00+01',
        '23:47:00+01'
    ),
    (
        526,
        NULL,
        31,
        NULL,
        'Lundi',
        '11:38:00+01',
        '20:26:00+01'
    ),
    (
        527,
        NULL,
        31,
        NULL,
        'Mardi',
        '09:22:00+01',
        '21:17:00+01'
    ),
    (
        528,
        NULL,
        31,
        NULL,
        'Mercredi',
        '07:39:00+01',
        '22:41:00+01'
    ),
    (
        529,
        NULL,
        31,
        NULL,
        'Jeudi',
        '10:52:00+01',
        '22:38:00+01'
    ),
    (
        530,
        NULL,
        31,
        NULL,
        'Vendredi',
        '06:35:00+01',
        '23:33:00+01'
    ),
    (
        531,
        NULL,
        31,
        NULL,
        'Samedi',
        '12:15:00+01',
        '17:37:00+01'
    ),
    (
        532,
        NULL,
        31,
        NULL,
        'Dimanche',
        '06:27:00+01',
        '17:07:00+01'
    ),
    (
        533,
        NULL,
        32,
        NULL,
        'Lundi',
        '09:12:00+01',
        '23:33:00+01'
    ),
    (
        534,
        NULL,
        32,
        NULL,
        'Mardi',
        '10:35:00+01',
        '19:41:00+01'
    ),
    (
        535,
        NULL,
        32,
        NULL,
        'Mercredi',
        '10:26:00+01',
        '21:14:00+01'
    ),
    (
        536,
        NULL,
        32,
        NULL,
        'Jeudi',
        '11:12:00+01',
        '19:20:00+01'
    ),
    (
        537,
        NULL,
        32,
        NULL,
        'Vendredi',
        '06:56:00+01',
        '17:31:00+01'
    ),
    (
        538,
        NULL,
        32,
        NULL,
        'Samedi',
        '12:10:00+01',
        '22:44:00+01'
    ),
    (
        539,
        NULL,
        32,
        NULL,
        'Dimanche',
        '11:06:00+01',
        '21:41:00+01'
    ),
    (
        540,
        NULL,
        33,
        NULL,
        'Lundi',
        '10:59:00+01',
        '20:44:00+01'
    ),
    (
        541,
        NULL,
        33,
        NULL,
        'Mardi',
        '12:24:00+01',
        '23:59:00+01'
    ),
    (
        542,
        NULL,
        33,
        NULL,
        'Mercredi',
        '11:16:00+01',
        '23:18:00+01'
    ),
    (
        543,
        NULL,
        33,
        NULL,
        'Jeudi',
        '09:32:00+01',
        '18:43:00+01'
    ),
    (
        544,
        NULL,
        33,
        NULL,
        'Vendredi',
        '12:59:00+01',
        '18:26:00+01'
    ),
    (
        545,
        NULL,
        33,
        NULL,
        'Samedi',
        '10:27:00+01',
        '19:46:00+01'
    ),
    (
        546,
        NULL,
        33,
        NULL,
        'Dimanche',
        '12:53:00+01',
        '22:31:00+01'
    ),
    (
        547,
        NULL,
        34,
        NULL,
        'Lundi',
        '12:07:00+01',
        '17:20:00+01'
    ),
    (
        548,
        NULL,
        34,
        NULL,
        'Mardi',
        '06:01:00+01',
        '17:39:00+01'
    ),
    (
        549,
        NULL,
        34,
        NULL,
        'Mercredi',
        '12:42:00+01',
        '22:51:00+01'
    ),
    (
        550,
        NULL,
        34,
        NULL,
        'Jeudi',
        '11:11:00+01',
        '22:15:00+01'
    ),
    (
        551,
        NULL,
        34,
        NULL,
        'Vendredi',
        '07:51:00+01',
        '21:51:00+01'
    ),
    (
        552,
        NULL,
        34,
        NULL,
        'Samedi',
        '09:43:00+01',
        '23:33:00+01'
    ),
    (
        553,
        NULL,
        34,
        NULL,
        'Dimanche',
        '11:10:00+01',
        '23:50:00+01'
    ),
    (
        554,
        NULL,
        35,
        NULL,
        'Lundi',
        '12:10:00+01',
        '22:50:00+01'
    ),
    (
        555,
        NULL,
        35,
        NULL,
        'Mardi',
        '08:00:00+01',
        '18:34:00+01'
    ),
    (
        556,
        NULL,
        35,
        NULL,
        'Mercredi',
        '10:15:00+01',
        '20:19:00+01'
    ),
    (
        557,
        NULL,
        35,
        NULL,
        'Jeudi',
        '08:48:00+01',
        '23:14:00+01'
    ),
    (
        558,
        NULL,
        35,
        NULL,
        'Vendredi',
        '10:28:00+01',
        '17:49:00+01'
    ),
    (
        559,
        NULL,
        35,
        NULL,
        'Samedi',
        '10:15:00+01',
        '22:18:00+01'
    ),
    (
        560,
        NULL,
        35,
        NULL,
        'Dimanche',
        '06:14:00+01',
        '22:17:00+01'
    ),
    (
        561,
        NULL,
        36,
        NULL,
        'Lundi',
        '11:08:00+01',
        '21:46:00+01'
    ),
    (
        562,
        NULL,
        36,
        NULL,
        'Mardi',
        '12:49:00+01',
        '22:50:00+01'
    ),
    (
        563,
        NULL,
        36,
        NULL,
        'Mercredi',
        '06:58:00+01',
        '17:43:00+01'
    ),
    (
        564,
        NULL,
        36,
        NULL,
        'Jeudi',
        '12:22:00+01',
        '22:35:00+01'
    ),
    (
        565,
        NULL,
        36,
        NULL,
        'Vendredi',
        '11:15:00+01',
        '21:34:00+01'
    ),
    (
        566,
        NULL,
        36,
        NULL,
        'Samedi',
        '09:11:00+01',
        '22:08:00+01'
    ),
    (
        567,
        NULL,
        36,
        NULL,
        'Dimanche',
        '10:19:00+01',
        '23:49:00+01'
    ),
    (
        568,
        NULL,
        37,
        NULL,
        'Lundi',
        '09:32:00+01',
        '18:16:00+01'
    ),
    (
        569,
        NULL,
        37,
        NULL,
        'Mardi',
        '12:04:00+01',
        '19:59:00+01'
    ),
    (
        570,
        NULL,
        37,
        NULL,
        'Mercredi',
        '07:35:00+01',
        '19:41:00+01'
    ),
    (
        571,
        NULL,
        37,
        NULL,
        'Jeudi',
        '07:19:00+01',
        '20:39:00+01'
    ),
    (
        572,
        NULL,
        37,
        NULL,
        'Vendredi',
        '08:57:00+01',
        '17:36:00+01'
    ),
    (
        573,
        NULL,
        37,
        NULL,
        'Samedi',
        '11:59:00+01',
        '23:54:00+01'
    ),
    (
        574,
        NULL,
        37,
        NULL,
        'Dimanche',
        '07:49:00+01',
        '18:30:00+01'
    ),
    (
        575,
        NULL,
        38,
        NULL,
        'Lundi',
        '12:56:00+01',
        '21:41:00+01'
    ),
    (
        576,
        NULL,
        38,
        NULL,
        'Mardi',
        '11:31:00+01',
        '17:02:00+01'
    ),
    (
        577,
        NULL,
        38,
        NULL,
        'Mercredi',
        '11:02:00+01',
        '21:12:00+01'
    ),
    (
        578,
        NULL,
        38,
        NULL,
        'Jeudi',
        '06:35:00+01',
        '22:02:00+01'
    ),
    (
        579,
        NULL,
        38,
        NULL,
        'Vendredi',
        '09:55:00+01',
        '23:29:00+01'
    ),
    (
        580,
        NULL,
        38,
        NULL,
        'Samedi',
        '07:59:00+01',
        '19:10:00+01'
    ),
    (
        581,
        NULL,
        38,
        NULL,
        'Dimanche',
        '06:45:00+01',
        '18:43:00+01'
    ),
    (
        582,
        NULL,
        39,
        NULL,
        'Lundi',
        '06:15:00+01',
        '19:55:00+01'
    ),
    (
        583,
        NULL,
        39,
        NULL,
        'Mardi',
        '08:44:00+01',
        '20:17:00+01'
    ),
    (
        584,
        NULL,
        39,
        NULL,
        'Mercredi',
        '12:41:00+01',
        '18:27:00+01'
    ),
    (
        585,
        NULL,
        39,
        NULL,
        'Jeudi',
        '09:16:00+01',
        '21:30:00+01'
    ),
    (
        586,
        NULL,
        39,
        NULL,
        'Vendredi',
        '10:37:00+01',
        '21:11:00+01'
    ),
    (
        587,
        NULL,
        39,
        NULL,
        'Samedi',
        '10:17:00+01',
        '21:17:00+01'
    ),
    (
        588,
        NULL,
        39,
        NULL,
        'Dimanche',
        '12:44:00+01',
        '17:08:00+01'
    ),
    (
        589,
        NULL,
        40,
        NULL,
        'Lundi',
        '10:44:00+01',
        '18:35:00+01'
    ),
    (
        590,
        NULL,
        40,
        NULL,
        'Mardi',
        '09:47:00+01',
        '17:45:00+01'
    ),
    (
        591,
        NULL,
        40,
        NULL,
        'Mercredi',
        '12:46:00+01',
        '23:36:00+01'
    ),
    (
        592,
        NULL,
        40,
        NULL,
        'Jeudi',
        '12:03:00+01',
        '19:49:00+01'
    ),
    (
        593,
        NULL,
        40,
        NULL,
        'Vendredi',
        '09:44:00+01',
        '18:20:00+01'
    ),
    (
        594,
        NULL,
        40,
        NULL,
        'Samedi',
        '09:58:00+01',
        '21:28:00+01'
    ),
    (
        595,
        NULL,
        40,
        NULL,
        'Dimanche',
        '11:22:00+01',
        '18:31:00+01'
    ),
    (
        596,
        NULL,
        41,
        NULL,
        'Lundi',
        '09:05:00+01',
        '22:40:00+01'
    ),
    (
        597,
        NULL,
        41,
        NULL,
        'Mardi',
        '11:29:00+01',
        '22:43:00+01'
    ),
    (
        598,
        NULL,
        41,
        NULL,
        'Mercredi',
        '09:57:00+01',
        '18:14:00+01'
    ),
    (
        599,
        NULL,
        41,
        NULL,
        'Jeudi',
        '09:02:00+01',
        '22:55:00+01'
    ),
    (
        600,
        NULL,
        41,
        NULL,
        'Vendredi',
        '06:42:00+01',
        '18:54:00+01'
    ),
    (
        601,
        NULL,
        41,
        NULL,
        'Samedi',
        '11:25:00+01',
        '17:17:00+01'
    ),
    (
        602,
        NULL,
        41,
        NULL,
        'Dimanche',
        '12:35:00+01',
        '17:50:00+01'
    ),
    (
        603,
        NULL,
        42,
        NULL,
        'Lundi',
        '07:54:00+01',
        '17:53:00+01'
    ),
    (
        604,
        NULL,
        42,
        NULL,
        'Mardi',
        '10:26:00+01',
        '20:11:00+01'
    ),
    (
        605,
        NULL,
        42,
        NULL,
        'Mercredi',
        '08:59:00+01',
        '22:31:00+01'
    ),
    (
        606,
        NULL,
        42,
        NULL,
        'Jeudi',
        '11:55:00+01',
        '21:19:00+01'
    ),
    (
        607,
        NULL,
        42,
        NULL,
        'Vendredi',
        '06:28:00+01',
        '23:58:00+01'
    ),
    (
        608,
        NULL,
        42,
        NULL,
        'Samedi',
        '10:31:00+01',
        '20:01:00+01'
    ),
    (
        609,
        NULL,
        42,
        NULL,
        'Dimanche',
        '10:21:00+01',
        '18:22:00+01'
    ),
    (
        610,
        NULL,
        43,
        NULL,
        'Lundi',
        '10:25:00+01',
        '19:09:00+01'
    ),
    (
        611,
        NULL,
        43,
        NULL,
        'Mardi',
        '11:19:00+01',
        '18:13:00+01'
    ),
    (
        612,
        NULL,
        43,
        NULL,
        'Mercredi',
        '08:35:00+01',
        '18:00:00+01'
    ),
    (
        613,
        NULL,
        43,
        NULL,
        'Jeudi',
        '09:03:00+01',
        '23:38:00+01'
    ),
    (
        614,
        NULL,
        43,
        NULL,
        'Vendredi',
        '11:22:00+01',
        '18:48:00+01'
    ),
    (
        615,
        NULL,
        43,
        NULL,
        'Samedi',
        '08:35:00+01',
        '23:55:00+01'
    ),
    (
        616,
        NULL,
        43,
        NULL,
        'Dimanche',
        '06:33:00+01',
        '19:25:00+01'
    ),
    (
        617,
        NULL,
        44,
        NULL,
        'Lundi',
        '08:48:00+01',
        '19:24:00+01'
    ),
    (
        618,
        NULL,
        44,
        NULL,
        'Mardi',
        '10:03:00+01',
        '17:40:00+01'
    ),
    (
        619,
        NULL,
        44,
        NULL,
        'Mercredi',
        '11:57:00+01',
        '20:54:00+01'
    ),
    (
        620,
        NULL,
        44,
        NULL,
        'Jeudi',
        '12:16:00+01',
        '22:36:00+01'
    ),
    (
        621,
        NULL,
        44,
        NULL,
        'Vendredi',
        '06:55:00+01',
        '21:12:00+01'
    ),
    (
        622,
        NULL,
        44,
        NULL,
        'Samedi',
        '07:13:00+01',
        '22:44:00+01'
    ),
    (
        623,
        NULL,
        44,
        NULL,
        'Dimanche',
        '11:56:00+01',
        '21:56:00+01'
    ),
    (
        624,
        NULL,
        45,
        NULL,
        'Lundi',
        '12:39:00+01',
        '23:53:00+01'
    ),
    (
        625,
        NULL,
        45,
        NULL,
        'Mardi',
        '08:50:00+01',
        '23:38:00+01'
    ),
    (
        626,
        NULL,
        45,
        NULL,
        'Mercredi',
        '07:30:00+01',
        '20:53:00+01'
    ),
    (
        627,
        NULL,
        45,
        NULL,
        'Jeudi',
        '11:04:00+01',
        '18:34:00+01'
    ),
    (
        628,
        NULL,
        45,
        NULL,
        'Vendredi',
        '07:11:00+01',
        '19:31:00+01'
    ),
    (
        629,
        NULL,
        45,
        NULL,
        'Samedi',
        '06:46:00+01',
        '20:31:00+01'
    ),
    (
        630,
        NULL,
        45,
        NULL,
        'Dimanche',
        '06:46:00+01',
        '22:00:00+01'
    ),
    (
        631,
        NULL,
        46,
        NULL,
        'Lundi',
        '10:41:00+01',
        '22:57:00+01'
    ),
    (
        632,
        NULL,
        46,
        NULL,
        'Mardi',
        '10:06:00+01',
        '23:49:00+01'
    ),
    (
        633,
        NULL,
        46,
        NULL,
        'Mercredi',
        '11:00:00+01',
        '18:07:00+01'
    ),
    (
        634,
        NULL,
        46,
        NULL,
        'Jeudi',
        '08:55:00+01',
        '19:28:00+01'
    ),
    (
        635,
        NULL,
        46,
        NULL,
        'Vendredi',
        '12:50:00+01',
        '19:12:00+01'
    ),
    (
        636,
        NULL,
        46,
        NULL,
        'Samedi',
        '07:08:00+01',
        '22:17:00+01'
    ),
    (
        637,
        NULL,
        46,
        NULL,
        'Dimanche',
        '07:39:00+01',
        '22:14:00+01'
    ),
    (
        638,
        NULL,
        47,
        NULL,
        'Lundi',
        '11:43:00+01',
        '19:23:00+01'
    ),
    (
        639,
        NULL,
        47,
        NULL,
        'Mardi',
        '12:42:00+01',
        '23:19:00+01'
    ),
    (
        640,
        NULL,
        47,
        NULL,
        'Mercredi',
        '12:33:00+01',
        '21:01:00+01'
    ),
    (
        641,
        NULL,
        47,
        NULL,
        'Jeudi',
        '08:33:00+01',
        '22:15:00+01'
    ),
    (
        642,
        NULL,
        47,
        NULL,
        'Vendredi',
        '08:24:00+01',
        '19:16:00+01'
    ),
    (
        643,
        NULL,
        47,
        NULL,
        'Samedi',
        '08:40:00+01',
        '20:33:00+01'
    ),
    (
        644,
        NULL,
        47,
        NULL,
        'Dimanche',
        '12:33:00+01',
        '17:59:00+01'
    ),
    (
        645,
        NULL,
        48,
        NULL,
        'Lundi',
        '08:44:00+01',
        '18:52:00+01'
    ),
    (
        646,
        NULL,
        48,
        NULL,
        'Mardi',
        '11:48:00+01',
        '19:26:00+01'
    ),
    (
        647,
        NULL,
        48,
        NULL,
        'Mercredi',
        '10:42:00+01',
        '22:16:00+01'
    ),
    (
        648,
        NULL,
        48,
        NULL,
        'Jeudi',
        '12:49:00+01',
        '23:58:00+01'
    ),
    (
        649,
        NULL,
        48,
        NULL,
        'Vendredi',
        '08:37:00+01',
        '23:32:00+01'
    ),
    (
        650,
        NULL,
        48,
        NULL,
        'Samedi',
        '12:26:00+01',
        '18:08:00+01'
    ),
    (
        651,
        NULL,
        48,
        NULL,
        'Dimanche',
        '08:38:00+01',
        '20:24:00+01'
    ),
    (
        652,
        NULL,
        49,
        NULL,
        'Lundi',
        '09:19:00+01',
        '18:07:00+01'
    ),
    (
        653,
        NULL,
        49,
        NULL,
        'Mardi',
        '10:11:00+01',
        '23:15:00+01'
    ),
    (
        654,
        NULL,
        49,
        NULL,
        'Mercredi',
        '09:20:00+01',
        '18:44:00+01'
    ),
    (
        655,
        NULL,
        49,
        NULL,
        'Jeudi',
        '11:02:00+01',
        '18:13:00+01'
    ),
    (
        656,
        NULL,
        49,
        NULL,
        'Vendredi',
        '08:45:00+01',
        '22:16:00+01'
    ),
    (
        657,
        NULL,
        49,
        NULL,
        'Samedi',
        '07:47:00+01',
        '22:47:00+01'
    ),
    (
        658,
        NULL,
        49,
        NULL,
        'Dimanche',
        '09:15:00+01',
        '18:16:00+01'
    ),
    (
        659,
        NULL,
        50,
        NULL,
        'Lundi',
        '12:11:00+01',
        '23:08:00+01'
    ),
    (
        660,
        NULL,
        50,
        NULL,
        'Mardi',
        '12:09:00+01',
        '21:54:00+01'
    ),
    (
        661,
        NULL,
        50,
        NULL,
        'Mercredi',
        '10:18:00+01',
        '22:16:00+01'
    ),
    (
        662,
        NULL,
        50,
        NULL,
        'Jeudi',
        '09:13:00+01',
        '18:45:00+01'
    ),
    (
        663,
        NULL,
        50,
        NULL,
        'Vendredi',
        '11:58:00+01',
        '19:38:00+01'
    ),
    (
        664,
        NULL,
        50,
        NULL,
        'Samedi',
        '07:26:00+01',
        '22:30:00+01'
    ),
    (
        665,
        NULL,
        50,
        NULL,
        'Dimanche',
        '10:51:00+01',
        '23:45:00+01'
    ),
    (
        666,
        NULL,
        51,
        NULL,
        'Lundi',
        '11:48:00+01',
        '20:12:00+01'
    ),
    (
        667,
        NULL,
        51,
        NULL,
        'Mardi',
        '07:13:00+01',
        '22:55:00+01'
    ),
    (
        668,
        NULL,
        51,
        NULL,
        'Mercredi',
        '07:35:00+01',
        '22:52:00+01'
    ),
    (
        669,
        NULL,
        51,
        NULL,
        'Jeudi',
        '10:45:00+01',
        '19:46:00+01'
    ),
    (
        670,
        NULL,
        51,
        NULL,
        'Vendredi',
        '10:38:00+01',
        '18:41:00+01'
    ),
    (
        671,
        NULL,
        51,
        NULL,
        'Samedi',
        '10:02:00+01',
        '18:06:00+01'
    ),
    (
        672,
        NULL,
        51,
        NULL,
        'Dimanche',
        '06:48:00+01',
        '19:34:00+01'
    ),
    (
        673,
        NULL,
        52,
        NULL,
        'Lundi',
        '07:50:00+01',
        '23:49:00+01'
    ),
    (
        674,
        NULL,
        52,
        NULL,
        'Mardi',
        '12:25:00+01',
        '19:55:00+01'
    ),
    (
        675,
        NULL,
        52,
        NULL,
        'Mercredi',
        '07:43:00+01',
        '17:49:00+01'
    ),
    (
        676,
        NULL,
        52,
        NULL,
        'Jeudi',
        '10:32:00+01',
        '22:34:00+01'
    ),
    (
        677,
        NULL,
        52,
        NULL,
        'Vendredi',
        '11:16:00+01',
        '22:34:00+01'
    ),
    (
        678,
        NULL,
        52,
        NULL,
        'Samedi',
        '12:35:00+01',
        '23:42:00+01'
    ),
    (
        679,
        NULL,
        52,
        NULL,
        'Dimanche',
        '12:41:00+01',
        '18:08:00+01'
    ),
    (
        680,
        NULL,
        53,
        NULL,
        'Lundi',
        '09:37:00+01',
        '23:53:00+01'
    ),
    (
        681,
        NULL,
        53,
        NULL,
        'Mardi',
        '07:51:00+01',
        '19:19:00+01'
    ),
    (
        682,
        NULL,
        53,
        NULL,
        'Mercredi',
        '09:25:00+01',
        '19:45:00+01'
    ),
    (
        683,
        NULL,
        53,
        NULL,
        'Jeudi',
        '06:08:00+01',
        '23:30:00+01'
    ),
    (
        684,
        NULL,
        53,
        NULL,
        'Vendredi',
        '09:50:00+01',
        '19:01:00+01'
    ),
    (
        685,
        NULL,
        53,
        NULL,
        'Samedi',
        '08:47:00+01',
        '19:18:00+01'
    ),
    (
        686,
        NULL,
        53,
        NULL,
        'Dimanche',
        '10:47:00+01',
        '19:40:00+01'
    ),
    (
        687,
        NULL,
        54,
        NULL,
        'Lundi',
        '10:45:00+01',
        '19:19:00+01'
    ),
    (
        688,
        NULL,
        54,
        NULL,
        'Mardi',
        '08:34:00+01',
        '23:44:00+01'
    ),
    (
        689,
        NULL,
        54,
        NULL,
        'Mercredi',
        '06:59:00+01',
        '22:22:00+01'
    ),
    (
        690,
        NULL,
        54,
        NULL,
        'Jeudi',
        '06:54:00+01',
        '19:18:00+01'
    ),
    (
        691,
        NULL,
        54,
        NULL,
        'Vendredi',
        '10:37:00+01',
        '21:13:00+01'
    ),
    (
        692,
        NULL,
        54,
        NULL,
        'Samedi',
        '12:51:00+01',
        '22:24:00+01'
    ),
    (
        693,
        NULL,
        54,
        NULL,
        'Dimanche',
        '07:57:00+01',
        '18:17:00+01'
    ),
    (
        694,
        NULL,
        55,
        NULL,
        'Lundi',
        '09:54:00+01',
        '18:37:00+01'
    ),
    (
        695,
        NULL,
        55,
        NULL,
        'Mardi',
        '07:36:00+01',
        '23:42:00+01'
    ),
    (
        696,
        NULL,
        55,
        NULL,
        'Mercredi',
        '06:44:00+01',
        '21:34:00+01'
    ),
    (
        697,
        NULL,
        55,
        NULL,
        'Jeudi',
        '09:39:00+01',
        '20:10:00+01'
    ),
    (
        698,
        NULL,
        55,
        NULL,
        'Vendredi',
        '09:54:00+01',
        '21:10:00+01'
    ),
    (
        699,
        NULL,
        55,
        NULL,
        'Samedi',
        '11:12:00+01',
        '20:07:00+01'
    ),
    (
        700,
        NULL,
        55,
        NULL,
        'Dimanche',
        '11:22:00+01',
        '23:34:00+01'
    ),
    (
        701,
        NULL,
        56,
        NULL,
        'Lundi',
        '09:06:00+01',
        '22:43:00+01'
    ),
    (
        702,
        NULL,
        56,
        NULL,
        'Mardi',
        '09:39:00+01',
        '19:02:00+01'
    ),
    (
        703,
        NULL,
        56,
        NULL,
        'Mercredi',
        '12:40:00+01',
        '20:36:00+01'
    ),
    (
        704,
        NULL,
        56,
        NULL,
        'Jeudi',
        '06:52:00+01',
        '20:23:00+01'
    ),
    (
        705,
        NULL,
        56,
        NULL,
        'Vendredi',
        '12:31:00+01',
        '23:38:00+01'
    ),
    (
        706,
        NULL,
        56,
        NULL,
        'Samedi',
        '08:40:00+01',
        '18:11:00+01'
    ),
    (
        707,
        NULL,
        56,
        NULL,
        'Dimanche',
        '06:45:00+01',
        '22:57:00+01'
    ),
    (
        708,
        NULL,
        57,
        NULL,
        'Lundi',
        '06:46:00+01',
        '20:16:00+01'
    ),
    (
        709,
        NULL,
        57,
        NULL,
        'Mardi',
        '10:52:00+01',
        '22:43:00+01'
    ),
    (
        710,
        NULL,
        57,
        NULL,
        'Mercredi',
        '07:40:00+01',
        '23:13:00+01'
    ),
    (
        711,
        NULL,
        57,
        NULL,
        'Jeudi',
        '12:52:00+01',
        '23:23:00+01'
    ),
    (
        712,
        NULL,
        57,
        NULL,
        'Vendredi',
        '12:13:00+01',
        '17:53:00+01'
    ),
    (
        713,
        NULL,
        57,
        NULL,
        'Samedi',
        '09:08:00+01',
        '17:19:00+01'
    ),
    (
        714,
        NULL,
        57,
        NULL,
        'Dimanche',
        '07:57:00+01',
        '20:55:00+01'
    ),
    (
        715,
        NULL,
        58,
        NULL,
        'Lundi',
        '11:34:00+01',
        '23:31:00+01'
    ),
    (
        716,
        NULL,
        58,
        NULL,
        'Mardi',
        '07:51:00+01',
        '20:47:00+01'
    ),
    (
        717,
        NULL,
        58,
        NULL,
        'Mercredi',
        '08:43:00+01',
        '23:57:00+01'
    ),
    (
        718,
        NULL,
        58,
        NULL,
        'Jeudi',
        '10:53:00+01',
        '21:10:00+01'
    ),
    (
        719,
        NULL,
        58,
        NULL,
        'Vendredi',
        '11:30:00+01',
        '19:30:00+01'
    ),
    (
        720,
        NULL,
        58,
        NULL,
        'Samedi',
        '10:29:00+01',
        '19:55:00+01'
    ),
    (
        721,
        NULL,
        58,
        NULL,
        'Dimanche',
        '06:16:00+01',
        '23:39:00+01'
    ),
    (
        722,
        NULL,
        59,
        NULL,
        'Lundi',
        '09:47:00+01',
        '22:38:00+01'
    ),
    (
        723,
        NULL,
        59,
        NULL,
        'Mardi',
        '08:32:00+01',
        '17:53:00+01'
    ),
    (
        724,
        NULL,
        59,
        NULL,
        'Mercredi',
        '08:01:00+01',
        '17:37:00+01'
    ),
    (
        725,
        NULL,
        59,
        NULL,
        'Jeudi',
        '09:14:00+01',
        '18:22:00+01'
    ),
    (
        726,
        NULL,
        59,
        NULL,
        'Vendredi',
        '06:59:00+01',
        '19:08:00+01'
    ),
    (
        727,
        NULL,
        59,
        NULL,
        'Samedi',
        '07:54:00+01',
        '17:28:00+01'
    ),
    (
        728,
        NULL,
        59,
        NULL,
        'Dimanche',
        '06:31:00+01',
        '19:29:00+01'
    ),
    (
        729,
        NULL,
        60,
        NULL,
        'Lundi',
        '07:34:00+01',
        '23:24:00+01'
    ),
    (
        730,
        NULL,
        60,
        NULL,
        'Mardi',
        '07:33:00+01',
        '19:20:00+01'
    ),
    (
        731,
        NULL,
        60,
        NULL,
        'Mercredi',
        '10:10:00+01',
        '23:23:00+01'
    ),
    (
        732,
        NULL,
        60,
        NULL,
        'Jeudi',
        '10:56:00+01',
        '18:24:00+01'
    ),
    (
        733,
        NULL,
        60,
        NULL,
        'Vendredi',
        '11:00:00+01',
        '23:34:00+01'
    ),
    (
        734,
        NULL,
        60,
        NULL,
        'Samedi',
        '08:51:00+01',
        '18:52:00+01'
    ),
    (
        735,
        NULL,
        60,
        NULL,
        'Dimanche',
        '10:33:00+01',
        '23:36:00+01'
    ),
    (
        736,
        NULL,
        61,
        NULL,
        'Lundi',
        '10:44:00+01',
        '21:12:00+01'
    ),
    (
        737,
        NULL,
        61,
        NULL,
        'Mardi',
        '08:04:00+01',
        '19:40:00+01'
    ),
    (
        738,
        NULL,
        61,
        NULL,
        'Mercredi',
        '06:06:00+01',
        '19:01:00+01'
    ),
    (
        739,
        NULL,
        61,
        NULL,
        'Jeudi',
        '07:33:00+01',
        '22:52:00+01'
    ),
    (
        740,
        NULL,
        61,
        NULL,
        'Vendredi',
        '10:01:00+01',
        '23:35:00+01'
    ),
    (
        741,
        NULL,
        61,
        NULL,
        'Samedi',
        '06:16:00+01',
        '22:43:00+01'
    ),
    (
        742,
        NULL,
        61,
        NULL,
        'Dimanche',
        '12:11:00+01',
        '23:27:00+01'
    ),
    (
        743,
        NULL,
        62,
        NULL,
        'Lundi',
        '12:52:00+01',
        '22:27:00+01'
    ),
    (
        744,
        NULL,
        62,
        NULL,
        'Mardi',
        '10:01:00+01',
        '18:53:00+01'
    ),
    (
        745,
        NULL,
        62,
        NULL,
        'Mercredi',
        '06:10:00+01',
        '17:11:00+01'
    ),
    (
        746,
        NULL,
        62,
        NULL,
        'Jeudi',
        '07:25:00+01',
        '18:23:00+01'
    ),
    (
        747,
        NULL,
        62,
        NULL,
        'Vendredi',
        '08:01:00+01',
        '20:04:00+01'
    ),
    (
        748,
        NULL,
        62,
        NULL,
        'Samedi',
        '07:27:00+01',
        '17:38:00+01'
    ),
    (
        749,
        NULL,
        62,
        NULL,
        'Dimanche',
        '12:37:00+01',
        '19:11:00+01'
    ),
    (
        750,
        NULL,
        63,
        NULL,
        'Lundi',
        '08:33:00+01',
        '18:46:00+01'
    ),
    (
        751,
        NULL,
        63,
        NULL,
        'Mardi',
        '10:11:00+01',
        '23:16:00+01'
    ),
    (
        752,
        NULL,
        63,
        NULL,
        'Mercredi',
        '09:36:00+01',
        '21:54:00+01'
    ),
    (
        753,
        NULL,
        63,
        NULL,
        'Jeudi',
        '09:04:00+01',
        '18:15:00+01'
    ),
    (
        754,
        NULL,
        63,
        NULL,
        'Vendredi',
        '12:03:00+01',
        '18:43:00+01'
    ),
    (
        755,
        NULL,
        63,
        NULL,
        'Samedi',
        '09:08:00+01',
        '19:49:00+01'
    ),
    (
        756,
        NULL,
        63,
        NULL,
        'Dimanche',
        '12:36:00+01',
        '17:39:00+01'
    ),
    (
        757,
        NULL,
        64,
        NULL,
        'Lundi',
        '08:58:00+01',
        '18:26:00+01'
    ),
    (
        758,
        NULL,
        64,
        NULL,
        'Mardi',
        '07:26:00+01',
        '22:30:00+01'
    ),
    (
        759,
        NULL,
        64,
        NULL,
        'Mercredi',
        '09:13:00+01',
        '18:18:00+01'
    ),
    (
        760,
        NULL,
        64,
        NULL,
        'Jeudi',
        '12:19:00+01',
        '19:38:00+01'
    ),
    (
        761,
        NULL,
        64,
        NULL,
        'Vendredi',
        '08:48:00+01',
        '22:09:00+01'
    ),
    (
        762,
        NULL,
        64,
        NULL,
        'Samedi',
        '10:05:00+01',
        '22:01:00+01'
    ),
    (
        763,
        NULL,
        64,
        NULL,
        'Dimanche',
        '06:29:00+01',
        '21:53:00+01'
    ),
    (
        764,
        NULL,
        65,
        NULL,
        'Lundi',
        '08:41:00+01',
        '17:51:00+01'
    ),
    (
        765,
        NULL,
        65,
        NULL,
        'Mardi',
        '08:48:00+01',
        '21:05:00+01'
    ),
    (
        766,
        NULL,
        65,
        NULL,
        'Mercredi',
        '10:42:00+01',
        '21:13:00+01'
    ),
    (
        767,
        NULL,
        65,
        NULL,
        'Jeudi',
        '09:11:00+01',
        '17:26:00+01'
    ),
    (
        768,
        NULL,
        65,
        NULL,
        'Vendredi',
        '12:26:00+01',
        '18:55:00+01'
    ),
    (
        769,
        NULL,
        65,
        NULL,
        'Samedi',
        '11:55:00+01',
        '23:10:00+01'
    ),
    (
        770,
        NULL,
        65,
        NULL,
        'Dimanche',
        '10:46:00+01',
        '23:16:00+01'
    ),
    (
        771,
        NULL,
        66,
        NULL,
        'Lundi',
        '06:52:00+01',
        '21:33:00+01'
    ),
    (
        772,
        NULL,
        66,
        NULL,
        'Mardi',
        '09:00:00+01',
        '18:29:00+01'
    ),
    (
        773,
        NULL,
        66,
        NULL,
        'Mercredi',
        '12:54:00+01',
        '20:37:00+01'
    ),
    (
        774,
        NULL,
        66,
        NULL,
        'Jeudi',
        '07:55:00+01',
        '20:33:00+01'
    ),
    (
        775,
        NULL,
        66,
        NULL,
        'Vendredi',
        '11:04:00+01',
        '19:08:00+01'
    ),
    (
        776,
        NULL,
        66,
        NULL,
        'Samedi',
        '06:59:00+01',
        '23:17:00+01'
    ),
    (
        777,
        NULL,
        66,
        NULL,
        'Dimanche',
        '11:31:00+01',
        '20:38:00+01'
    ),
    (
        778,
        NULL,
        67,
        NULL,
        'Lundi',
        '11:18:00+01',
        '23:19:00+01'
    ),
    (
        779,
        NULL,
        67,
        NULL,
        'Mardi',
        '12:46:00+01',
        '18:43:00+01'
    ),
    (
        780,
        NULL,
        67,
        NULL,
        'Mercredi',
        '07:07:00+01',
        '17:23:00+01'
    ),
    (
        781,
        NULL,
        67,
        NULL,
        'Jeudi',
        '10:49:00+01',
        '17:42:00+01'
    ),
    (
        782,
        NULL,
        67,
        NULL,
        'Vendredi',
        '09:11:00+01',
        '18:04:00+01'
    ),
    (
        783,
        NULL,
        67,
        NULL,
        'Samedi',
        '08:10:00+01',
        '21:46:00+01'
    ),
    (
        784,
        NULL,
        67,
        NULL,
        'Dimanche',
        '09:15:00+01',
        '17:33:00+01'
    ),
    (
        785,
        NULL,
        68,
        NULL,
        'Lundi',
        '06:42:00+01',
        '18:41:00+01'
    ),
    (
        786,
        NULL,
        68,
        NULL,
        'Mardi',
        '12:55:00+01',
        '21:44:00+01'
    ),
    (
        787,
        NULL,
        68,
        NULL,
        'Mercredi',
        '10:35:00+01',
        '19:12:00+01'
    ),
    (
        788,
        NULL,
        68,
        NULL,
        'Jeudi',
        '06:43:00+01',
        '20:15:00+01'
    ),
    (
        789,
        NULL,
        68,
        NULL,
        'Vendredi',
        '09:44:00+01',
        '23:09:00+01'
    ),
    (
        790,
        NULL,
        68,
        NULL,
        'Samedi',
        '09:40:00+01',
        '21:34:00+01'
    ),
    (
        791,
        NULL,
        68,
        NULL,
        'Dimanche',
        '08:24:00+01',
        '17:04:00+01'
    ),
    (
        792,
        NULL,
        69,
        NULL,
        'Lundi',
        '08:13:00+01',
        '18:11:00+01'
    ),
    (
        793,
        NULL,
        69,
        NULL,
        'Mardi',
        '07:12:00+01',
        '21:29:00+01'
    ),
    (
        794,
        NULL,
        69,
        NULL,
        'Mercredi',
        '06:48:00+01',
        '21:57:00+01'
    ),
    (
        795,
        NULL,
        69,
        NULL,
        'Jeudi',
        '06:35:00+01',
        '17:34:00+01'
    ),
    (
        796,
        NULL,
        69,
        NULL,
        'Vendredi',
        '11:56:00+01',
        '20:40:00+01'
    ),
    (
        797,
        NULL,
        69,
        NULL,
        'Samedi',
        '06:18:00+01',
        '18:59:00+01'
    ),
    (
        798,
        NULL,
        69,
        NULL,
        'Dimanche',
        '12:28:00+01',
        '22:03:00+01'
    ),
    (
        799,
        NULL,
        70,
        NULL,
        'Lundi',
        '07:55:00+01',
        '23:02:00+01'
    ),
    (
        800,
        NULL,
        70,
        NULL,
        'Mardi',
        '08:53:00+01',
        '21:21:00+01'
    ),
    (
        801,
        NULL,
        70,
        NULL,
        'Mercredi',
        '11:41:00+01',
        '23:12:00+01'
    ),
    (
        802,
        NULL,
        70,
        NULL,
        'Jeudi',
        '09:05:00+01',
        '17:00:00+01'
    ),
    (
        803,
        NULL,
        70,
        NULL,
        'Vendredi',
        '12:35:00+01',
        '21:50:00+01'
    ),
    (
        804,
        NULL,
        70,
        NULL,
        'Samedi',
        '12:39:00+01',
        '21:59:00+01'
    ),
    (
        805,
        NULL,
        70,
        NULL,
        'Dimanche',
        '06:31:00+01',
        '19:41:00+01'
    ),
    (
        806,
        NULL,
        NULL,
        1,
        'Lundi',
        '11:24:00+01',
        '19:57:00+01'
    ),
    (
        807,
        NULL,
        NULL,
        1,
        'Mardi',
        '11:11:00+01',
        '19:49:00+01'
    ),
    (
        808,
        NULL,
        NULL,
        1,
        'Mercredi',
        '09:06:00+01',
        '21:28:00+01'
    ),
    (
        809,
        NULL,
        NULL,
        1,
        'Jeudi',
        '09:51:00+01',
        '19:52:00+01'
    ),
    (
        810,
        NULL,
        NULL,
        1,
        'Vendredi',
        '06:17:00+01',
        '18:32:00+01'
    ),
    (
        811,
        NULL,
        NULL,
        1,
        'Samedi',
        '12:08:00+01',
        '17:09:00+01'
    ),
    (
        812,
        NULL,
        NULL,
        1,
        'Dimanche',
        '12:35:00+01',
        '18:43:00+01'
    ),
    (
        813,
        NULL,
        NULL,
        2,
        'Lundi',
        '10:42:00+01',
        '20:35:00+01'
    ),
    (
        814,
        NULL,
        NULL,
        2,
        'Mardi',
        '08:26:00+01',
        '20:57:00+01'
    ),
    (
        815,
        NULL,
        NULL,
        2,
        'Mercredi',
        '09:31:00+01',
        '17:27:00+01'
    ),
    (
        816,
        NULL,
        NULL,
        2,
        'Jeudi',
        '11:50:00+01',
        '18:36:00+01'
    ),
    (
        817,
        NULL,
        NULL,
        2,
        'Vendredi',
        '10:40:00+01',
        '20:25:00+01'
    ),
    (
        818,
        NULL,
        NULL,
        2,
        'Samedi',
        '11:36:00+01',
        '23:28:00+01'
    ),
    (
        819,
        NULL,
        NULL,
        2,
        'Dimanche',
        '12:53:00+01',
        '18:16:00+01'
    ),
    (
        820,
        NULL,
        NULL,
        3,
        'Lundi',
        '08:06:00+01',
        '21:01:00+01'
    ),
    (
        821,
        NULL,
        NULL,
        3,
        'Mardi',
        '10:47:00+01',
        '21:09:00+01'
    ),
    (
        822,
        NULL,
        NULL,
        3,
        'Mercredi',
        '09:16:00+01',
        '19:42:00+01'
    ),
    (
        823,
        NULL,
        NULL,
        3,
        'Jeudi',
        '09:45:00+01',
        '20:23:00+01'
    ),
    (
        824,
        NULL,
        NULL,
        3,
        'Vendredi',
        '07:48:00+01',
        '17:57:00+01'
    ),
    (
        825,
        NULL,
        NULL,
        3,
        'Samedi',
        '09:09:00+01',
        '17:01:00+01'
    ),
    (
        826,
        NULL,
        NULL,
        3,
        'Dimanche',
        '10:45:00+01',
        '20:52:00+01'
    ),
    (
        827,
        NULL,
        NULL,
        4,
        'Lundi',
        '09:58:00+01',
        '23:48:00+01'
    ),
    (
        828,
        NULL,
        NULL,
        4,
        'Mardi',
        '11:37:00+01',
        '18:40:00+01'
    ),
    (
        829,
        NULL,
        NULL,
        4,
        'Mercredi',
        '12:46:00+01',
        '19:19:00+01'
    ),
    (
        830,
        NULL,
        NULL,
        4,
        'Jeudi',
        '11:08:00+01',
        '23:53:00+01'
    ),
    (
        831,
        NULL,
        NULL,
        4,
        'Vendredi',
        '11:33:00+01',
        '20:53:00+01'
    ),
    (
        832,
        NULL,
        NULL,
        4,
        'Samedi',
        '07:12:00+01',
        '23:43:00+01'
    ),
    (
        833,
        NULL,
        NULL,
        4,
        'Dimanche',
        '09:07:00+01',
        '23:21:00+01'
    ),
    (
        834,
        NULL,
        NULL,
        5,
        'Lundi',
        '08:23:00+01',
        '20:02:00+01'
    ),
    (
        835,
        NULL,
        NULL,
        5,
        'Mardi',
        '08:01:00+01',
        '23:24:00+01'
    ),
    (
        836,
        NULL,
        NULL,
        5,
        'Mercredi',
        '06:41:00+01',
        '19:19:00+01'
    ),
    (
        837,
        NULL,
        NULL,
        5,
        'Jeudi',
        '11:41:00+01',
        '19:36:00+01'
    ),
    (
        838,
        NULL,
        NULL,
        5,
        'Vendredi',
        '10:01:00+01',
        '22:31:00+01'
    ),
    (
        839,
        NULL,
        NULL,
        5,
        'Samedi',
        '10:36:00+01',
        '23:30:00+01'
    ),
    (
        840,
        NULL,
        NULL,
        5,
        'Dimanche',
        '07:13:00+01',
        '20:01:00+01'
    ),
    (
        841,
        NULL,
        NULL,
        6,
        'Lundi',
        '10:48:00+01',
        '17:07:00+01'
    ),
    (
        842,
        NULL,
        NULL,
        6,
        'Mardi',
        '09:53:00+01',
        '19:28:00+01'
    ),
    (
        843,
        NULL,
        NULL,
        6,
        'Mercredi',
        '12:05:00+01',
        '19:14:00+01'
    ),
    (
        844,
        NULL,
        NULL,
        6,
        'Jeudi',
        '06:14:00+01',
        '20:57:00+01'
    ),
    (
        845,
        NULL,
        NULL,
        6,
        'Vendredi',
        '12:49:00+01',
        '17:12:00+01'
    ),
    (
        846,
        NULL,
        NULL,
        6,
        'Samedi',
        '07:58:00+01',
        '20:39:00+01'
    ),
    (
        847,
        NULL,
        NULL,
        6,
        'Dimanche',
        '09:11:00+01',
        '17:29:00+01'
    ),
    (
        848,
        NULL,
        NULL,
        7,
        'Lundi',
        '12:16:00+01',
        '17:30:00+01'
    ),
    (
        849,
        NULL,
        NULL,
        7,
        'Mardi',
        '06:39:00+01',
        '20:52:00+01'
    ),
    (
        850,
        NULL,
        NULL,
        7,
        'Mercredi',
        '07:56:00+01',
        '19:52:00+01'
    ),
    (
        851,
        NULL,
        NULL,
        7,
        'Jeudi',
        '06:55:00+01',
        '18:32:00+01'
    ),
    (
        852,
        NULL,
        NULL,
        7,
        'Vendredi',
        '09:27:00+01',
        '19:47:00+01'
    ),
    (
        853,
        NULL,
        NULL,
        7,
        'Samedi',
        '08:00:00+01',
        '20:40:00+01'
    ),
    (
        854,
        NULL,
        NULL,
        7,
        'Dimanche',
        '07:19:00+01',
        '20:06:00+01'
    ),
    (
        855,
        NULL,
        NULL,
        8,
        'Lundi',
        '06:36:00+01',
        '21:51:00+01'
    ),
    (
        856,
        NULL,
        NULL,
        8,
        'Mardi',
        '12:24:00+01',
        '17:21:00+01'
    ),
    (
        857,
        NULL,
        NULL,
        8,
        'Mercredi',
        '08:32:00+01',
        '20:02:00+01'
    ),
    (
        858,
        NULL,
        NULL,
        8,
        'Jeudi',
        '09:58:00+01',
        '21:20:00+01'
    ),
    (
        859,
        NULL,
        NULL,
        8,
        'Vendredi',
        '07:03:00+01',
        '19:48:00+01'
    ),
    (
        860,
        NULL,
        NULL,
        8,
        'Samedi',
        '08:50:00+01',
        '21:44:00+01'
    ),
    (
        861,
        NULL,
        NULL,
        8,
        'Dimanche',
        '09:44:00+01',
        '19:24:00+01'
    ),
    (
        862,
        NULL,
        NULL,
        9,
        'Lundi',
        '08:40:00+01',
        '20:23:00+01'
    ),
    (
        863,
        NULL,
        NULL,
        9,
        'Mardi',
        '09:34:00+01',
        '18:08:00+01'
    ),
    (
        864,
        NULL,
        NULL,
        9,
        'Mercredi',
        '08:25:00+01',
        '21:55:00+01'
    ),
    (
        865,
        NULL,
        NULL,
        9,
        'Jeudi',
        '08:00:00+01',
        '23:24:00+01'
    ),
    (
        866,
        NULL,
        NULL,
        9,
        'Vendredi',
        '06:28:00+01',
        '20:50:00+01'
    ),
    (
        867,
        NULL,
        NULL,
        9,
        'Samedi',
        '12:09:00+01',
        '18:34:00+01'
    ),
    (
        868,
        NULL,
        NULL,
        9,
        'Dimanche',
        '10:20:00+01',
        '19:41:00+01'
    ),
    (
        869,
        NULL,
        NULL,
        10,
        'Lundi',
        '08:04:00+01',
        '17:21:00+01'
    ),
    (
        870,
        NULL,
        NULL,
        10,
        'Mardi',
        '06:30:00+01',
        '21:07:00+01'
    ),
    (
        871,
        NULL,
        NULL,
        10,
        'Mercredi',
        '07:09:00+01',
        '20:45:00+01'
    ),
    (
        872,
        NULL,
        NULL,
        10,
        'Jeudi',
        '12:00:00+01',
        '21:03:00+01'
    ),
    (
        873,
        NULL,
        NULL,
        10,
        'Vendredi',
        '08:21:00+01',
        '23:58:00+01'
    ),
    (
        874,
        NULL,
        NULL,
        10,
        'Samedi',
        '09:15:00+01',
        '22:43:00+01'
    ),
    (
        875,
        NULL,
        NULL,
        10,
        'Dimanche',
        '06:58:00+01',
        '22:51:00+01'
    ),
    (
        876,
        NULL,
        NULL,
        11,
        'Lundi',
        '11:08:00+01',
        '18:47:00+01'
    ),
    (
        877,
        NULL,
        NULL,
        11,
        'Mardi',
        '06:23:00+01',
        '23:30:00+01'
    ),
    (
        878,
        NULL,
        NULL,
        11,
        'Mercredi',
        '07:28:00+01',
        '19:13:00+01'
    ),
    (
        879,
        NULL,
        NULL,
        11,
        'Jeudi',
        '11:29:00+01',
        '20:12:00+01'
    ),
    (
        880,
        NULL,
        NULL,
        11,
        'Vendredi',
        '11:06:00+01',
        '22:21:00+01'
    ),
    (
        881,
        NULL,
        NULL,
        11,
        'Samedi',
        '11:25:00+01',
        '20:12:00+01'
    ),
    (
        882,
        NULL,
        NULL,
        11,
        'Dimanche',
        '10:49:00+01',
        '23:44:00+01'
    ),
    (
        883,
        NULL,
        NULL,
        12,
        'Lundi',
        '08:02:00+01',
        '19:43:00+01'
    ),
    (
        884,
        NULL,
        NULL,
        12,
        'Mardi',
        '07:32:00+01',
        '21:17:00+01'
    ),
    (
        885,
        NULL,
        NULL,
        12,
        'Mercredi',
        '11:37:00+01',
        '19:49:00+01'
    ),
    (
        886,
        NULL,
        NULL,
        12,
        'Jeudi',
        '08:41:00+01',
        '17:04:00+01'
    ),
    (
        887,
        NULL,
        NULL,
        12,
        'Vendredi',
        '10:21:00+01',
        '19:45:00+01'
    ),
    (
        888,
        NULL,
        NULL,
        12,
        'Samedi',
        '08:41:00+01',
        '23:52:00+01'
    ),
    (
        889,
        NULL,
        NULL,
        12,
        'Dimanche',
        '06:35:00+01',
        '20:54:00+01'
    ),
    (
        890,
        NULL,
        NULL,
        13,
        'Lundi',
        '12:06:00+01',
        '21:51:00+01'
    ),
    (
        891,
        NULL,
        NULL,
        13,
        'Mardi',
        '10:56:00+01',
        '17:51:00+01'
    ),
    (
        892,
        NULL,
        NULL,
        13,
        'Mercredi',
        '11:04:00+01',
        '19:38:00+01'
    ),
    (
        893,
        NULL,
        NULL,
        13,
        'Jeudi',
        '12:52:00+01',
        '21:23:00+01'
    ),
    (
        894,
        NULL,
        NULL,
        13,
        'Vendredi',
        '12:06:00+01',
        '17:20:00+01'
    ),
    (
        895,
        NULL,
        NULL,
        13,
        'Samedi',
        '06:52:00+01',
        '23:50:00+01'
    ),
    (
        896,
        NULL,
        NULL,
        13,
        'Dimanche',
        '10:09:00+01',
        '22:36:00+01'
    ),
    (
        897,
        NULL,
        NULL,
        14,
        'Lundi',
        '06:28:00+01',
        '20:23:00+01'
    ),
    (
        898,
        NULL,
        NULL,
        14,
        'Mardi',
        '07:45:00+01',
        '21:40:00+01'
    ),
    (
        899,
        NULL,
        NULL,
        14,
        'Mercredi',
        '12:35:00+01',
        '20:21:00+01'
    ),
    (
        900,
        NULL,
        NULL,
        14,
        'Jeudi',
        '07:29:00+01',
        '22:25:00+01'
    ),
    (
        901,
        NULL,
        NULL,
        14,
        'Vendredi',
        '09:11:00+01',
        '23:46:00+01'
    ),
    (
        902,
        NULL,
        NULL,
        14,
        'Samedi',
        '09:32:00+01',
        '17:14:00+01'
    ),
    (
        903,
        NULL,
        NULL,
        14,
        'Dimanche',
        '12:30:00+01',
        '18:05:00+01'
    ),
    (
        904,
        NULL,
        NULL,
        15,
        'Lundi',
        '08:23:00+01',
        '19:10:00+01'
    ),
    (
        905,
        NULL,
        NULL,
        15,
        'Mardi',
        '10:40:00+01',
        '19:39:00+01'
    ),
    (
        906,
        NULL,
        NULL,
        15,
        'Mercredi',
        '08:54:00+01',
        '19:51:00+01'
    ),
    (
        907,
        NULL,
        NULL,
        15,
        'Jeudi',
        '06:53:00+01',
        '21:04:00+01'
    ),
    (
        908,
        NULL,
        NULL,
        15,
        'Vendredi',
        '09:44:00+01',
        '22:43:00+01'
    ),
    (
        909,
        NULL,
        NULL,
        15,
        'Samedi',
        '06:28:00+01',
        '22:20:00+01'
    ),
    (
        910,
        NULL,
        NULL,
        15,
        'Dimanche',
        '11:30:00+01',
        '21:20:00+01'
    ),
    (
        911,
        NULL,
        NULL,
        16,
        'Lundi',
        '09:47:00+01',
        '20:22:00+01'
    ),
    (
        912,
        NULL,
        NULL,
        16,
        'Mardi',
        '09:17:00+01',
        '22:55:00+01'
    ),
    (
        913,
        NULL,
        NULL,
        16,
        'Mercredi',
        '11:56:00+01',
        '20:06:00+01'
    ),
    (
        914,
        NULL,
        NULL,
        16,
        'Jeudi',
        '06:19:00+01',
        '18:52:00+01'
    ),
    (
        915,
        NULL,
        NULL,
        16,
        'Vendredi',
        '08:49:00+01',
        '21:34:00+01'
    ),
    (
        916,
        NULL,
        NULL,
        16,
        'Samedi',
        '07:04:00+01',
        '22:26:00+01'
    ),
    (
        917,
        NULL,
        NULL,
        16,
        'Dimanche',
        '07:08:00+01',
        '19:40:00+01'
    ),
    (
        918,
        NULL,
        NULL,
        17,
        'Lundi',
        '10:33:00+01',
        '22:00:00+01'
    ),
    (
        919,
        NULL,
        NULL,
        17,
        'Mardi',
        '07:58:00+01',
        '17:43:00+01'
    ),
    (
        920,
        NULL,
        NULL,
        17,
        'Mercredi',
        '09:30:00+01',
        '23:59:00+01'
    ),
    (
        921,
        NULL,
        NULL,
        17,
        'Jeudi',
        '11:53:00+01',
        '20:53:00+01'
    ),
    (
        922,
        NULL,
        NULL,
        17,
        'Vendredi',
        '08:21:00+01',
        '17:19:00+01'
    ),
    (
        923,
        NULL,
        NULL,
        17,
        'Samedi',
        '07:10:00+01',
        '18:08:00+01'
    ),
    (
        924,
        NULL,
        NULL,
        17,
        'Dimanche',
        '12:25:00+01',
        '21:29:00+01'
    ),
    (
        925,
        NULL,
        NULL,
        18,
        'Lundi',
        '09:41:00+01',
        '19:17:00+01'
    ),
    (
        926,
        NULL,
        NULL,
        18,
        'Mardi',
        '08:52:00+01',
        '18:56:00+01'
    ),
    (
        927,
        NULL,
        NULL,
        18,
        'Mercredi',
        '07:33:00+01',
        '18:55:00+01'
    ),
    (
        928,
        NULL,
        NULL,
        18,
        'Jeudi',
        '08:08:00+01',
        '22:18:00+01'
    ),
    (
        929,
        NULL,
        NULL,
        18,
        'Vendredi',
        '07:48:00+01',
        '20:46:00+01'
    ),
    (
        930,
        NULL,
        NULL,
        18,
        'Samedi',
        '08:00:00+01',
        '21:46:00+01'
    ),
    (
        931,
        NULL,
        NULL,
        18,
        'Dimanche',
        '07:31:00+01',
        '23:03:00+01'
    ),
    (
        932,
        NULL,
        NULL,
        19,
        'Lundi',
        '08:49:00+01',
        '17:39:00+01'
    ),
    (
        933,
        NULL,
        NULL,
        19,
        'Mardi',
        '07:45:00+01',
        '20:32:00+01'
    ),
    (
        934,
        NULL,
        NULL,
        19,
        'Mercredi',
        '12:36:00+01',
        '18:15:00+01'
    ),
    (
        935,
        NULL,
        NULL,
        19,
        'Jeudi',
        '11:13:00+01',
        '17:03:00+01'
    ),
    (
        936,
        NULL,
        NULL,
        19,
        'Vendredi',
        '07:43:00+01',
        '18:21:00+01'
    ),
    (
        937,
        NULL,
        NULL,
        19,
        'Samedi',
        '06:06:00+01',
        '18:34:00+01'
    ),
    (
        938,
        NULL,
        NULL,
        19,
        'Dimanche',
        '12:31:00+01',
        '17:41:00+01'
    ),
    (
        939,
        NULL,
        NULL,
        20,
        'Lundi',
        '10:57:00+01',
        '18:34:00+01'
    ),
    (
        940,
        NULL,
        NULL,
        20,
        'Mardi',
        '08:45:00+01',
        '18:31:00+01'
    ),
    (
        941,
        NULL,
        NULL,
        20,
        'Mercredi',
        '07:39:00+01',
        '21:50:00+01'
    ),
    (
        942,
        NULL,
        NULL,
        20,
        'Jeudi',
        '10:43:00+01',
        '21:30:00+01'
    ),
    (
        943,
        NULL,
        NULL,
        20,
        'Vendredi',
        '11:26:00+01',
        '17:34:00+01'
    ),
    (
        944,
        NULL,
        NULL,
        20,
        'Samedi',
        '11:48:00+01',
        '22:38:00+01'
    ),
    (
        945,
        NULL,
        NULL,
        20,
        'Dimanche',
        '07:59:00+01',
        '20:12:00+01'
    ),
    (
        946,
        NULL,
        NULL,
        21,
        'Lundi',
        '11:29:00+01',
        '19:43:00+01'
    ),
    (
        947,
        NULL,
        NULL,
        21,
        'Mardi',
        '12:36:00+01',
        '22:46:00+01'
    ),
    (
        948,
        NULL,
        NULL,
        21,
        'Mercredi',
        '08:12:00+01',
        '19:18:00+01'
    ),
    (
        949,
        NULL,
        NULL,
        21,
        'Jeudi',
        '09:55:00+01',
        '20:25:00+01'
    ),
    (
        950,
        NULL,
        NULL,
        21,
        'Vendredi',
        '12:57:00+01',
        '17:05:00+01'
    ),
    (
        951,
        NULL,
        NULL,
        21,
        'Samedi',
        '07:25:00+01',
        '17:27:00+01'
    ),
    (
        952,
        NULL,
        NULL,
        21,
        'Dimanche',
        '12:10:00+01',
        '21:16:00+01'
    );
INSERT INTO RESERVATION (
        IDRESERVATION,
        IDCLIENT,
        DATERESERVATION,
        HEURERESERVATION,
        POURQUI
    )
VALUES (
        1,
        50,
        '2024-11-14',
        '13:00:00',
        'moi'
    ),
    (
        2,
        9,
        '2024-11-24',
        '09:30:00',
        'mon ami'
    ),
    (
        3,
        27,
        '2024-11-27',
        '13:30:00',
        'mon ami'
    ),
    (
        4,
        5,
        '2024-11-18',
        '15:45:00',
        'mon ami'
    ),
    (
        5,
        1,
        '2024-11-18',
        '17:00:00',
        'mon ami'
    ),
    (
        6,
        2,
        '2024-11-22',
        '15:15:00',
        'moi'
    ),
    (
        7,
        3,
        '2024-11-22',
        '20:30:00',
        'moi'
    ),
    (
        8,
        38,
        '2024-11-26',
        '20:15:00',
        'moi'
    ),
    (
        9,
        28,
        '2024-11-24',
        '13:45:00',
        'moi'
    ),
    (
        10,
        34,
        '2024-11-18',
        '16:30:00',
        'mon ami'
    ),
    (
        11,
        12,
        '2024-11-17',
        '08:00:00',
        'moi'
    ),
    (
        12,
        1,
        '2024-11-21',
        '08:15:00',
        'mon ami'
    ),
    (
        13,
        45,
        '2024-11-26',
        '19:00:00',
        'mon ami'
    ),
    (
        14,
        16,
        '2024-11-19',
        '17:15:00',
        'mon ami'
    ),
    (
        15,
        39,
        '2024-11-27',
        '16:45:00',
        'moi'
    ),
    (
        16,
        3,
        '2024-11-17',
        '17:00:00',
        'mon ami'
    ),
    (
        17,
        23,
        '2024-11-23',
        '10:30:00',
        'mon ami'
    ),
    (
        18,
        2,
        '2024-11-15',
        '10:45:00',
        'mon ami'
    ),
    (
        19,
        37,
        '2024-11-11',
        '17:30:00',
        'moi'
    ),
    (
        20,
        47,
        '2024-11-25',
        '16:30:00',
        'moi'
    ),
    (
        21,
        6,
        '2024-11-28',
        '14:30:00',
        'moi'
    ),
    (
        22,
        45,
        '2024-11-20',
        '16:00:00',
        'moi'
    ),
    (
        23,
        19,
        '2024-11-12',
        '11:45:00',
        'mon ami'
    ),
    (
        24,
        11,
        '2024-11-27',
        '10:45:00',
        'moi'
    ),
    (
        25,
        20,
        '2024-11-28',
        '15:30:00',
        'mon ami'
    ),
    (
        26,
        12,
        '2024-11-28',
        '17:00:00',
        'moi'
    ),
    (
        27,
        34,
        '2024-11-26',
        '13:30:00',
        'moi'
    ),
    (
        28,
        21,
        '2024-11-21',
        '19:00:00',
        'moi'
    ),
    (
        29,
        18,
        '2024-11-25',
        '10:00:00',
        'mon ami'
    ),
    (
        30,
        28,
        '2024-11-23',
        '16:45:00',
        'mon ami'
    ),
    (
        31,
        28,
        '2024-11-19',
        '17:00:00',
        'moi'
    ),
    (
        32,
        7,
        '2024-11-28',
        '16:45:00',
        'moi'
    ),
    (
        33,
        33,
        '2024-11-11',
        '12:45:00',
        'moi'
    ),
    (
        34,
        25,
        '2024-11-22',
        '10:45:00',
        'mon ami'
    ),
    (
        35,
        18,
        '2024-11-28',
        '09:00:00',
        'moi'
    ),
    (
        36,
        10,
        '2024-11-22',
        '12:15:00',
        'mon ami'
    ),
    (
        37,
        37,
        '2024-11-14',
        '13:00:00',
        'mon ami'
    ),
    (
        38,
        34,
        '2024-11-14',
        '09:45:00',
        'mon ami'
    ),
    (
        39,
        39,
        '2024-11-11',
        '16:30:00',
        'moi'
    ),
    (
        40,
        15,
        '2024-11-22',
        '12:00:00',
        'moi'
    ),
    (
        41,
        26,
        '2024-11-13',
        '14:30:00',
        'mon ami'
    ),
    (
        42,
        41,
        '2024-11-17',
        '08:45:00',
        'moi'
    ),
    (
        43,
        33,
        '2024-11-28',
        '08:00:00',
        'moi'
    ),
    (
        44,
        48,
        '2024-11-15',
        '17:45:00',
        'mon ami'
    ),
    (
        45,
        18,
        '2024-11-28',
        '13:15:00',
        'mon ami'
    ),
    (
        46,
        38,
        '2024-11-18',
        '13:30:00',
        'moi'
    ),
    (
        47,
        4,
        '2024-11-18',
        '10:00:00',
        'moi'
    ),
    (
        48,
        49,
        '2024-11-27',
        '17:30:00',
        'moi'
    ),
    (
        49,
        38,
        '2024-11-25',
        '19:00:00',
        'mon ami'
    ),
    (
        50,
        33,
        '2024-11-21',
        '15:30:00',
        'moi'
    ),
    (
        51,
        25,
        '2024-11-21',
        '09:45:00',
        'moi'
    ),
    (
        52,
        31,
        '2024-11-18',
        '10:00:00',
        'moi'
    ),
    (
        53,
        11,
        '2024-11-14',
        '12:45:00',
        'mon ami'
    ),
    (
        54,
        44,
        '2024-11-14',
        '09:45:00',
        'mon ami'
    ),
    (
        55,
        35,
        '2024-11-28',
        '19:15:00',
        'moi'
    ),
    (
        56,
        10,
        '2024-11-28',
        '20:45:00',
        'moi'
    ),
    (
        57,
        12,
        '2024-11-11',
        '10:15:00',
        'moi'
    ),
    (
        58,
        33,
        '2024-11-16',
        '13:30:00',
        'moi'
    ),
    (
        59,
        43,
        '2024-11-28',
        '20:45:00',
        'mon ami'
    ),
    (
        60,
        17,
        '2024-11-16',
        '17:30:00',
        'moi'
    ),
    (
        61,
        19,
        '2024-11-26',
        '08:45:00',
        'mon ami'
    ),
    (
        62,
        27,
        '2024-11-21',
        '18:00:00',
        'moi'
    ),
    (
        63,
        41,
        '2024-11-13',
        '19:00:00',
        'mon ami'
    ),
    (
        64,
        33,
        '2024-11-28',
        '16:30:00',
        'moi'
    ),
    (
        65,
        33,
        '2024-11-16',
        '10:00:00',
        'mon ami'
    ),
    (
        66,
        33,
        '2024-11-28',
        '15:30:00',
        'mon ami'
    ),
    (
        67,
        45,
        '2024-11-18',
        '13:00:00',
        'moi'
    ),
    (
        68,
        6,
        '2024-11-15',
        '09:15:00',
        'mon ami'
    ),
    (
        69,
        35,
        '2024-11-23',
        '09:15:00',
        'mon ami'
    ),
    (
        70,
        48,
        '2024-11-11',
        '16:45:00',
        'mon ami'
    ),
    (
        71,
        15,
        '2024-11-20',
        '10:15:00',
        'moi'
    ),
    (
        72,
        10,
        '2024-11-28',
        '16:00:00',
        'moi'
    ),
    (
        73,
        5,
        '2024-11-25',
        '13:00:00',
        'mon ami'
    ),
    (
        74,
        18,
        '2024-11-28',
        '10:00:00',
        'moi'
    ),
    (
        75,
        24,
        '2024-11-11',
        '18:00:00',
        'mon ami'
    ),
    (
        76,
        23,
        '2024-11-25',
        '09:00:00',
        'moi'
    ),
    (
        77,
        33,
        '2024-11-19',
        '17:15:00',
        'moi'
    ),
    (
        78,
        15,
        '2024-11-15',
        '18:30:00',
        'moi'
    ),
    (
        79,
        4,
        '2024-11-28',
        '08:45:00',
        'mon ami'
    ),
    (
        80,
        37,
        '2024-11-20',
        '15:30:00',
        'moi'
    ),
    (
        81,
        48,
        '2024-11-26',
        '09:15:00',
        'moi'
    ),
    (
        82,
        2,
        '2024-11-28',
        '15:00:00',
        'mon ami'
    ),
    (
        83,
        25,
        '2024-11-24',
        '17:45:00',
        'moi'
    ),
    (
        84,
        8,
        '2024-11-11',
        '16:30:00',
        'mon ami'
    ),
    (
        85,
        31,
        '2024-11-20',
        '18:45:00',
        'mon ami'
    ),
    (
        86,
        42,
        '2024-11-17',
        '12:00:00',
        'mon ami'
    ),
    (
        87,
        3,
        '2024-11-28',
        '10:45:00',
        'mon ami'
    ),
    (
        88,
        21,
        '2024-11-18',
        '10:00:00',
        'mon ami'
    ),
    (
        89,
        48,
        '2024-11-13',
        '11:15:00',
        'moi'
    ),
    (
        90,
        9,
        '2024-11-22',
        '15:30:00',
        'mon ami'
    ),
    (
        91,
        16,
        '2024-11-28',
        '17:45:00',
        'mon ami'
    ),
    (
        92,
        46,
        '2024-11-24',
        '10:45:00',
        'mon ami'
    ),
    (
        93,
        24,
        '2024-11-21',
        '19:45:00',
        'moi'
    ),
    (
        94,
        18,
        '2024-11-21',
        '08:15:00',
        'mon ami'
    ),
    (
        95,
        16,
        '2024-11-13',
        '20:00:00',
        'mon ami'
    ),
    (
        96,
        30,
        '2024-11-20',
        '13:45:00',
        'moi'
    ),
    (
        97,
        32,
        '2024-11-28',
        '08:45:00',
        'moi'
    ),
    (
        98,
        49,
        '2024-11-26',
        '17:45:00',
        'moi'
    ),
    (
        99,
        35,
        '2024-11-27',
        '14:30:00',
        'mon ami'
    ),
    (
        100,
        43,
        '2024-11-28',
        '09:00:00',
        'mon ami'
    ),
    (101, 25, '2025-01-12', '13:00:00', 'moi'),
    (
        102,
        18,
        '2025-01-11',
        '09:30:00',
        'mon ami'
    ),
    (
        103,
        37,
        '2025-01-10',
        '12:30:00',
        'mon ami'
    ),
    (104, 5, '2025-01-09', '15:45:00', 'moi'),
    (
        105,
        7,
        '2025-01-08',
        '10:15:00',
        'mon ami'
    ),
    (106, 8, '2025-01-07', '11:45:00', 'moi'),
    (
        107,
        16,
        '2025-01-06',
        '12:45:00',
        'mon ami'
    ),
    (108, 45, '2025-01-05', '14:45:00', 'moi'),
    (
        109,
        20,
        '2025-01-04',
        '17:30:00',
        'mon ami'
    ),
    (110, 33, '2025-01-03', '10:15:00', 'moi'),
    (
        111,
        12,
        '2025-01-02',
        '13:30:00',
        'mon ami'
    ),
    (112, 28, '2025-01-01', '15:15:00', 'moi'),
    (113, 50, '2024-12-30', '09:15:00', 'moi'),
    (
        114,
        41,
        '2024-12-29',
        '12:30:00',
        'mon ami'
    ),
    (115, 2, '2021-09-27', '14:00:00', 'moi'),
    (116, 1, '2022-07-11', '15:30:00', 'mon ami'),
    (117, 133, '2023-11-23', '17:00:00', 'moi'),
    (118, 64, '2022-01-21', '09:30:00', 'moi'),
    (119, 153, '2023-11-02', '09:30:00', 'moi'),
    (120, 176, '2024-03-16', '17:00:00', 'mon ami'),
    (121, 65, '2020-12-06', '15:30:00', 'mon ami'),
    (122, 143, '2020-07-18', '11:00:00', 'mon ami'),
    (123, 75, '2022-07-14', '09:30:00', 'moi'),
    (124, 200, '2021-12-31', '17:00:00', 'mon ami'),
    (125, 116, '2022-08-05', '18:30:00', 'moi'),
    (126, 40, '2024-03-04', '14:00:00', 'moi'),
    (127, 44, '2021-07-30', '14:00:00', 'mon ami'),
    (128, 193, '2020-08-16', '14:00:00', 'moi'),
    (129, 137, '2024-05-26', '11:00:00', 'moi'),
    (130, 142, '2023-12-15', '11:00:00', 'mon ami'),
    (131, 193, '2023-11-04', '14:00:00', 'moi'),
    (132, 84, '2022-12-06', '18:30:00', 'moi'),
    (133, 139, '2022-03-26', '17:00:00', 'moi'),
    (134, 185, '2022-06-28', '15:30:00', 'moi'),
    (135, 150, '2021-09-19', '14:00:00', 'mon ami'),
    (136, 8, '2024-10-19', '17:00:00', 'mon ami'),
    (137, 119, '2021-12-17', '17:00:00', 'mon ami'),
    (138, 20, '2023-10-23', '09:30:00', 'mon ami'),
    (139, 173, '2022-11-29', '17:00:00', 'moi'),
    (140, 193, '2020-07-16', '11:00:00', 'mon ami'),
    (141, 114, '2024-06-11', '18:30:00', 'mon ami'),
    (142, 186, '2023-10-25', '12:30:00', 'mon ami'),
    (143, 24, '2024-01-16', '09:30:00', 'mon ami'),
    (144, 123, '2021-01-17', '15:30:00', 'mon ami'),
    (145, 27, '2021-04-03', '08:00:00', 'mon ami'),
    (146, 108, '2023-06-29', '09:30:00', 'moi'),
    (147, 67, '2023-07-08', '18:30:00', 'moi'),
    (148, 110, '2024-07-06', '11:00:00', 'moi'),
    (149, 141, '2024-05-17', '18:30:00', 'mon ami'),
    (150, 169, '2021-10-27', '11:00:00', 'mon ami'),
    (151, 36, '2021-03-01', '15:30:00', 'mon ami'),
    (152, 168, '2023-10-27', '09:30:00', 'moi'),
    (153, 70, '2021-02-04', '18:30:00', 'mon ami'),
    (154, 48, '2023-01-10', '18:30:00', 'moi'),
    (155, 68, '2022-11-25', '14:00:00', 'mon ami'),
    (156, 118, '2023-01-23', '08:00:00', 'moi'),
    (157, 164, '2021-07-28', '12:30:00', 'mon ami'),
    (158, 197, '2020-10-20', '09:30:00', 'moi'),
    (159, 219, '2023-07-14', '15:30:00', 'moi'),
    (160, 155, '2021-05-19', '14:00:00', 'moi'),
    (161, 86, '2021-03-29', '14:00:00', 'mon ami'),
    (162, 45, '2020-09-08', '11:00:00', 'mon ami'),
    (163, 173, '2020-04-20', '18:30:00', 'moi'),
    (164, 209, '2021-08-25', '08:00:00', 'mon ami'),
    (165, 197, '2024-05-18', '08:00:00', 'moi'),
    (166, 103, '2024-01-11', '09:30:00', 'mon ami'),
    (167, 15, '2021-09-26', '18:30:00', 'mon ami'),
    (168, 186, '2024-07-02', '15:30:00', 'mon ami'),
    (169, 63, '2022-12-11', '11:00:00', 'mon ami'),
    (170, 37, '2024-05-29', '09:30:00', 'mon ami'),
    (171, 31, '2021-06-18', '08:00:00', 'moi'),
    (172, 150, '2022-02-27', '12:30:00', 'moi'),
    (173, 20, '2021-12-12', '09:30:00', 'moi'),
    (174, 145, '2020-07-23', '09:30:00', 'mon ami'),
    (175, 189, '2023-08-07', '11:00:00', 'mon ami'),
    (176, 24, '2023-12-05', '12:30:00', 'moi'),
    (177, 25, '2024-01-02', '18:30:00', 'moi'),
    (178, 37, '2023-11-02', '12:30:00', 'mon ami'),
    (179, 79, '2022-10-26', '15:30:00', 'moi'),
    (180, 115, '2022-04-09', '14:00:00', 'mon ami'),
    (181, 220, '2024-03-09', '14:00:00', 'mon ami'),
    (182, 195, '2021-08-16', '17:00:00', 'moi'),
    (183, 32, '2024-11-08', '14:00:00', 'moi'),
    (184, 161, '2022-11-14', '17:00:00', 'moi'),
    (185, 101, '2020-12-22', '08:00:00', 'mon ami'),
    (186, 188, '2022-10-12', '09:30:00', 'moi'),
    (187, 19, '2025-01-11', '09:30:00', 'moi'),
    (188, 21, '2022-12-28', '18:30:00', 'mon ami'),
    (189, 46, '2022-12-13', '09:30:00', 'mon ami'),
    (190, 160, '2021-09-20', '18:30:00', 'mon ami'),
    (191, 50, '2022-12-07', '09:30:00', 'mon ami'),
    (192, 4, '2021-06-01', '08:00:00', 'moi'),
    (193, 85, '2022-05-03', '17:00:00', 'mon ami'),
    (194, 45, '2022-10-31', '17:00:00', 'mon ami'),
    (195, 123, '2021-10-23', '14:00:00', 'mon ami'),
    (196, 32, '2021-12-31', '18:30:00', 'moi'),
    (197, 126, '2024-12-21', '17:00:00', 'moi'),
    (198, 147, '2022-01-26', '11:00:00', 'mon ami'),
    (199, 148, '2021-02-28', '17:00:00', 'moi'),
    (200, 105, '2024-12-19', '08:00:00', 'mon ami'),
    (201, 9, '2023-12-05', '14:00:00', 'moi'),
    (202, 166, '2021-08-30', '18:30:00', 'moi'),
    (203, 74, '2022-03-02', '08:00:00', 'mon ami'),
    (204, 182, '2023-09-03', '08:00:00', 'moi'),
    (205, 189, '2022-02-21', '14:00:00', 'mon ami'),
    (206, 37, '2024-04-07', '09:30:00', 'mon ami'),
    (207, 130, '2021-01-02', '18:30:00', 'mon ami'),
    (208, 35, '2021-01-14', '08:00:00', 'moi'),
    (209, 71, '2020-12-14', '08:00:00', 'mon ami'),
    (210, 81, '2022-08-29', '15:30:00', 'moi'),
    (211, 63, '2024-06-07', '18:30:00', 'mon ami'),
    (212, 108, '2021-07-02', '15:30:00', 'mon ami'),
    (213, 130, '2021-03-28', '15:30:00', 'mon ami'),
    (214, 152, '2020-09-18', '11:00:00', 'mon ami'),
    (215, 75, '2022-09-11', '14:00:00', 'moi'),
    (216, 138, '2020-07-27', '08:00:00', 'moi'),
    (217, 183, '2024-04-03', '15:30:00', 'moi'),
    (218, 94, '2022-11-17', '18:30:00', 'moi'),
    (219, 65, '2021-02-04', '18:30:00', 'moi'),
    (220, 25, '2023-05-18', '09:30:00', 'moi'),
    (221, 187, '2021-06-29', '14:00:00', 'mon ami'),
    (222, 96, '2021-09-24', '09:30:00', 'moi'),
    (223, 86, '2021-06-21', '09:30:00', 'moi'),
    (224, 205, '2021-02-26', '17:00:00', 'moi'),
    (225, 71, '2024-10-29', '14:00:00', 'mon ami'),
    (226, 164, '2021-12-11', '08:00:00', 'moi'),
    (227, 40, '2021-02-14', '08:00:00', 'moi'),
    (228, 103, '2022-07-07', '08:00:00', 'mon ami'),
    (229, 175, '2022-03-13', '15:30:00', 'mon ami'),
    (230, 150, '2020-05-23', '18:30:00', 'mon ami'),
    (231, 34, '2022-07-10', '09:30:00', 'mon ami'),
    (232, 117, '2020-05-05', '15:30:00', 'mon ami'),
    (233, 115, '2022-12-28', '18:30:00', 'moi'),
    (234, 110, '2022-10-04', '11:00:00', 'mon ami'),
    (235, 198, '2023-05-13', '09:30:00', 'moi'),
    (236, 218, '2024-01-03', '15:30:00', 'moi'),
    (237, 22, '2021-04-13', '08:00:00', 'moi'),
    (238, 51, '2023-11-01', '08:00:00', 'moi'),
    (239, 14, '2021-08-31', '14:00:00', 'mon ami'),
    (240, 26, '2022-12-01', '11:00:00', 'moi'),
    (241, 38, '2022-07-21', '11:00:00', 'moi'),
    (242, 82, '2024-01-08', '08:00:00', 'moi'),
    (243, 176, '2023-05-08', '18:30:00', 'moi'),
    (244, 136, '2024-06-09', '12:30:00', 'moi'),
    (245, 144, '2021-11-18', '08:00:00', 'moi'),
    (246, 182, '2024-02-27', '08:00:00', 'mon ami'),
    (247, 38, '2022-11-12', '17:00:00', 'moi'),
    (248, 140, '2023-11-19', '11:00:00', 'mon ami'),
    (249, 12, '2024-09-29', '12:30:00', 'mon ami'),
    (250, 202, '2020-04-14', '12:30:00', 'mon ami'),
    (251, 148, '2024-09-03', '09:30:00', 'moi'),
    (252, 83, '2021-11-06', '09:30:00', 'mon ami'),
    (253, 108, '2022-02-08', '08:00:00', 'moi'),
    (254, 180, '2021-04-06', '12:30:00', 'moi'),
    (255, 203, '2020-12-05', '15:30:00', 'mon ami'),
    (256, 102, '2024-08-14', '08:00:00', 'moi'),
    (257, 209, '2023-04-13', '18:30:00', 'moi'),
    (258, 202, '2020-12-04', '14:00:00', 'mon ami'),
    (259, 171, '2023-12-31', '12:30:00', 'mon ami'),
    (260, 32, '2023-05-10', '15:30:00', 'moi'),
    (261, 80, '2024-07-06', '09:30:00', 'mon ami'),
    (262, 108, '2022-01-10', '14:00:00', 'moi'),
    (263, 208, '2021-03-02', '12:30:00', 'moi'),
    (264, 172, '2023-11-13', '14:00:00', 'mon ami'),
    (265, 24, '2022-03-03', '09:30:00', 'mon ami'),
    (266, 202, '2021-04-03', '15:30:00', 'mon ami'),
    (267, 146, '2024-09-23', '18:30:00', 'mon ami'),
    (268, 209, '2022-12-14', '11:00:00', 'moi'),
    (269, 35, '2022-09-05', '08:00:00', 'moi'),
    (270, 169, '2024-12-20', '11:00:00', 'mon ami'),
    (271, 70, '2025-01-01', '15:30:00', 'mon ami'),
    (272, 114, '2024-12-19', '17:00:00', 'mon ami'),
    (273, 151, '2021-04-21', '11:00:00', 'mon ami'),
    (274, 66, '2020-10-10', '12:30:00', 'moi'),
    (275, 112, '2022-02-21', '17:00:00', 'mon ami'),
    (276, 216, '2024-08-25', '08:00:00', 'mon ami'),
    (277, 113, '2023-03-26', '12:30:00', 'moi'),
    (278, 189, '2021-07-09', '08:00:00', 'mon ami'),
    (279, 141, '2024-04-27', '18:30:00', 'moi'),
    (280, 128, '2022-06-20', '17:00:00', 'mon ami'),
    (281, 117, '2021-02-04', '11:00:00', 'moi'),
    (282, 69, '2023-02-04', '11:00:00', 'moi'),
    (283, 77, '2024-08-23', '17:00:00', 'moi'),
    (284, 219, '2024-01-25', '08:00:00', 'moi'),
    (285, 42, '2022-05-28', '11:00:00', 'mon ami'),
    (286, 189, '2022-08-12', '18:30:00', 'moi'),
    (287, 106, '2020-06-06', '11:00:00', 'mon ami'),
    (288, 186, '2020-09-06', '15:30:00', 'mon ami'),
    (289, 113, '2022-08-11', '18:30:00', 'moi'),
    (290, 26, '2023-02-07', '15:30:00', 'mon ami'),
    (291, 146, '2020-12-20', '11:00:00', 'moi'),
    (292, 186, '2022-04-02', '08:00:00', 'moi'),
    (293, 60, '2021-05-30', '09:30:00', 'moi'),
    (294, 181, '2024-05-05', '18:30:00', 'moi'),
    (295, 83, '2023-09-17', '09:30:00', 'moi'),
    (296, 4, '2024-06-29', '15:30:00', 'mon ami'),
    (297, 173, '2022-11-10', '09:30:00', 'mon ami'),
    (298, 79, '2021-09-22', '08:00:00', 'moi'),
    (299, 161, '2020-09-03', '12:30:00', 'moi'),
    (300, 159, '2022-06-15', '08:00:00', 'moi'),
    (301, 51, '2020-08-02', '15:30:00', 'moi'),
    (302, 149, '2024-07-27', '18:30:00', 'mon ami'),
    (303, 101, '2022-10-29', '08:00:00', 'moi'),
    (304, 166, '2022-09-30', '14:00:00', 'mon ami'),
    (305, 132, '2020-11-29', '15:30:00', 'moi'),
    (306, 212, '2020-04-30', '09:30:00', 'mon ami'),
    (307, 10, '2021-04-07', '11:00:00', 'moi'),
    (308, 176, '2024-03-15', '14:00:00', 'mon ami'),
    (309, 201, '2021-08-15', '12:30:00', 'moi'),
    (310, 197, '2021-11-21', '14:00:00', 'mon ami'),
    (311, 111, '2022-12-23', '15:30:00', 'mon ami'),
    (312, 122, '2022-08-30', '11:00:00', 'mon ami'),
    (313, 191, '2022-04-12', '14:00:00', 'moi'),
    (314, 23, '2023-04-23', '12:30:00', 'moi'),
    (315, 132, '2024-11-26', '14:00:00', 'moi'),
    (316, 76, '2023-03-22', '11:00:00', 'mon ami'),
    (317, 61, '2022-01-25', '12:30:00', 'mon ami'),
    (318, 172, '2024-09-21', '11:00:00', 'moi'),
    (319, 138, '2022-10-14', '17:00:00', 'mon ami'),
    (320, 113, '2020-10-22', '17:00:00', 'moi'),
    (321, 83, '2020-11-21', '11:00:00', 'moi'),
    (322, 70, '2022-01-19', '12:30:00', 'moi'),
    (323, 141, '2023-07-19', '14:00:00', 'mon ami'),
    (324, 25, '2021-07-04', '08:00:00', 'mon ami'),
    (325, 162, '2023-09-03', '14:00:00', 'moi'),
    (326, 82, '2023-12-27', '17:00:00', 'moi'),
    (327, 45, '2022-01-22', '09:30:00', 'moi'),
    (328, 90, '2023-09-13', '17:00:00', 'mon ami'),
    (329, 146, '2020-11-23', '09:30:00', 'moi'),
    (330, 123, '2021-01-17', '15:30:00', 'mon ami'),
    (331, 55, '2023-01-04', '09:30:00', 'mon ami'),
    (332, 62, '2022-10-14', '09:30:00', 'moi'),
    (333, 145, '2021-01-20', '11:00:00', 'moi'),
    (334, 50, '2022-02-07', '11:00:00', 'moi'),
    (335, 39, '2024-06-04', '11:00:00', 'moi'),
    (336, 101, '2020-12-25', '14:00:00', 'moi'),
    (337, 208, '2023-11-24', '15:30:00', 'moi'),
    (338, 147, '2022-08-06', '12:30:00', 'moi'),
    (339, 56, '2021-05-24', '08:00:00', 'mon ami'),
    (340, 86, '2023-04-28', '09:30:00', 'moi'),
    (341, 67, '2024-09-29', '08:00:00', 'mon ami'),
    (342, 195, '2022-12-22', '08:00:00', 'moi'),
    (343, 130, '2023-12-26', '17:00:00', 'moi'),
    (344, 76, '2023-08-01', '09:30:00', 'moi'),
    (345, 133, '2020-12-05', '08:00:00', 'moi'),
    (346, 23, '2021-01-01', '11:00:00', 'moi'),
    (347, 47, '2021-03-04', '08:00:00', 'mon ami'),
    (348, 162, '2023-05-11', '11:00:00', 'moi'),
    (349, 205, '2021-07-31', '09:30:00', 'mon ami'),
    (350, 128, '2020-07-08', '12:30:00', 'moi'),
    (351, 139, '2020-10-14', '15:30:00', 'moi'),
    (352, 20, '2022-06-15', '15:30:00', 'moi'),
    (353, 203, '2024-09-18', '12:30:00', 'mon ami'),
    (354, 139, '2023-12-02', '11:00:00', 'moi'),
    (355, 177, '2023-04-12', '15:30:00', 'mon ami'),
    (356, 4, '2024-03-02', '08:00:00', 'moi'),
    (357, 23, '2022-04-07', '09:30:00', 'moi'),
    (358, 92, '2024-12-18', '11:00:00', 'mon ami'),
    (359, 140, '2024-11-02', '15:30:00', 'moi'),
    (360, 41, '2021-12-16', '12:30:00', 'moi'),
    (361, 20, '2021-02-09', '17:00:00', 'mon ami'),
    (362, 113, '2023-08-27', '14:00:00', 'moi'),
    (363, 48, '2023-06-06', '15:30:00', 'mon ami'),
    (364, 99, '2024-06-25', '14:00:00', 'mon ami'),
    (365, 180, '2024-01-13', '17:00:00', 'mon ami'),
    (366, 163, '2021-01-09', '17:00:00', 'moi'),
    (367, 113, '2020-11-22', '12:30:00', 'moi'),
    (368, 180, '2024-10-10', '14:00:00', 'moi'),
    (369, 74, '2020-06-01', '15:30:00', 'mon ami'),
    (370, 205, '2020-10-08', '09:30:00', 'moi'),
    (371, 210, '2023-06-23', '17:00:00', 'mon ami'),
    (372, 155, '2022-12-07', '09:30:00', 'mon ami'),
    (373, 133, '2024-09-10', '15:30:00', 'mon ami'),
    (374, 215, '2020-07-19', '18:30:00', 'mon ami'),
    (375, 114, '2021-05-19', '09:30:00', 'moi'),
    (376, 210, '2024-02-16', '15:30:00', 'moi'),
    (377, 142, '2023-10-02', '15:30:00', 'moi'),
    (378, 43, '2020-07-27', '14:00:00', 'moi'),
    (379, 205, '2021-03-26', '12:30:00', 'mon ami'),
    (380, 129, '2024-07-10', '12:30:00', 'mon ami'),
    (381, 135, '2024-09-26', '15:30:00', 'moi'),
    (382, 92, '2021-05-20', '08:00:00', 'moi'),
    (383, 162, '2023-09-17', '12:30:00', 'moi'),
    (384, 3, '2024-04-19', '14:00:00', 'moi'),
    (385, 160, '2023-04-12', '18:30:00', 'moi'),
    (386, 14, '2020-05-24', '18:30:00', 'moi'),
    (387, 37, '2022-03-12', '09:30:00', 'mon ami'),
    (388, 53, '2021-09-19', '09:30:00', 'mon ami'),
    (389, 95, '2022-05-05', '17:00:00', 'moi'),
    (390, 162, '2022-01-22', '08:00:00', 'moi'),
    (391, 92, '2024-09-01', '09:30:00', 'moi'),
    (392, 33, '2022-03-13', '14:00:00', 'mon ami'),
    (393, 170, '2022-12-02', '11:00:00', 'moi'),
    (394, 138, '2024-11-23', '17:00:00', 'mon ami'),
    (395, 73, '2024-12-26', '11:00:00', 'moi'),
    (396, 137, '2025-01-25', '11:00:00', 'moi'),
    (397, 148, '2023-08-01', '18:30:00', 'moi'),
    (398, 199, '2021-02-11', '15:30:00', 'moi'),
    (399, 213, '2020-05-29', '08:00:00', 'moi'),
    (400, 210, '2022-03-02', '11:00:00', 'moi'),
    (401, 175, '2021-09-01', '08:00:00', 'mon ami'),
    (402, 23, '2022-12-31', '08:00:00', 'moi'),
    (403, 104, '2020-12-09', '15:30:00', 'moi'),
    (404, 156, '2022-07-12', '14:00:00', 'moi'),
    (405, 21, '2021-11-10', '14:00:00', 'moi'),
    (406, 194, '2021-09-03', '14:00:00', 'mon ami'),
    (407, 200, '2020-07-19', '14:00:00', 'moi'),
    (408, 158, '2022-05-15', '09:30:00', 'moi'),
    (409, 35, '2024-10-11', '18:30:00', 'mon ami'),
    (410, 168, '2023-11-01', '09:30:00', 'moi'),
    (411, 190, '2021-08-29', '14:00:00', 'mon ami'),
    (412, 212, '2020-04-19', '09:30:00', 'mon ami'),
    (413, 142, '2020-09-10', '11:00:00', 'mon ami'),
    (414, 98, '2024-02-17', '15:30:00', 'mon ami'),
    (415, 68, '2023-09-25', '08:00:00', 'mon ami'),
    (416, 150, '2022-01-10', '17:00:00', 'moi'),
    (417, 198, '2024-09-22', '09:30:00', 'moi'),
    (418, 119, '2021-09-09', '14:00:00', 'moi'),
    (419, 124, '2021-03-29', '14:00:00', 'mon ami'),
    (420, 57, '2021-11-30', '18:30:00', 'mon ami'),
    (421, 145, '2023-03-19', '11:00:00', 'mon ami'),
    (422, 209, '2021-01-02', '17:00:00', 'mon ami'),
    (423, 148, '2025-01-02', '12:30:00', 'mon ami'),
    (424, 150, '2022-05-19', '15:30:00', 'moi'),
    (425, 146, '2023-04-26', '18:30:00', 'mon ami'),
    (426, 70, '2020-04-23', '08:00:00', 'moi'),
    (427, 33, '2021-08-09', '15:30:00', 'mon ami'),
    (428, 25, '2023-11-28', '12:30:00', 'moi'),
    (429, 46, '2023-08-09', '08:00:00', 'mon ami'),
    (430, 52, '2023-05-20', '08:00:00', 'mon ami'),
    (431, 1, '2021-01-02', '09:30:00', 'moi'),
    (432, 129, '2023-01-24', '18:30:00', 'moi'),
    (433, 202, '2023-02-05', '09:30:00', 'moi'),
    (434, 184, '2020-07-10', '11:00:00', 'moi'),
    (435, 88, '2023-05-25', '09:30:00', 'mon ami'),
    (436, 132, '2025-01-31', '09:30:00', 'mon ami'),
    (437, 143, '2022-01-13', '15:30:00', 'moi'),
    (438, 199, '2024-10-31', '08:00:00', 'moi'),
    (439, 30, '2020-09-08', '18:30:00', 'mon ami'),
    (440, 192, '2024-11-24', '08:00:00', 'moi'),
    (441, 149, '2022-02-05', '08:00:00', 'moi'),
    (442, 136, '2024-07-31', '17:00:00', 'moi'),
    (443, 8, '2022-07-09', '14:00:00', 'moi'),
    (444, 164, '2023-01-15', '15:30:00', 'mon ami'),
    (445, 199, '2022-03-26', '15:30:00', 'mon ami'),
    (446, 184, '2020-10-31', '14:00:00', 'moi'),
    (447, 206, '2024-01-04', '15:30:00', 'mon ami'),
    (448, 190, '2022-05-24', '11:00:00', 'moi'),
    (449, 103, '2022-10-08', '12:30:00', 'mon ami'),
    (450, 154, '2023-05-17', '12:30:00', 'mon ami'),
    (451, 40, '2024-03-17', '09:30:00', 'moi'),
    (452, 195, '2024-01-19', '08:00:00', 'moi'),
    (453, 192, '2021-01-18', '17:00:00', 'moi'),
    (454, 5, '2023-12-11', '11:00:00', 'mon ami'),
    (455, 7, '2021-12-05', '17:00:00', 'moi'),
    (456, 13, '2024-12-30', '17:00:00', 'mon ami'),
    (457, 145, '2020-12-18', '15:30:00', 'mon ami'),
    (458, 146, '2024-02-29', '15:30:00', 'moi'),
    (459, 99, '2024-11-22', '18:30:00', 'moi'),
    (460, 73, '2021-02-13', '09:30:00', 'moi'),
    (461, 185, '2021-01-07', '17:00:00', 'mon ami'),
    (462, 93, '2021-12-09', '17:00:00', 'mon ami'),
    (463, 6, '2021-11-22', '15:30:00', 'mon ami'),
    (464, 57, '2022-07-31', '18:30:00', 'moi'),
    (465, 215, '2022-08-22', '14:00:00', 'mon ami'),
    (466, 139, '2023-11-14', '14:00:00', 'moi'),
    (467, 96, '2020-06-10', '11:00:00', 'mon ami'),
    (468, 214, '2021-07-21', '11:00:00', 'moi'),
    (469, 66, '2023-01-15', '14:00:00', 'mon ami'),
    (470, 138, '2021-04-06', '08:00:00', 'mon ami'),
    (471, 132, '2023-12-08', '14:00:00', 'mon ami'),
    (472, 98, '2022-02-19', '15:30:00', 'mon ami'),
    (473, 134, '2020-04-16', '08:00:00', 'moi'),
    (474, 18, '2024-07-16', '11:00:00', 'moi'),
    (475, 217, '2023-12-05', '09:30:00', 'moi'),
    (476, 78, '2021-06-19', '18:30:00', 'moi'),
    (477, 140, '2021-06-04', '15:30:00', 'mon ami'),
    (478, 71, '2022-12-28', '17:00:00', 'mon ami'),
    (479, 175, '2020-11-23', '18:30:00', 'mon ami'),
    (480, 181, '2022-01-30', '09:30:00', 'mon ami'),
    (481, 210, '2024-05-07', '08:00:00', 'mon ami'),
    (482, 48, '2021-04-02', '18:30:00', 'moi'),
    (483, 163, '2020-10-18', '12:30:00', 'moi'),
    (484, 215, '2020-09-21', '17:00:00', 'mon ami'),
    (485, 65, '2023-10-23', '08:00:00', 'moi'),
    (486, 84, '2021-11-30', '08:00:00', 'moi'),
    (487, 65, '2021-03-14', '08:00:00', 'moi'),
    (488, 137, '2023-04-18', '12:30:00', 'moi'),
    (489, 113, '2021-01-16', '15:30:00', 'mon ami'),
    (490, 194, '2020-11-25', '08:00:00', 'moi'),
    (491, 112, '2020-10-24', '11:00:00', 'mon ami'),
    (492, 149, '2024-10-12', '15:30:00', 'mon ami'),
    (493, 173, '2022-12-28', '17:00:00', 'mon ami'),
    (494, 200, '2023-09-15', '12:30:00', 'moi'),
    (495, 141, '2020-10-16', '08:00:00', 'mon ami'),
    (496, 34, '2022-10-12', '12:30:00', 'moi'),
    (497, 147, '2022-02-25', '09:30:00', 'moi'),
    (498, 219, '2021-12-30', '17:00:00', 'mon ami'),
    (499, 174, '2024-11-10', '08:00:00', 'moi'),
    (500, 207, '2025-01-02', '08:00:00', 'moi'),
    (501, 212, '2022-02-15', '12:30:00', 'moi'),
    (502, 202, '2023-09-20', '18:30:00', 'mon ami'),
    (503, 137, '2021-11-08', '15:30:00', 'moi'),
    (504, 68, '2020-04-19', '11:00:00', 'mon ami'),
    (505, 163, '2022-09-21', '18:30:00', 'moi'),
    (506, 158, '2025-01-12', '12:30:00', 'mon ami'),
    (507, 104, '2020-10-17', '18:30:00', 'mon ami'),
    (508, 72, '2023-06-27', '17:00:00', 'mon ami'),
    (509, 198, '2024-09-17', '08:00:00', 'mon ami'),
    (510, 194, '2022-03-09', '15:30:00', 'mon ami'),
    (511, 157, '2022-05-18', '11:00:00', 'moi'),
    (512, 212, '2022-07-15', '18:30:00', 'moi'),
    (513, 154, '2024-05-16', '08:00:00', 'mon ami'),
    (514, 180, '2021-10-12', '09:30:00', 'moi'),
    (515, 218, '2023-06-26', '14:00:00', 'mon ami'),
    (516, 147, '2023-11-03', '18:30:00', 'mon ami'),
    (517, 63, '2023-03-10', '09:30:00', 'moi'),
    (518, 109, '2024-10-03', '12:30:00', 'moi'),
    (519, 199, '2022-12-23', '08:00:00', 'moi'),
    (520, 47, '2024-12-08', '09:30:00', 'mon ami'),
    (521, 8, '2021-08-30', '15:30:00', 'mon ami'),
    (522, 75, '2023-01-27', '14:00:00', 'mon ami'),
    (523, 12, '2021-07-17', '14:00:00', 'moi'),
    (524, 105, '2024-08-13', '11:00:00', 'moi'),
    (525, 44, '2024-01-06', '11:00:00', 'mon ami'),
    (526, 9, '2021-09-28', '14:00:00', 'moi'),
    (527, 207, '2023-01-05', '18:30:00', 'moi'),
    (528, 152, '2023-09-18', '15:30:00', 'mon ami'),
    (529, 216, '2021-06-20', '15:30:00', 'moi'),
    (530, 139, '2021-01-04', '09:30:00', 'mon ami'),
    (531, 203, '2020-07-26', '09:30:00', 'moi'),
    (532, 160, '2020-11-18', '12:30:00', 'moi'),
    (533, 208, '2025-01-31', '15:30:00', 'moi'),
    (534, 166, '2022-07-28', '12:30:00', 'moi'),
    (535, 15, '2022-02-28', '14:00:00', 'mon ami'),
    (536, 48, '2021-04-11', '18:30:00', 'moi'),
    (537, 37, '2022-05-28', '09:30:00', 'moi'),
    (538, 194, '2024-08-23', '09:30:00', 'mon ami'),
    (539, 203, '2020-09-16', '15:30:00', 'mon ami'),
    (540, 220, '2024-08-31', '12:30:00', 'mon ami'),
    (541, 170, '2021-09-19', '12:30:00', 'moi'),
    (542, 158, '2022-08-18', '08:00:00', 'mon ami'),
    (543, 207, '2020-08-01', '11:00:00', 'mon ami'),
    (544, 81, '2020-05-26', '15:30:00', 'moi'),
    (545, 97, '2024-10-08', '12:30:00', 'mon ami'),
    (546, 133, '2021-07-18', '11:00:00', 'moi'),
    (547, 101, '2021-12-21', '15:30:00', 'mon ami'),
    (548, 57, '2024-11-29', '15:30:00', 'moi'),
    (549, 193, '2020-12-27', '15:30:00', 'moi'),
    (550, 75, '2024-10-22', '11:00:00', 'moi'),
    (551, 76, '2022-10-27', '11:00:00', 'mon ami'),
    (552, 127, '2022-03-25', '12:30:00', 'moi'),
    (553, 200, '2021-05-05', '09:30:00', 'mon ami'),
    (554, 115, '2021-02-19', '17:00:00', 'moi'),
    (555, 12, '2020-08-21', '11:00:00', 'moi'),
    (556, 66, '2020-07-15', '17:00:00', 'mon ami'),
    (557, 90, '2024-08-18', '08:00:00', 'mon ami'),
    (558, 208, '2022-05-29', '17:00:00', 'mon ami'),
    (559, 28, '2021-05-30', '09:30:00', 'mon ami'),
    (560, 52, '2023-11-02', '17:00:00', 'moi'),
    (561, 205, '2023-09-14', '15:30:00', 'mon ami'),
    (562, 38, '2024-01-29', '09:30:00', 'mon ami'),
    (563, 111, '2021-09-21', '12:30:00', 'moi'),
    (564, 186, '2021-06-18', '17:00:00', 'mon ami'),
    (565, 154, '2022-07-14', '15:30:00', 'mon ami'),
    (566, 159, '2021-03-23', '12:30:00', 'mon ami'),
    (567, 163, '2024-02-12', '11:00:00', 'moi'),
    (568, 205, '2023-09-25', '09:30:00', 'moi'),
    (569, 17, '2020-10-09', '14:00:00', 'mon ami'),
    (570, 200, '2022-03-20', '11:00:00', 'moi'),
    (571, 220, '2021-02-23', '18:30:00', 'mon ami'),
    (572, 127, '2021-12-03', '14:00:00', 'moi'),
    (573, 217, '2024-04-28', '18:30:00', 'mon ami'),
    (574, 148, '2022-06-11', '08:00:00', 'mon ami'),
    (575, 14, '2022-11-09', '14:00:00', 'moi'),
    (576, 219, '2022-10-28', '15:30:00', 'mon ami'),
    (577, 46, '2024-06-12', '17:00:00', 'moi'),
    (578, 79, '2020-04-07', '09:30:00', 'moi'),
    (579, 165, '2022-05-07', '17:00:00', 'moi'),
    (580, 196, '2021-08-22', '08:00:00', 'moi'),
    (581, 165, '2023-08-22', '18:30:00', 'moi'),
    (582, 42, '2024-02-04', '12:30:00', 'moi'),
    (583, 91, '2023-04-24', '09:30:00', 'moi'),
    (584, 45, '2021-11-02', '08:00:00', 'moi'),
    (585, 218, '2024-09-09', '17:00:00', 'moi'),
    (586, 110, '2024-09-05', '12:30:00', 'mon ami'),
    (587, 88, '2024-09-08', '09:30:00', 'moi'),
    (588, 57, '2024-12-12', '12:30:00', 'mon ami'),
    (589, 36, '2022-03-19', '09:30:00', 'mon ami'),
    (590, 190, '2021-10-23', '15:30:00', 'mon ami'),
    (591, 58, '2023-11-03', '12:30:00', 'mon ami'),
    (592, 96, '2022-07-12', '12:30:00', 'mon ami'),
    (593, 155, '2021-04-20', '12:30:00', 'mon ami'),
    (594, 118, '2022-08-19', '18:30:00', 'mon ami'),
    (595, 156, '2020-07-30', '08:00:00', 'moi'),
    (596, 126, '2022-03-24', '18:30:00', 'mon ami'),
    (597, 56, '2023-05-15', '08:00:00', 'moi'),
    (598, 114, '2022-07-11', '12:30:00', 'mon ami'),
    (599, 82, '2024-05-08', '17:00:00', 'mon ami'),
    (600, 73, '2020-10-09', '15:30:00', 'mon ami'),
    (601, 147, '2020-10-13', '08:00:00', 'moi'),
    (602, 140, '2024-02-01', '11:00:00', 'mon ami'),
    (603, 150, '2023-01-29', '08:00:00', 'moi'),
    (604, 46, '2021-06-02', '08:00:00', 'moi'),
    (605, 184, '2020-08-07', '17:00:00', 'mon ami'),
    (606, 174, '2025-01-17', '15:30:00', 'mon ami'),
    (607, 94, '2020-12-05', '09:30:00', 'moi'),
    (608, 46, '2021-12-03', '14:00:00', 'moi'),
    (609, 31, '2024-09-09', '09:30:00', 'moi'),
    (610, 31, '2021-05-08', '15:30:00', 'mon ami'),
    (611, 67, '2023-04-08', '15:30:00', 'mon ami'),
    (612, 207, '2022-08-07', '15:30:00', 'mon ami'),
    (613, 12, '2023-05-31', '14:00:00', 'moi'),
    (614, 146, '2021-10-20', '12:30:00', 'moi'),
    (615, 94, '2021-10-03', '17:00:00', 'moi'),
    (616, 25, '2021-01-28', '11:00:00', 'moi'),
    (617, 132, '2020-10-28', '12:30:00', 'mon ami'),
    (618, 90, '2022-03-26', '14:00:00', 'moi'),
    (619, 89, '2020-06-11', '14:00:00', 'mon ami'),
    (620, 183, '2023-12-23', '18:30:00', 'moi'),
    (621, 161, '2022-01-07', '14:00:00', 'moi'),
    (622, 213, '2023-03-24', '15:30:00', 'moi'),
    (623, 139, '2020-04-20', '15:30:00', 'mon ami'),
    (624, 35, '2024-10-10', '15:30:00', 'moi'),
    (625, 6, '2022-10-26', '09:30:00', 'moi'),
    (626, 53, '2023-01-17', '18:30:00', 'moi'),
    (627, 134, '2021-07-13', '11:00:00', 'moi'),
    (628, 101, '2020-08-02', '09:30:00', 'moi'),
    (629, 57, '2024-03-13', '08:00:00', 'mon ami'),
    (630, 45, '2024-10-02', '18:30:00', 'moi'),
    (631, 53, '2020-09-10', '15:30:00', 'mon ami'),
    (632, 106, '2022-11-02', '15:30:00', 'mon ami'),
    (633, 54, '2021-08-15', '15:30:00', 'moi'),
    (634, 93, '2020-08-16', '08:00:00', 'mon ami'),
    (635, 19, '2023-05-06', '18:30:00', 'mon ami'),
    (636, 183, '2021-05-15', '18:30:00', 'moi'),
    (637, 41, '2021-01-19', '08:00:00', 'mon ami'),
    (638, 150, '2023-07-07', '17:00:00', 'moi'),
    (639, 130, '2024-08-26', '15:30:00', 'moi'),
    (640, 25, '2025-01-24', '14:00:00', 'mon ami'),
    (641, 150, '2024-05-02', '12:30:00', 'moi'),
    (642, 55, '2024-06-29', '17:00:00', 'moi'),
    (643, 195, '2024-08-03', '14:00:00', 'mon ami'),
    (644, 153, '2022-09-03', '11:00:00', 'moi'),
    (645, 120, '2025-01-07', '11:00:00', 'moi'),
    (646, 111, '2020-06-21', '12:30:00', 'moi'),
    (647, 191, '2024-04-15', '12:30:00', 'moi'),
    (648, 30, '2023-03-16', '11:00:00', 'mon ami'),
    (649, 215, '2021-07-06', '08:00:00', 'mon ami'),
    (650, 150, '2022-08-24', '15:30:00', 'mon ami'),
    (651, 183, '2022-02-18', '17:00:00', 'mon ami'),
    (652, 28, '2023-07-09', '08:00:00', 'mon ami'),
    (653, 20, '2021-06-17', '09:30:00', 'moi'),
    (654, 35, '2025-01-22', '17:00:00', 'moi'),
    (655, 54, '2020-12-02', '12:30:00', 'moi'),
    (656, 125, '2023-04-11', '08:00:00', 'mon ami'),
    (657, 164, '2023-07-08', '12:30:00', 'mon ami'),
    (658, 45, '2023-06-10', '14:00:00', 'moi'),
    (659, 199, '2024-08-28', '15:30:00', 'mon ami'),
    (660, 174, '2022-11-12', '14:00:00', 'moi'),
    (661, 6, '2024-07-10', '15:30:00', 'mon ami'),
    (662, 95, '2020-09-28', '15:30:00', 'mon ami'),
    (663, 95, '2020-10-04', '15:30:00', 'mon ami'),
    (664, 137, '2024-05-24', '12:30:00', 'mon ami'),
    (665, 159, '2021-10-09', '15:30:00', 'mon ami'),
    (666, 11, '2022-07-17', '14:00:00', 'mon ami'),
    (667, 27, '2020-11-23', '09:30:00', 'moi'),
    (668, 184, '2021-01-01', '14:00:00', 'moi'),
    (669, 93, '2022-10-18', '18:30:00', 'moi'),
    (670, 158, '2020-07-03', '18:30:00', 'moi'),
    (671, 61, '2023-11-12', '15:30:00', 'moi'),
    (672, 161, '2024-05-15', '15:30:00', 'moi'),
    (673, 52, '2022-08-05', '18:30:00', 'mon ami'),
    (674, 205, '2023-07-25', '15:30:00', 'mon ami'),
    (675, 102, '2023-05-24', '09:30:00', 'moi'),
    (676, 86, '2021-01-24', '18:30:00', 'mon ami'),
    (677, 146, '2024-11-13', '11:00:00', 'mon ami'),
    (678, 125, '2022-03-13', '08:00:00', 'mon ami'),
    (679, 219, '2020-11-01', '12:30:00', 'mon ami'),
    (680, 71, '2023-11-25', '12:30:00', 'moi'),
    (681, 202, '2022-02-15', '11:00:00', 'moi'),
    (682, 14, '2021-12-20', '08:00:00', 'moi'),
    (683, 45, '2021-07-26', '11:00:00', 'mon ami'),
    (684, 135, '2020-07-17', '17:00:00', 'moi'),
    (685, 11, '2021-03-19', '17:00:00', 'mon ami'),
    (686, 186, '2023-01-12', '17:00:00', 'moi'),
    (687, 204, '2021-02-19', '17:00:00', 'moi'),
    (688, 90, '2021-04-16', '09:30:00', 'mon ami'),
    (689, 151, '2021-10-26', '11:00:00', 'mon ami'),
    (690, 186, '2025-01-31', '14:00:00', 'moi'),
    (691, 72, '2021-12-02', '14:00:00', 'mon ami'),
    (692, 89, '2023-04-09', '08:00:00', 'mon ami'),
    (693, 137, '2024-07-09', '18:30:00', 'moi'),
    (694, 84, '2021-03-28', '09:30:00', 'moi'),
    (695, 188, '2022-06-14', '15:30:00', 'moi'),
    (696, 78, '2021-10-29', '08:00:00', 'moi'),
    (697, 46, '2021-07-17', '08:00:00', 'mon ami'),
    (698, 7, '2020-08-27', '17:00:00', 'mon ami'),
    (699, 211, '2024-08-28', '11:00:00', 'mon ami'),
    (700, 135, '2021-08-11', '09:30:00', 'mon ami'),
    (701, 28, '2020-09-19', '18:30:00', 'mon ami'),
    (702, 74, '2021-03-22', '08:00:00', 'moi'),
    (703, 80, '2022-02-21', '12:30:00', 'mon ami'),
    (704, 149, '2021-04-06', '11:00:00', 'moi'),
    (705, 7, '2024-03-14', '18:30:00', 'moi'),
    (706, 82, '2021-04-04', '18:30:00', 'mon ami'),
    (707, 94, '2021-06-06', '12:30:00', 'moi'),
    (708, 94, '2022-09-05', '15:30:00', 'moi'),
    (709, 13, '2021-06-21', '11:00:00', 'moi'),
    (710, 208, '2024-02-16', '12:30:00', 'mon ami'),
    (711, 111, '2022-05-25', '12:30:00', 'mon ami'),
    (712, 189, '2023-11-08', '18:30:00', 'mon ami'),
    (713, 216, '2020-08-29', '17:00:00', 'moi'),
    (714, 69, '2022-01-01', '15:30:00', 'moi'),
    (715, 31, '2020-12-15', '11:00:00', 'moi'),
    (716, 114, '2021-11-19', '17:00:00', 'mon ami'),
    (717, 87, '2024-05-23', '11:00:00', 'moi'),
    (718, 190, '2024-11-06', '14:00:00', 'moi'),
    (719, 10, '2022-09-06', '17:00:00', 'moi'),
    (720, 139, '2023-05-03', '18:30:00', 'moi'),
    (721, 148, '2023-04-05', '09:30:00', 'mon ami'),
    (722, 175, '2021-12-06', '09:30:00', 'mon ami'),
    (723, 63, '2022-05-14', '08:00:00', 'moi'),
    (724, 54, '2024-05-24', '11:00:00', 'mon ami'),
    (725, 199, '2023-06-27', '14:00:00', 'mon ami'),
    (726, 82, '2024-07-12', '08:00:00', 'mon ami'),
    (727, 81, '2023-08-09', '11:00:00', 'mon ami'),
    (728, 63, '2021-04-29', '12:30:00', 'moi'),
    (729, 196, '2022-03-15', '18:30:00', 'mon ami'),
    (730, 13, '2020-07-21', '18:30:00', 'mon ami'),
    (731, 174, '2022-06-15', '08:00:00', 'mon ami'),
    (732, 89, '2024-03-04', '15:30:00', 'mon ami'),
    (733, 124, '2022-05-13', '09:30:00', 'mon ami'),
    (734, 208, '2021-12-23', '14:00:00', 'mon ami'),
    (735, 39, '2024-04-07', '12:30:00', 'mon ami'),
    (736, 49, '2023-06-07', '08:00:00', 'moi'),
    (737, 44, '2022-05-29', '14:00:00', 'moi'),
    (738, 209, '2022-09-30', '08:00:00', 'mon ami'),
    (739, 92, '2020-04-06', '15:30:00', 'moi'),
    (740, 5, '2021-07-26', '15:30:00', 'moi'),
    (741, 188, '2021-07-20', '17:00:00', 'moi'),
    (742, 140, '2022-11-03', '12:30:00', 'mon ami'),
    (743, 120, '2021-01-13', '11:00:00', 'mon ami'),
    (744, 193, '2021-01-23', '18:30:00', 'moi'),
    (745, 72, '2021-07-07', '12:30:00', 'mon ami'),
    (746, 102, '2022-05-13', '09:30:00', 'moi'),
    (747, 188, '2022-12-04', '08:00:00', 'moi'),
    (748, 12, '2021-04-14', '09:30:00', 'mon ami'),
    (749, 19, '2025-01-02', '17:00:00', 'moi'),
    (750, 37, '2023-06-18', '12:30:00', 'mon ami'),
    (751, 120, '2022-01-04', '08:00:00', 'mon ami'),
    (752, 83, '2023-08-18', '15:30:00', 'mon ami'),
    (753, 122, '2024-06-27', '11:00:00', 'mon ami'),
    (754, 179, '2021-07-18', '09:30:00', 'mon ami'),
    (755, 131, '2022-06-03', '18:30:00', 'moi'),
    (756, 40, '2021-03-20', '15:30:00', 'moi'),
    (757, 54, '2024-11-28', '14:00:00', 'moi'),
    (758, 5, '2023-08-09', '12:30:00', 'moi'),
    (759, 79, '2021-03-16', '15:30:00', 'moi'),
    (760, 2, '2022-04-10', '12:30:00', 'mon ami'),
    (761, 62, '2023-07-24', '08:00:00', 'moi'),
    (762, 130, '2024-02-10', '17:00:00', 'moi'),
    (763, 115, '2021-12-23', '15:30:00', 'moi'),
    (764, 64, '2024-10-01', '17:00:00', 'mon ami'),
    (765, 41, '2024-01-28', '15:30:00', 'moi'),
    (766, 107, '2023-03-18', '09:30:00', 'mon ami'),
    (767, 197, '2022-05-06', '14:00:00', 'moi'),
    (768, 122, '2020-07-24', '17:00:00', 'mon ami'),
    (769, 77, '2021-05-06', '12:30:00', 'mon ami'),
    (770, 109, '2025-01-21', '14:00:00', 'mon ami'),
    (771, 31, '2024-01-04', '08:00:00', 'mon ami'),
    (772, 79, '2020-07-19', '17:00:00', 'moi'),
    (773, 106, '2021-12-04', '11:00:00', 'moi'),
    (774, 120, '2020-05-04', '14:00:00', 'mon ami'),
    (775, 16, '2020-10-28', '12:30:00', 'moi'),
    (776, 93, '2020-07-11', '11:00:00', 'mon ami'),
    (777, 5, '2020-10-07', '17:00:00', 'moi'),
    (778, 3, '2022-11-02', '09:30:00', 'mon ami'),
    (779, 30, '2024-03-29', '12:30:00', 'mon ami'),
    (780, 97, '2022-05-19', '08:00:00', 'moi'),
    (781, 155, '2020-12-22', '09:30:00', 'moi'),
    (782, 66, '2022-06-06', '09:30:00', 'mon ami'),
    (783, 126, '2022-07-16', '08:00:00', 'mon ami'),
    (784, 33, '2023-11-14', '18:30:00', 'mon ami'),
    (785, 36, '2021-06-17', '15:30:00', 'mon ami'),
    (786, 135, '2024-12-24', '11:00:00', 'mon ami'),
    (787, 49, '2021-02-03', '17:00:00', 'mon ami'),
    (788, 173, '2022-04-06', '08:00:00', 'moi'),
    (789, 94, '2021-08-01', '15:30:00', 'moi'),
    (790, 112, '2023-04-12', '11:00:00', 'moi'),
    (791, 165, '2021-12-08', '17:00:00', 'mon ami'),
    (792, 139, '2024-03-24', '11:00:00', 'moi'),
    (793, 181, '2023-09-04', '09:30:00', 'moi'),
    (794, 2, '2024-07-10', '17:00:00', 'mon ami'),
    (795, 145, '2024-03-20', '09:30:00', 'moi'),
    (796, 137, '2022-03-20', '08:00:00', 'moi'),
    (797, 167, '2021-11-05', '11:00:00', 'mon ami'),
    (798, 2, '2024-06-19', '18:30:00', 'moi'),
    (799, 126, '2022-07-19', '15:30:00', 'moi'),
    (800, 101, '2023-08-30', '12:30:00', 'moi'),
    (801, 122, '2024-08-16', '14:00:00', 'moi'),
    (802, 23, '2022-04-18', '11:00:00', 'mon ami'),
    (803, 185, '2022-05-28', '11:00:00', 'moi'),
    (804, 189, '2022-05-15', '14:00:00', 'mon ami'),
    (805, 2, '2024-02-02', '08:00:00', 'mon ami'),
    (806, 69, '2024-09-18', '18:30:00', 'moi'),
    (807, 58, '2024-11-15', '18:30:00', 'moi'),
    (808, 30, '2022-01-26', '14:00:00', 'moi'),
    (809, 100, '2021-08-23', '12:30:00', 'mon ami'),
    (810, 200, '2021-07-11', '14:00:00', 'mon ami'),
    (811, 175, '2023-01-05', '14:00:00', 'moi'),
    (812, 14, '2024-01-29', '18:30:00', 'moi'),
    (813, 9, '2022-06-03', '12:30:00', 'moi'),
    (814, 105, '2022-06-30', '15:30:00', 'moi'),
    (815, 32, '2023-11-08', '14:00:00', 'mon ami'),
    (816, 164, '2024-12-09', '08:00:00', 'moi'),
    (817, 23, '2021-11-01', '09:30:00', 'mon ami'),
    (818, 30, '2023-05-04', '15:30:00', 'mon ami'),
    (819, 46, '2022-11-08', '17:00:00', 'moi'),
    (820, 131, '2023-12-23', '11:00:00', 'moi'),
    (821, 142, '2022-09-06', '08:00:00', 'moi'),
    (822, 14, '2024-04-26', '17:00:00', 'moi'),
    (823, 155, '2024-06-10', '08:00:00', 'mon ami'),
    (824, 185, '2020-12-11', '11:00:00', 'mon ami'),
    (825, 150, '2020-12-03', '12:30:00', 'mon ami'),
    (826, 40, '2022-12-28', '14:00:00', 'mon ami'),
    (827, 204, '2021-04-07', '17:00:00', 'mon ami'),
    (828, 180, '2023-01-23', '09:30:00', 'moi'),
    (829, 163, '2024-08-15', '15:30:00', 'mon ami'),
    (830, 150, '2025-01-28', '12:30:00', 'mon ami'),
    (831, 187, '2024-04-25', '08:00:00', 'moi'),
    (832, 168, '2024-04-01', '14:00:00', 'moi'),
    (833, 52, '2023-01-28', '12:30:00', 'moi'),
    (834, 22, '2023-01-02', '08:00:00', 'moi'),
    (835, 138, '2023-07-07', '12:30:00', 'mon ami'),
    (836, 53, '2023-03-31', '17:00:00', 'mon ami'),
    (837, 120, '2024-02-21', '14:00:00', 'moi'),
    (838, 103, '2024-05-17', '15:30:00', 'mon ami'),
    (839, 195, '2022-05-14', '14:00:00', 'mon ami'),
    (840, 195, '2020-08-15', '11:00:00', 'mon ami'),
    (841, 176, '2024-11-06', '14:00:00', 'mon ami'),
    (842, 51, '2020-05-11', '17:00:00', 'mon ami'),
    (843, 13, '2022-09-14', '09:30:00', 'moi'),
    (844, 14, '2024-06-02', '11:00:00', 'moi'),
    (845, 205, '2020-09-18', '08:00:00', 'mon ami'),
    (846, 193, '2021-12-21', '09:30:00', 'moi'),
    (847, 142, '2022-08-08', '08:00:00', 'moi'),
    (848, 50, '2021-10-11', '14:00:00', 'mon ami'),
    (849, 23, '2021-02-02', '14:00:00', 'mon ami'),
    (850, 190, '2023-01-15', '18:30:00', 'mon ami'),
    (851, 19, '2020-05-01', '11:00:00', 'mon ami'),
    (852, 161, '2021-12-20', '18:30:00', 'moi'),
    (853, 200, '2021-10-02', '09:30:00', 'mon ami'),
    (854, 215, '2024-03-14', '09:30:00', 'mon ami'),
    (855, 150, '2023-12-16', '09:30:00', 'moi'),
    (856, 130, '2024-04-20', '14:00:00', 'mon ami'),
    (857, 206, '2022-04-03', '17:00:00', 'mon ami'),
    (858, 96, '2022-07-28', '12:30:00', 'moi'),
    (859, 139, '2023-01-15', '12:30:00', 'moi'),
    (860, 213, '2024-09-30', '14:00:00', 'moi'),
    (861, 23, '2024-05-06', '18:30:00', 'moi'),
    (862, 171, '2023-01-24', '08:00:00', 'moi'),
    (863, 69, '2023-04-11', '17:00:00', 'moi'),
    (864, 205, '2022-05-28', '09:30:00', 'mon ami'),
    (865, 105, '2020-07-06', '08:00:00', 'moi'),
    (866, 201, '2024-11-27', '09:30:00', 'moi'),
    (867, 175, '2022-01-23', '12:30:00', 'mon ami'),
    (868, 73, '2024-08-23', '18:30:00', 'mon ami'),
    (869, 120, '2020-05-13', '17:00:00', 'moi'),
    (870, 1, '2022-01-03', '15:30:00', 'moi'),
    (871, 213, '2022-02-26', '17:00:00', 'mon ami'),
    (872, 203, '2021-02-09', '08:00:00', 'moi'),
    (873, 168, '2021-11-20', '17:00:00', 'moi'),
    (874, 121, '2024-08-17', '15:30:00', 'mon ami'),
    (875, 180, '2023-02-22', '15:30:00', 'moi'),
    (876, 179, '2024-10-27', '17:00:00', 'mon ami'),
    (877, 143, '2023-10-15', '17:00:00', 'moi'),
    (878, 3, '2021-01-17', '11:00:00', 'moi'),
    (879, 92, '2020-07-21', '17:00:00', 'mon ami'),
    (880, 114, '2022-10-27', '17:00:00', 'mon ami'),
    (881, 174, '2022-06-25', '17:00:00', 'mon ami'),
    (882, 59, '2024-01-07', '17:00:00', 'moi'),
    (883, 193, '2021-09-13', '15:30:00', 'mon ami'),
    (884, 159, '2022-03-10', '17:00:00', 'mon ami'),
    (885, 68, '2022-09-26', '17:00:00', 'mon ami'),
    (886, 188, '2021-08-10', '12:30:00', 'mon ami'),
    (887, 80, '2020-06-13', '15:30:00', 'mon ami'),
    (888, 153, '2021-03-19', '14:00:00', 'moi'),
    (889, 70, '2021-11-13', '15:30:00', 'mon ami'),
    (890, 29, '2024-09-06', '14:00:00', 'mon ami'),
    (891, 170, '2020-10-23', '14:00:00', 'moi'),
    (892, 65, '2024-06-23', '18:30:00', 'mon ami'),
    (893, 9, '2022-04-15', '17:00:00', 'mon ami'),
    (894, 62, '2023-05-24', '15:30:00', 'moi'),
    (895, 115, '2022-12-09', '18:30:00', 'moi'),
    (896, 163, '2024-05-05', '17:00:00', 'mon ami'),
    (897, 5, '2021-08-08', '14:00:00', 'mon ami'),
    (898, 172, '2021-05-21', '18:30:00', 'mon ami'),
    (899, 54, '2022-08-09', '09:30:00', 'moi'),
    (900, 180, '2024-04-17', '18:30:00', 'moi'),
    (901, 46, '2024-11-03', '12:30:00', 'mon ami'),
    (902, 220, '2024-08-26', '15:30:00', 'mon ami'),
    (903, 126, '2024-12-28', '15:30:00', 'moi'),
    (904, 134, '2021-04-21', '14:00:00', 'mon ami'),
    (905, 52, '2020-05-30', '17:00:00', 'mon ami'),
    (906, 143, '2024-09-21', '17:00:00', 'mon ami'),
    (907, 115, '2024-03-20', '18:30:00', 'moi'),
    (908, 217, '2024-12-07', '09:30:00', 'moi'),
    (909, 13, '2023-11-04', '11:00:00', 'moi'),
    (910, 57, '2022-01-27', '18:30:00', 'mon ami'),
    (911, 129, '2021-05-21', '12:30:00', 'moi'),
    (912, 134, '2021-05-31', '14:00:00', 'mon ami'),
    (913, 114, '2022-08-03', '12:30:00', 'mon ami'),
    (914, 76, '2021-11-04', '17:00:00', 'moi'),
    (915, 134, '2022-12-11', '15:30:00', 'mon ami'),
    (916, 184, '2023-12-14', '14:00:00', 'mon ami'),
    (917, 148, '2023-09-29', '11:00:00', 'mon ami'),
    (918, 44, '2020-10-06', '09:30:00', 'moi'),
    (919, 189, '2020-06-04', '11:00:00', 'moi'),
    (920, 40, '2024-06-12', '14:00:00', 'mon ami'),
    (921, 22, '2020-07-07', '11:00:00', 'mon ami'),
    (922, 24, '2020-10-11', '08:00:00', 'mon ami'),
    (923, 64, '2020-12-05', '17:00:00', 'mon ami'),
    (924, 19, '2021-01-10', '15:30:00', 'mon ami'),
    (925, 80, '2023-04-28', '18:30:00', 'moi'),
    (926, 187, '2023-08-21', '15:30:00', 'mon ami'),
    (927, 43, '2023-05-30', '09:30:00', 'mon ami'),
    (928, 152, '2024-07-15', '15:30:00', 'mon ami'),
    (929, 79, '2022-05-21', '18:30:00', 'moi'),
    (930, 1, '2022-04-12', '17:00:00', 'mon ami'),
    (931, 204, '2020-10-16', '17:00:00', 'moi'),
    (932, 140, '2021-09-19', '17:00:00', 'mon ami'),
    (933, 20, '2020-06-26', '15:30:00', 'moi'),
    (934, 155, '2025-01-03', '12:30:00', 'moi'),
    (935, 77, '2025-01-17', '09:30:00', 'moi'),
    (936, 171, '2022-07-18', '11:00:00', 'moi'),
    (937, 20, '2023-10-06', '17:00:00', 'moi'),
    (938, 9, '2020-04-27', '15:30:00', 'mon ami'),
    (939, 140, '2024-02-13', '17:00:00', 'moi'),
    (940, 49, '2023-12-25', '18:30:00', 'moi'),
    (941, 100, '2024-12-22', '09:30:00', 'moi'),
    (942, 57, '2020-10-06', '09:30:00', 'mon ami'),
    (943, 95, '2021-09-22', '09:30:00', 'mon ami'),
    (944, 75, '2024-04-28', '09:30:00', 'moi'),
    (945, 97, '2024-04-22', '15:30:00', 'mon ami'),
    (946, 198, '2024-12-01', '17:00:00', 'mon ami'),
    (947, 94, '2022-12-14', '15:30:00', 'moi'),
    (948, 18, '2023-04-16', '08:00:00', 'mon ami'),
    (949, 43, '2024-05-13', '15:30:00', 'mon ami'),
    (950, 11, '2024-08-13', '11:00:00', 'mon ami'),
    (951, 17, '2022-03-30', '12:30:00', 'mon ami'),
    (952, 157, '2023-10-10', '11:00:00', 'moi'),
    (953, 152, '2024-03-15', '08:00:00', 'mon ami'),
    (954, 52, '2025-01-16', '14:00:00', 'mon ami'),
    (955, 52, '2024-08-12', '17:00:00', 'moi'),
    (956, 159, '2020-09-05', '17:00:00', 'mon ami'),
    (957, 82, '2023-03-30', '14:00:00', 'moi'),
    (958, 131, '2024-11-12', '18:30:00', 'moi'),
    (959, 28, '2021-10-04', '14:00:00', 'mon ami'),
    (960, 77, '2021-03-24', '09:30:00', 'mon ami'),
    (961, 189, '2021-04-09', '09:30:00', 'mon ami'),
    (962, 201, '2023-12-14', '12:30:00', 'moi'),
    (963, 99, '2023-02-20', '15:30:00', 'moi'),
    (964, 68, '2023-11-04', '15:30:00', 'mon ami'),
    (965, 125, '2024-03-20', '11:00:00', 'moi'),
    (966, 147, '2020-09-14', '08:00:00', 'mon ami'),
    (967, 210, '2024-03-31', '12:30:00', 'mon ami'),
    (968, 136, '2024-10-27', '11:00:00', 'mon ami'),
    (969, 42, '2022-06-28', '18:30:00', 'mon ami'),
    (970, 67, '2021-09-17', '12:30:00', 'mon ami'),
    (971, 142, '2024-11-26', '09:30:00', 'moi'),
    (972, 51, '2023-03-13', '15:30:00', 'mon ami'),
    (973, 149, '2020-04-30', '14:00:00', 'mon ami'),
    (974, 65, '2021-01-17', '08:00:00', 'moi'),
    (975, 164, '2023-01-29', '09:30:00', 'moi'),
    (976, 61, '2020-06-28', '11:00:00', 'mon ami'),
    (977, 143, '2021-01-20', '15:30:00', 'mon ami'),
    (978, 154, '2023-02-14', '14:00:00', 'moi'),
    (979, 200, '2020-07-26', '09:30:00', 'moi'),
    (980, 75, '2023-11-13', '15:30:00', 'mon ami'),
    (981, 20, '2023-10-06', '09:30:00', 'moi'),
    (982, 130, '2022-02-28', '15:30:00', 'mon ami'),
    (983, 162, '2020-05-20', '15:30:00', 'moi'),
    (984, 125, '2021-06-09', '15:30:00', 'mon ami'),
    (985, 102, '2021-11-22', '15:30:00', 'moi'),
    (986, 76, '2024-11-01', '17:00:00', 'moi'),
    (987, 75, '2023-06-28', '18:30:00', 'mon ami'),
    (988, 4, '2021-09-18', '09:30:00', 'moi'),
    (989, 81, '2021-01-19', '14:00:00', 'moi'),
    (990, 202, '2022-09-24', '08:00:00', 'moi'),
    (991, 172, '2022-06-29', '12:30:00', 'moi'),
    (992, 87, '2022-10-27', '17:00:00', 'moi'),
    (993, 18, '2023-06-03', '17:00:00', 'moi'),
    (994, 156, '2024-08-29', '15:30:00', 'moi'),
    (995, 215, '2023-09-06', '15:30:00', 'mon ami'),
    (996, 152, '2022-07-22', '09:30:00', 'mon ami'),
    (997, 9, '2024-11-20', '11:00:00', 'mon ami'),
    (998, 128, '2024-03-31', '18:30:00', 'mon ami'),
    (999, 176, '2022-06-24', '12:30:00', 'moi'),
    (1000, 53, '2022-09-16', '17:00:00', 'mon ami'),
    (1001, 133, '2021-07-04', '17:00:00', 'moi'),
    (1002, 95, '2023-12-02', '08:00:00', 'moi'),
    (1003, 125, '2022-04-12', '12:30:00', 'mon ami'),
    (1004, 174, '2023-02-23', '12:30:00', 'moi'),
    (1005, 67, '2023-03-31', '08:00:00', 'mon ami'),
    (1006, 113, '2021-07-15', '11:00:00', 'moi'),
    (1007, 203, '2022-02-18', '17:00:00', 'moi'),
    (1008, 113, '2020-09-11', '15:30:00', 'mon ami'),
    (1009, 176, '2022-03-11', '12:30:00', 'moi'),
    (1010, 103, '2023-06-08', '12:30:00', 'moi'),
    (1011, 105, '2022-05-09', '14:00:00', 'mon ami'),
    (1012, 21, '2021-02-12', '11:00:00', 'moi'),
    (1013, 145, '2024-12-19', '14:00:00', 'mon ami'),
    (1014, 24, '2022-07-21', '17:00:00', 'moi'),
    (1015, 143, '2023-08-31', '12:30:00', 'moi'),
    (1016, 55, '2023-08-01', '09:30:00', 'moi'),
    (1017, 163, '2023-04-03', '15:30:00', 'moi'),
    (1018, 57, '2023-07-28', '15:30:00', 'moi'),
    (1019, 110, '2022-01-12', '17:00:00', 'mon ami'),
    (1020, 59, '2020-05-29', '12:30:00', 'mon ami'),
    (1021, 41, '2020-08-26', '15:30:00', 'mon ami'),
    (1022, 122, '2023-12-08', '11:00:00', 'mon ami'),
    (1023, 39, '2022-10-02', '08:00:00', 'moi'),
    (1024, 15, '2022-12-19', '17:00:00', 'mon ami'),
    (1025, 212, '2021-05-09', '17:00:00', 'moi'),
    (1026, 188, '2023-04-24', '18:30:00', 'mon ami'),
    (1027, 157, '2024-02-19', '11:00:00', 'mon ami'),
    (1028, 198, '2021-02-08', '12:30:00', 'mon ami'),
    (1029, 219, '2022-11-01', '09:30:00', 'mon ami'),
    (1030, 51, '2024-12-20', '08:00:00', 'moi'),
    (1031, 58, '2021-06-28', '15:30:00', 'mon ami'),
    (1032, 29, '2021-06-14', '11:00:00', 'mon ami'),
    (1033, 210, '2023-09-22', '17:00:00', 'moi'),
    (1034, 94, '2024-01-16', '17:00:00', 'moi'),
    (1035, 117, '2023-06-15', '12:30:00', 'moi'),
    (1036, 215, '2023-09-24', '12:30:00', 'moi'),
    (1037, 146, '2020-08-29', '12:30:00', 'moi'),
    (1038, 105, '2023-11-24', '08:00:00', 'mon ami'),
    (1039, 104, '2023-09-01', '15:30:00', 'moi'),
    (1040, 93, '2022-07-14', '12:30:00', 'mon ami'),
    (1041, 104, '2022-10-26', '11:00:00', 'moi'),
    (1042, 215, '2021-07-16', '08:00:00', 'mon ami'),
    (1043, 9, '2024-05-01', '12:30:00', 'mon ami'),
    (1044, 157, '2021-09-29', '08:00:00', 'mon ami'),
    (1045, 148, '2021-10-23', '11:00:00', 'mon ami'),
    (1046, 193, '2021-01-26', '18:30:00', 'moi'),
    (1047, 138, '2023-07-18', '15:30:00', 'mon ami'),
    (1048, 198, '2021-06-16', '08:00:00', 'mon ami'),
    (1049, 187, '2022-10-27', '14:00:00', 'mon ami'),
    (1050, 160, '2021-02-14', '15:30:00', 'mon ami'),
    (1051, 208, '2022-01-08', '15:30:00', 'moi'),
    (1052, 144, '2022-07-05', '18:30:00', 'mon ami'),
    (1053, 175, '2020-05-27', '11:00:00', 'moi'),
    (1054, 2, '2020-08-21', '09:30:00', 'mon ami'),
    (1055, 61, '2024-07-04', '08:00:00', 'mon ami'),
    (1056, 156, '2023-02-02', '08:00:00', 'moi'),
    (1057, 60, '2021-12-29', '09:30:00', 'mon ami'),
    (1058, 31, '2020-08-15', '14:00:00', 'mon ami'),
    (1059, 89, '2024-09-17', '09:30:00', 'moi'),
    (1060, 131, '2024-02-02', '18:30:00', 'mon ami'),
    (1061, 184, '2024-10-20', '09:30:00', 'moi'),
    (1062, 168, '2020-09-27', '11:00:00', 'mon ami'),
    (1063, 73, '2021-10-16', '18:30:00', 'mon ami'),
    (1064, 206, '2021-08-07', '12:30:00', 'mon ami'),
    (1065, 186, '2024-01-30', '14:00:00', 'moi'),
    (1066, 19, '2024-03-25', '17:00:00', 'moi'),
    (1067, 73, '2022-01-19', '09:30:00', 'mon ami'),
    (1068, 163, '2023-06-23', '14:00:00', 'moi'),
    (1069, 9, '2021-06-23', '18:30:00', 'mon ami'),
    (1070, 163, '2023-10-01', '12:30:00', 'moi'),
    (1071, 37, '2024-12-20', '18:30:00', 'mon ami'),
    (1072, 62, '2021-12-30', '08:00:00', 'mon ami'),
    (1073, 97, '2021-12-01', '11:00:00', 'mon ami'),
    (1074, 115, '2021-01-06', '18:30:00', 'mon ami'),
    (1075, 192, '2024-08-12', '18:30:00', 'mon ami'),
    (1076, 56, '2023-01-27', '12:30:00', 'moi'),
    (1077, 46, '2021-06-15', '18:30:00', 'moi'),
    (1078, 122, '2020-08-02', '17:00:00', 'moi'),
    (1079, 196, '2020-08-01', '14:00:00', 'mon ami'),
    (1080, 152, '2022-10-29', '12:30:00', 'moi'),
    (1081, 97, '2024-02-10', '08:00:00', 'moi'),
    (1082, 139, '2021-03-10', '18:30:00', 'mon ami'),
    (1083, 108, '2020-05-31', '15:30:00', 'moi'),
    (1084, 159, '2021-10-08', '11:00:00', 'mon ami'),
    (1085, 57, '2023-09-23', '12:30:00', 'mon ami'),
    (1086, 117, '2021-02-22', '09:30:00', 'mon ami'),
    (1087, 109, '2022-11-15', '14:00:00', 'mon ami'),
    (1088, 72, '2020-09-23', '09:30:00', 'moi'),
    (1089, 135, '2024-08-21', '11:00:00', 'mon ami'),
    (1090, 167, '2020-04-07', '12:30:00', 'mon ami'),
    (1091, 211, '2023-01-07', '09:30:00', 'mon ami'),
    (1092, 180, '2021-06-26', '09:30:00', 'moi'),
    (1093, 157, '2024-03-27', '18:30:00', 'mon ami'),
    (1094, 116, '2022-11-05', '18:30:00', 'moi'),
    (1095, 98, '2023-03-23', '09:30:00', 'mon ami'),
    (1096, 164, '2024-04-03', '12:30:00', 'moi'),
    (1097, 168, '2023-09-07', '18:30:00', 'mon ami'),
    (1098, 122, '2021-12-01', '12:30:00', 'mon ami'),
    (1099, 92, '2023-09-14', '11:00:00', 'mon ami'),
    (1100, 39, '2022-10-17', '15:30:00', 'moi'),
    (1101, 89, '2023-10-17', '11:00:00', 'moi'),
    (1102, 159, '2024-06-14', '14:00:00', 'mon ami'),
    (1103, 101, '2023-11-11', '11:00:00', 'mon ami'),
    (1104, 144, '2020-06-04', '08:00:00', 'mon ami'),
    (1105, 198, '2022-07-30', '15:30:00', 'mon ami'),
    (1106, 200, '2024-05-15', '14:00:00', 'mon ami'),
    (1107, 80, '2022-11-13', '12:30:00', 'mon ami'),
    (1108, 23, '2022-07-11', '14:00:00', 'mon ami'),
    (1109, 206, '2023-02-20', '14:00:00', 'moi'),
    (1110, 168, '2020-07-25', '15:30:00', 'mon ami'),
    (1111, 74, '2023-04-30', '15:30:00', 'moi'),
    (1112, 17, '2023-05-08', '17:00:00', 'moi'),
    (1113, 119, '2020-11-06', '18:30:00', 'moi'),
    (1114, 150, '2020-11-15', '15:30:00', 'moi');
INSERT INTO COURSE (
        IDCOURSE,
        IDCOURSIER,
        IDCB,
        IDADRESSE,
        IDRESERVATION,
        ADR_IDADRESSE,
        IDPRESTATION,
        DATECOURSE,
        HEURECOURSE,
        PRIXCOURSE,
        STATUTCOURSE,
        NOTECOURSE,
        COMMENTAIRECOURSE,
        POURBOIRE,
        DISTANCE,
        TEMPS
    )
VALUES (
        1,
        NULL,
        7,
        32,
        50,
        56,
        7,
        '2024-12-10',
        '08:30:00',
        15.00,
        'En attente',
        NULL,
        NULL,
        NULL,
        3.0,
        10
    ),
    (
        2,
        NULL,
        6,
        35,
        51,
        59,
        6,
        '2024-12-11',
        '09:00:00',
        25.00,
        'En attente',
        NULL,
        NULL,
        NULL,
        5.0,
        20
    ),
    (
        3,
        3,
        4,
        37,
        52,
        46,
        7,
        '2024-12-09',
        '14:15:00',
        4.50,
        'Annulée',
        NULL,
        NULL,
        NULL,
        7.0,
        30
    ),
    (
        4,
        49,
        7,
        70,
        53,
        55,
        3,
        '2024-12-10',
        '15:45:00',
        45.00,
        'En cours',
        NULL,
        NULL,
        NULL,
        10.0,
        50
    ),
    (
        5,
        24,
        8,
        78,
        54,
        8,
        1,
        '2024-12-08',
        '11:30:00',
        80.00,
        'Terminée',
        4.5,
        'Service rapide',
        10.00,
        15.0,
        60
    ),
    (
        6,
        37,
        5,
        18,
        55,
        14,
        7,
        '2024-12-09',
        '13:00:00',
        50.00,
        'Terminée',
        3.5,
        'Bon service',
        5.00,
        8.0,
        30
    ),
    (
        7,
        NULL,
        3,
        16,
        56,
        39,
        3,
        '2024-12-11',
        '10:00:00',
        12.00,
        'En attente',
        NULL,
        NULL,
        NULL,
        2.5,
        10
    ),
    (
        8,
        69,
        1,
        89,
        57,
        31,
        2,
        '2024-12-07',
        '16:20:00',
        40.00,
        'Terminée',
        4.0,
        'Efficace',
        8.00,
        12.0,
        45
    ),
    (
        9,
        11,
        4,
        92,
        58,
        74,
        2,
        '2024-12-08',
        '17:10:00',
        30.00,
        'En cours',
        NULL,
        NULL,
        NULL,
        9.0,
        40
    ),
    (
        10,
        14,
        5,
        82,
        60,
        44,
        2,
        '2024-12-10',
        '14:00:00',
        25.00,
        'En cours',
        NULL,
        NULL,
        NULL,
        4.0,
        15
    ),
    (
        11,
        65,
        1,
        37,
        61,
        17,
        1,
        '2024-12-09',
        '08:00:00',
        90.00,
        'Terminée',
        5.0,
        'Parfait',
        15.00,
        20.0,
        70
    ),
    (
        12,
        26,
        6,
        24,
        62,
        88,
        5,
        '2024-12-10',
        '11:45:00',
        55.00,
        'En cours',
        NULL,
        NULL,
        NULL,
        7.0,
        25
    ),
    (
        13,
        35,
        1,
        27,
        63,
        74,
        1,
        '2024-12-11',
        '09:30:00',
        10.00,
        'En cours',
        NULL,
        NULL,
        NULL,
        2.0,
        15
    ),
    (
        14,
        29,
        6,
        26,
        64,
        11,
        5,
        '2024-12-09',
        '10:45:00',
        65.00,
        'En cours',
        NULL,
        NULL,
        NULL,
        12.0,
        50
    ),
    (
        15,
        36,
        7,
        18,
        65,
        4,
        5,
        '2024-12-08',
        '12:15:00',
        20.00,
        'Terminée',
        3.0,
        'Bon service',
        4.00,
        5.0,
        25
    ),
    (
        16,
        40,
        10,
        46,
        66,
        35,
        4,
        '2024-12-10',
        '13:30:00',
        75.00,
        'Terminée',
        4.8,
        'Rapide et efficace',
        12.00,
        15.0,
        60
    ),
    (
        17,
        20,
        3,
        25,
        67,
        49,
        7,
        '2024-12-09',
        '08:00:00',
        7.50,
        'Annulée',
        NULL,
        NULL,
        NULL,
        5.0,
        20
    ),
    (
        18,
        28,
        10,
        96,
        68,
        6,
        7,
        '2024-12-11',
        '10:15:00',
        30.00,
        'En cours',
        NULL,
        NULL,
        NULL,
        3.0,
        15
    ),
    (
        19,
        NULL,
        1,
        88,
        69,
        31,
        3,
        '2024-12-07',
        '16:45:00',
        8.00,
        'En attente',
        NULL,
        NULL,
        NULL,
        1.5,
        5
    ),
    (
        20,
        NULL,
        6,
        30,
        70,
        7,
        4,
        '2024-12-08',
        '17:20:00',
        70.00,
        'En attente',
        NULL,
        NULL,
        NULL,
        18.0,
        50
    ),
    (
        21,
        NULL,
        5,
        93,
        71,
        72,
        2,
        '2024-12-09',
        '14:00:00',
        20.00,
        'En attente',
        NULL,
        NULL,
        NULL,
        5.0,
        25
    ),
    (
        22,
        37,
        5,
        67,
        72,
        96,
        6,
        '2024-12-10',
        '11:00:00',
        50.00,
        'En cours',
        NULL,
        NULL,
        NULL,
        10.0,
        40
    ),
    (
        23,
        NULL,
        8,
        5,
        73,
        30,
        3,
        '2024-12-11',
        '09:45:00',
        15.00,
        'En attente',
        NULL,
        NULL,
        NULL,
        4.0,
        15
    ),
    (
        24,
        48,
        1,
        7,
        74,
        30,
        5,
        '2024-12-08',
        '13:30:00',
        80.00,
        'Terminée',
        4.5,
        'Très satisfait',
        12.00,
        16.0,
        60
    ),
    (
        25,
        NULL,
        10,
        38,
        75,
        58,
        2,
        '2024-12-09',
        '15:45:00',
        18.00,
        'En attente',
        NULL,
        NULL,
        NULL,
        3.0,
        10
    ),
    (
        26,
        58,
        3,
        18,
        76,
        14,
        5,
        '2024-12-10',
        '16:30:00',
        60.00,
        'En cours',
        NULL,
        NULL,
        NULL,
        15.0,
        50
    ),
    (
        27,
        47,
        6,
        97,
        77,
        38,
        2,
        '2024-12-11',
        '14:15:00',
        10.00,
        'Annulée',
        NULL,
        NULL,
        NULL,
        12.0,
        45
    ),
    (
        28,
        58,
        6,
        62,
        78,
        39,
        7,
        '2024-12-07',
        '08:30:00',
        5.00,
        'Annulée',
        NULL,
        NULL,
        NULL,
        10.0,
        35
    ),
    (
        29,
        49,
        4,
        23,
        79,
        42,
        3,
        '2024-12-08',
        '17:00:00',
        30.00,
        'En cours',
        NULL,
        NULL,
        NULL,
        8.0,
        30
    ),
    (
        30,
        11,
        2,
        94,
        80,
        27,
        6,
        '2024-12-09',
        '11:30:00',
        4.00,
        'Annulée',
        NULL,
        NULL,
        NULL,
        4.0,
        15
    ),
    (
        31,
        NULL,
        2,
        83,
        81,
        13,
        5,
        '2024-12-11',
        '15:45:00',
        25.00,
        'En attente',
        NULL,
        NULL,
        NULL,
        6.0,
        20
    ),
    (
        32,
        35,
        1,
        55,
        82,
        42,
        3,
        '2024-12-10',
        '16:00:00',
        6.00,
        'Annulée',
        NULL,
        NULL,
        NULL,
        5.0,
        20
    ),
    (
        33,
        36,
        5,
        8,
        83,
        6,
        4,
        '2024-12-09',
        '17:20:00',
        40.00,
        'En cours',
        NULL,
        NULL,
        NULL,
        9.0,
        30
    ),
    (
        34,
        NULL,
        3,
        25,
        84,
        89,
        3,
        '2024-12-08',
        '10:30:00',
        20.00,
        'En attente',
        NULL,
        NULL,
        NULL,
        7.0,
        25
    ),
    (
        35,
        35,
        10,
        31,
        85,
        76,
        1,
        '2024-12-09',
        '08:45:00',
        10.00,
        'En cours',
        NULL,
        NULL,
        NULL,
        2.0,
        5
    ),
    (
        36,
        NULL,
        10,
        79,
        86,
        32,
        6,
        '2024-12-11',
        '12:30:00',
        22.00,
        'En attente',
        NULL,
        NULL,
        NULL,
        3.5,
        12
    ),
    (
        37,
        NULL,
        4,
        100,
        87,
        56,
        4,
        '2024-12-07',
        '11:15:00',
        30.00,
        'En attente',
        NULL,
        NULL,
        NULL,
        6.0,
        20
    ),
    (
        38,
        NULL,
        9,
        49,
        88,
        44,
        6,
        '2024-12-08',
        '16:50:00',
        90.00,
        'En attente',
        NULL,
        NULL,
        NULL,
        18.0,
        60
    ),
    (
        39,
        3,
        6,
        93,
        89,
        55,
        2,
        '2024-12-09',
        '13:00:00',
        85.00,
        'Terminée',
        5.0,
        'Excellente prestation',
        10.00,
        16.0,
        55
    ),
    (
        40,
        15,
        9,
        24,
        90,
        84,
        3,
        '2024-12-10',
        '14:45:00',
        35.00,
        'Terminée',
        4.0,
        'Bon travail',
        6.00,
        12.0,
        40
    ),
    (
        41,
        14,
        4,
        86,
        91,
        63,
        7,
        '2024-12-07',
        '12:30:00',
        40.00,
        'En cours',
        NULL,
        NULL,
        NULL,
        8.0,
        25
    ),
    (
        42,
        NULL,
        5,
        54,
        92,
        30,
        7,
        '2024-12-09',
        '11:15:00',
        18.00,
        'En attente',
        NULL,
        NULL,
        NULL,
        4.0,
        15
    ),
    (
        43,
        15,
        6,
        72,
        93,
        56,
        2,
        '2024-12-08',
        '15:30:00',
        7.00,
        'Annulée',
        NULL,
        NULL,
        NULL,
        5.0,
        20
    ),
    (
        44,
        14,
        3,
        37,
        94,
        75,
        5,
        '2024-12-11',
        '13:20:00',
        55.00,
        'En cours',
        NULL,
        NULL,
        NULL,
        10.0,
        30
    ),
    (
        45,
        29,
        5,
        25,
        95,
        83,
        5,
        '2024-12-10',
        '16:10:00',
        6.00,
        'Annulée',
        NULL,
        NULL,
        NULL,
        6.0,
        20
    ),
    (
        46,
        26,
        2,
        10,
        96,
        9,
        2,
        '2024-12-09',
        '09:45:00',
        4.00,
        'Annulée',
        NULL,
        NULL,
        NULL,
        3.0,
        10
    ),
    (
        47,
        24,
        2,
        82,
        97,
        80,
        5,
        '2024-12-08',
        '11:00:00',
        85.00,
        'Terminée',
        5.0,
        'Service impeccable',
        10.00,
        15.0,
        45
    ),
    (
        48,
        22,
        6,
        44,
        98,
        28,
        2,
        '2024-12-07',
        '14:15:00',
        95.00,
        'Terminée',
        4.8,
        'Très satisfait',
        12.00,
        18.0,
        50
    ),
    (
        49,
        20,
        5,
        63,
        99,
        39,
        4,
        '2024-12-11',
        '15:30:00',
        20.00,
        'En cours',
        NULL,
        NULL,
        NULL,
        5.0,
        15
    ),
    (
        50,
        NULL,
        3,
        64,
        100,
        20,
        6,
        '2024-12-08',
        '10:15:00',
        35.00,
        'En attente',
        NULL,
        NULL,
        NULL,
        7.0,
        25
    ),
    (
        51,
        18,
        1,
        45,
        101,
        33,
        4,
        '2024-09-15',
        '14:30:00',
        30.00,
        'Terminée',
        4.5,
        'Bon service',
        5.00,
        8.0,
        20
    ),
    (
        52,
        NULL,
        2,
        55,
        102,
        40,
        6,
        '2024-09-17',
        '10:00:00',
        25.00,
        'En attente',
        NULL,
        NULL,
        NULL,
        6.0,
        25
    ),
    (
        53,
        12,
        3,
        35,
        103,
        22,
        5,
        '2024-09-18',
        '12:15:00',
        15.00,
        'En cours',
        NULL,
        NULL,
        NULL,
        4.0,
        15
    ),
    (
        54,
        25,
        4,
        77,
        104,
        66,
        7,
        '2024-10-01',
        '16:00:00',
        40.00,
        'Terminée',
        4.8,
        'Rapide',
        10.00,
        10.0,
        35
    ),
    (
        55,
        NULL,
        5,
        61,
        105,
        11,
        3,
        '2024-10-05',
        '09:45:00',
        50.00,
        'En attente',
        NULL,
        NULL,
        NULL,
        15.0,
        40
    ),
    (
        56,
        19,
        1,
        34,
        106,
        15,
        2,
        '2024-11-12',
        '11:30:00',
        20.00,
        'Terminée',
        4.2,
        'Satisfaisant',
        5.00,
        7.0,
        25
    ),
    (
        57,
        NULL,
        3,
        89,
        107,
        28,
        5,
        '2024-11-20',
        '13:45:00',
        75.00,
        'En attente',
        NULL,
        NULL,
        NULL,
        20.0,
        50
    ),
    (
        58,
        34,
        4,
        45,
        108,
        33,
        6,
        '2024-12-05',
        '15:00:00',
        65.00,
        'En cours',
        NULL,
        NULL,
        NULL,
        12.0,
        45
    ),
    (
        59,
        42,
        5,
        88,
        109,
        22,
        7,
        '2024-12-25',
        '18:15:00',
        90.00,
        'Terminée',
        5.0,
        'Excellente prestation',
        15.00,
        25.0,
        60
    ),
    (
        60,
        39,
        6,
        66,
        110,
        19,
        3,
        '2025-01-03',
        '11:00:00',
        25.00,
        'Terminée',
        4.0,
        'Bon travail',
        5.00,
        5.0,
        15
    ),
    (
        61,
        NULL,
        4,
        77,
        111,
        66,
        5,
        '2025-01-10',
        '13:30:00',
        30.00,
        'En attente',
        NULL,
        NULL,
        NULL,
        8.0,
        25
    ),
    (
        62,
        28,
        7,
        43,
        112,
        10,
        4,
        '2025-01-12',
        '17:45:00',
        70.00,
        'Terminée',
        4.5,
        'Service impeccable',
        12.00,
        18.0,
        50
    ),
    (
        63,
        16,
        2,
        21,
        113,
        50,
        2,
        '2025-01-15',
        '09:15:00',
        45.00,
        'En cours',
        NULL,
        NULL,
        NULL,
        10.0,
        30
    ),
    (
        64,
        NULL,
        1,
        100,
        114,
        74,
        6,
        '2025-01-20',
        '12:00:00',
        35.00,
        'En attente',
        NULL,
        NULL,
        NULL,
        6.0,
        20
    ),
    (
        65,
        52,
        6,
        122,
        231,
        60,
        5,
        '2021-02-02',
        '15:30:00',
        69.95,
        'Annulée',
        NULL,
        NULL,
        NULL,
        26,
        38
    ),
    (
        66,
        69,
        1,
        142,
        540,
        18,
        1,
        '2022-10-01',
        '15:30:00',
        27.6,
        'Annulée',
        NULL,
        NULL,
        NULL,
        50,
        38
    ),
    (
        67,
        1,
        9,
        39,
        338,
        106,
        3,
        '2024-01-09',
        '17:00:00',
        64.51,
        'En cours',
        NULL,
        NULL,
        NULL,
        33,
        59
    ),
    (
        68,
        56,
        5,
        59,
        785,
        134,
        1,
        '2021-07-20',
        '11:00:00',
        72.16,
        'En attente',
        NULL,
        NULL,
        NULL,
        25,
        53
    ),
    (
        69,
        68,
        2,
        22,
        904,
        16,
        7,
        '2022-08-25',
        '18:30:00',
        92.27,
        'Terminée',
        4.0,
        'Rapide',
        12.0,
        44,
        44
    ),
    (
        70,
        NULL,
        3,
        142,
        461,
        114,
        5,
        '2022-05-24',
        '18:30:00',
        25.29,
        'Réservée',
        NULL,
        NULL,
        NULL,
        34,
        56
    ),
    (
        71,
        50,
        5,
        21,
        498,
        20,
        1,
        '2020-10-03',
        '09:30:00',
        46.12,
        'Annulée',
        NULL,
        NULL,
        NULL,
        28,
        24
    ),
    (
        72,
        NULL,
        10,
        77,
        1006,
        180,
        5,
        '2024-08-07',
        '17:00:00',
        46.13,
        'Terminée',
        NULL,
        NULL,
        NULL,
        44,
        45
    ),
    (
        73,
        13,
        6,
        66,
        644,
        42,
        5,
        '2024-10-06',
        '17:00:00',
        81.12,
        'Annulée',
        NULL,
        NULL,
        NULL,
        31,
        57
    ),
    (
        74,
        NULL,
        4,
        155,
        849,
        27,
        7,
        '2021-12-22',
        '17:00:00',
        38.67,
        'Terminée',
        NULL,
        NULL,
        NULL,
        44,
        35
    ),
    (
        75,
        9,
        1,
        33,
        309,
        182,
        7,
        '2021-01-08',
        '08:00:00',
        99.55,
        'Réservée',
        NULL,
        NULL,
        NULL,
        21,
        58
    ),
    (
        76,
        12,
        10,
        167,
        539,
        41,
        7,
        '2023-06-10',
        '14:00:00',
        15.13,
        'Annulée',
        NULL,
        NULL,
        NULL,
        23,
        49
    ),
    (
        77,
        NULL,
        1,
        96,
        1015,
        82,
        2,
        '2020-11-24',
        '11:00:00',
        86.45,
        'Réservée',
        NULL,
        NULL,
        NULL,
        49,
        24
    ),
    (
        78,
        NULL,
        10,
        166,
        762,
        149,
        4,
        '2020-05-20',
        '08:00:00',
        80.8,
        'Réservée',
        NULL,
        NULL,
        NULL,
        16,
        22
    ),
    (
        79,
        17,
        10,
        73,
        837,
        152,
        5,
        '2020-08-28',
        '11:00:00',
        28.33,
        'Réservée',
        NULL,
        NULL,
        NULL,
        44,
        24
    ),
    (
        80,
        NULL,
        9,
        26,
        798,
        21,
        2,
        '2024-01-07',
        '09:30:00',
        15.97,
        'Annulée',
        NULL,
        NULL,
        NULL,
        37,
        45
    ),
    (
        81,
        11,
        6,
        18,
        577,
        146,
        5,
        '2023-04-20',
        '17:00:00',
        85.71,
        'En attente',
        NULL,
        NULL,
        NULL,
        42,
        38
    ),
    (
        82,
        NULL,
        7,
        11,
        470,
        142,
        1,
        '2022-03-13',
        '15:30:00',
        92.12,
        'Terminée',
        NULL,
        NULL,
        NULL,
        31,
        18
    ),
    (
        83,
        NULL,
        8,
        158,
        708,
        76,
        2,
        '2020-10-24',
        '12:30:00',
        52.23,
        'En cours',
        NULL,
        NULL,
        NULL,
        30,
        33
    ),
    (
        84,
        NULL,
        10,
        27,
        736,
        97,
        2,
        '2021-02-17',
        '09:30:00',
        22.97,
        'En attente',
        NULL,
        NULL,
        NULL,
        36,
        14
    ),
    (
        85,
        45,
        2,
        30,
        874,
        167,
        1,
        '2024-01-20',
        '18:30:00',
        81.56,
        'Terminée',
        5.0,
        'Satisfaisant',
        10.0,
        18,
        26
    ),
    (
        86,
        4,
        2,
        118,
        430,
        23,
        4,
        '2024-06-15',
        '11:00:00',
        56.89,
        'En cours',
        NULL,
        NULL,
        NULL,
        21,
        39
    ),
    (
        87,
        30,
        2,
        5,
        102,
        159,
        1,
        '2021-12-15',
        '09:30:00',
        26.5,
        'Annulée',
        NULL,
        NULL,
        NULL,
        40,
        40
    ),
    (
        88,
        1,
        7,
        151,
        915,
        111,
        6,
        '2022-10-04',
        '15:30:00',
        71.84,
        'Réservée',
        NULL,
        NULL,
        NULL,
        35,
        15
    ),
    (
        89,
        59,
        6,
        106,
        597,
        47,
        7,
        '2020-10-13',
        '11:00:00',
        25.37,
        'Réservée',
        NULL,
        NULL,
        NULL,
        45,
        52
    ),
    (
        90,
        52,
        1,
        171,
        888,
        137,
        6,
        '2022-12-06',
        '18:30:00',
        28.24,
        'En attente',
        NULL,
        NULL,
        NULL,
        38,
        10
    ),
    (
        91,
        33,
        6,
        163,
        136,
        82,
        1,
        '2023-09-26',
        '14:00:00',
        63.68,
        'Terminée',
        NULL,
        NULL,
        NULL,
        50,
        44
    ),
    (
        92,
        22,
        6,
        113,
        967,
        25,
        7,
        '2020-11-01',
        '09:30:00',
        44.17,
        'En attente',
        NULL,
        NULL,
        NULL,
        22,
        25
    ),
    (
        93,
        43,
        8,
        153,
        1001,
        113,
        3,
        '2020-08-03',
        '11:00:00',
        42.66,
        'En attente',
        NULL,
        NULL,
        NULL,
        15,
        11
    ),
    (
        94,
        42,
        8,
        159,
        362,
        84,
        2,
        '2022-03-29',
        '11:00:00',
        33.59,
        'Terminée',
        3.0,
        'Rapide',
        10.0,
        42,
        40
    ),
    (
        95,
        27,
        1,
        71,
        423,
        136,
        4,
        '2023-12-21',
        '09:30:00',
        59.67,
        'Annulée',
        NULL,
        NULL,
        NULL,
        23,
        14
    ),
    (
        96,
        NULL,
        7,
        165,
        574,
        67,
        2,
        '2020-04-22',
        '17:00:00',
        20.54,
        'Terminée',
        NULL,
        NULL,
        NULL,
        16,
        35
    ),
    (
        97,
        37,
        9,
        144,
        285,
        115,
        4,
        '2021-01-10',
        '11:00:00',
        32.62,
        'Terminée',
        NULL,
        NULL,
        NULL,
        47,
        10
    ),
    (
        98,
        NULL,
        3,
        174,
        704,
        46,
        1,
        '2023-04-20',
        '14:00:00',
        33.77,
        'Annulée',
        NULL,
        NULL,
        NULL,
        45,
        37
    ),
    (
        99,
        6,
        1,
        129,
        512,
        183,
        4,
        '2023-02-11',
        '17:00:00',
        44.13,
        'En attente',
        NULL,
        NULL,
        NULL,
        25,
        16
    ),
    (
        100,
        54,
        6,
        96,
        192,
        162,
        7,
        '2020-07-15',
        '08:00:00',
        87.86,
        'Terminée',
        3.0,
        'Rapide',
        5.0,
        20,
        15
    ),
    (
        101,
        38,
        7,
        100,
        174,
        71,
        2,
        '2024-01-06',
        '09:30:00',
        54.08,
        'En attente',
        NULL,
        NULL,
        NULL,
        30,
        13
    ),
    (
        102,
        23,
        7,
        21,
        877,
        103,
        5,
        '2023-07-17',
        '08:00:00',
        71.21,
        'Réservée',
        NULL,
        NULL,
        NULL,
        19,
        12
    ),
    (
        103,
        31,
        2,
        102,
        1023,
        40,
        5,
        '2024-01-03',
        '11:00:00',
        57.15,
        'Réservée',
        NULL,
        NULL,
        NULL,
        33,
        43
    ),
    (
        104,
        NULL,
        8,
        131,
        334,
        82,
        7,
        '2022-04-29',
        '11:00:00',
        39.0,
        'Annulée',
        NULL,
        NULL,
        NULL,
        20,
        11
    ),
    (
        105,
        65,
        7,
        49,
        1000,
        143,
        1,
        '2024-03-03',
        '09:30:00',
        57.03,
        'En attente',
        NULL,
        NULL,
        NULL,
        45,
        18
    ),
    (
        106,
        15,
        8,
        149,
        280,
        31,
        2,
        '2020-11-25',
        '14:00:00',
        35.37,
        'En attente',
        NULL,
        NULL,
        NULL,
        7,
        10
    ),
    (
        107,
        33,
        1,
        119,
        903,
        18,
        2,
        '2023-12-16',
        '12:30:00',
        78.48,
        'Annulée',
        NULL,
        NULL,
        NULL,
        35,
        47
    ),
    (
        108,
        NULL,
        3,
        48,
        967,
        177,
        5,
        '2024-01-21',
        '15:30:00',
        95.12,
        'En cours',
        NULL,
        NULL,
        NULL,
        20,
        42
    ),
    (
        109,
        7,
        2,
        143,
        176,
        173,
        4,
        '2024-06-02',
        '18:30:00',
        60.99,
        'En attente',
        NULL,
        NULL,
        NULL,
        14,
        53
    ),
    (
        110,
        NULL,
        6,
        172,
        977,
        49,
        4,
        '2020-12-23',
        '09:30:00',
        58.36,
        'Terminée',
        5.0,
        'Rapide',
        15.0,
        7,
        24
    ),
    (
        111,
        24,
        10,
        65,
        757,
        132,
        5,
        '2022-06-21',
        '17:00:00',
        41.74,
        'Terminée',
        4.5,
        NULL,
        NULL,
        24,
        25
    ),
    (
        112,
        39,
        9,
        74,
        402,
        151,
        1,
        '2020-07-08',
        '15:30:00',
        27.83,
        'Terminée',
        3.0,
        'Bon travail',
        15.0,
        25,
        46
    ),
    (
        113,
        70,
        9,
        97,
        562,
        66,
        6,
        '2024-01-10',
        '18:30:00',
        71.36,
        'Réservée',
        NULL,
        NULL,
        NULL,
        21,
        36
    ),
    (
        114,
        NULL,
        9,
        29,
        178,
        19,
        6,
        '2021-11-29',
        '18:30:00',
        38.79,
        'Terminée',
        5.0,
        'Rapide',
        15.0,
        16,
        59
    ),
    (
        115,
        39,
        7,
        44,
        380,
        87,
        1,
        '2023-03-29',
        '11:00:00',
        73.65,
        'Annulée',
        NULL,
        NULL,
        NULL,
        14,
        47
    ),
    (
        116,
        41,
        5,
        29,
        467,
        43,
        3,
        '2023-03-31',
        '12:30:00',
        88.91,
        'En cours',
        NULL,
        NULL,
        NULL,
        35,
        38
    ),
    (
        117,
        42,
        4,
        75,
        101,
        133,
        3,
        '2024-12-05',
        '11:00:00',
        79.55,
        'Terminée',
        4.5,
        'Bon travail',
        NULL,
        13,
        52
    ),
    (
        118,
        NULL,
        6,
        5,
        697,
        122,
        2,
        '2020-11-26',
        '17:00:00',
        36.28,
        'En cours',
        NULL,
        NULL,
        NULL,
        28,
        21
    ),
    (
        119,
        60,
        6,
        91,
        971,
        85,
        7,
        '2024-06-13',
        '09:30:00',
        27.88,
        'Terminée',
        4.5,
        'Bon travail',
        12.0,
        44,
        26
    ),
    (
        120,
        68,
        6,
        136,
        828,
        106,
        5,
        '2020-10-31',
        '09:30:00',
        13.81,
        'En attente',
        NULL,
        NULL,
        NULL,
        36,
        58
    ),
    (
        121,
        62,
        5,
        68,
        346,
        38,
        3,
        '2022-08-04',
        '18:30:00',
        24.1,
        'Annulée',
        NULL,
        NULL,
        NULL,
        25,
        11
    ),
    (
        122,
        65,
        9,
        98,
        295,
        27,
        2,
        '2023-04-02',
        '18:30:00',
        79.9,
        'Annulée',
        NULL,
        NULL,
        NULL,
        35,
        36
    ),
    (
        123,
        19,
        10,
        54,
        114,
        174,
        3,
        '2023-06-10',
        '18:30:00',
        58.68,
        'Terminée',
        4.5,
        'Satisfaisant',
        10.0,
        33,
        41
    ),
    (
        124,
        26,
        9,
        140,
        491,
        125,
        7,
        '2020-09-16',
        '09:30:00',
        55.07,
        'Annulée',
        NULL,
        NULL,
        NULL,
        38,
        47
    ),
    (
        125,
        12,
        4,
        156,
        111,
        77,
        5,
        '2021-12-12',
        '08:00:00',
        80.98,
        'En attente',
        NULL,
        NULL,
        NULL,
        25,
        43
    ),
    (
        126,
        39,
        2,
        35,
        861,
        134,
        2,
        '2023-11-24',
        '14:00:00',
        67.89,
        'En attente',
        NULL,
        NULL,
        NULL,
        24,
        59
    ),
    (
        127,
        7,
        7,
        102,
        428,
        142,
        1,
        '2023-07-01',
        '08:00:00',
        54.8,
        'En cours',
        NULL,
        NULL,
        NULL,
        6,
        60
    ),
    (
        128,
        NULL,
        1,
        175,
        1071,
        79,
        3,
        '2022-11-18',
        '17:00:00',
        59.48,
        'En cours',
        NULL,
        NULL,
        NULL,
        20,
        43
    ),
    (
        129,
        52,
        2,
        76,
        395,
        148,
        3,
        '2021-11-21',
        '18:30:00',
        73.26,
        'En cours',
        NULL,
        NULL,
        NULL,
        9,
        23
    ),
    (
        130,
        NULL,
        3,
        117,
        295,
        142,
        3,
        '2023-07-11',
        '11:00:00',
        47.88,
        'Terminée',
        3.0,
        'Bon travail',
        15.0,
        36,
        60
    ),
    (
        131,
        48,
        7,
        71,
        645,
        2,
        5,
        '2020-08-26',
        '14:00:00',
        35.75,
        'En cours',
        NULL,
        NULL,
        NULL,
        48,
        40
    ),
    (
        132,
        48,
        9,
        111,
        421,
        30,
        5,
        '2022-12-21',
        '09:30:00',
        56.45,
        'Terminée',
        NULL,
        NULL,
        NULL,
        27,
        35
    ),
    (
        133,
        38,
        4,
        68,
        484,
        13,
        4,
        '2024-04-18',
        '18:30:00',
        95.3,
        'Terminée',
        3.0,
        NULL,
        15.0,
        42,
        43
    ),
    (
        134,
        67,
        5,
        23,
        188,
        100,
        1,
        '2023-01-08',
        '12:30:00',
        19.14,
        'En attente',
        NULL,
        NULL,
        NULL,
        8,
        49
    ),
    (
        135,
        19,
        10,
        20,
        923,
        185,
        4,
        '2023-11-18',
        '08:00:00',
        81.59,
        'En attente',
        NULL,
        NULL,
        NULL,
        39,
        16
    ),
    (
        136,
        8,
        10,
        149,
        973,
        73,
        1,
        '2020-09-02',
        '15:30:00',
        34.41,
        'Réservée',
        NULL,
        NULL,
        NULL,
        46,
        40
    ),
    (
        137,
        69,
        2,
        124,
        258,
        6,
        7,
        '2020-08-28',
        '11:00:00',
        98.66,
        'Réservée',
        NULL,
        NULL,
        NULL,
        37,
        14
    ),
    (
        138,
        2,
        8,
        55,
        597,
        2,
        4,
        '2022-03-23',
        '14:00:00',
        47.6,
        'Terminée',
        3.0,
        'Bon travail',
        NULL,
        34,
        11
    ),
    (
        139,
        29,
        7,
        176,
        406,
        44,
        1,
        '2023-01-06',
        '14:00:00',
        52.29,
        'En attente',
        NULL,
        NULL,
        NULL,
        12,
        25
    ),
    (
        140,
        20,
        4,
        167,
        696,
        117,
        2,
        '2024-10-31',
        '17:00:00',
        41.51,
        'Terminée',
        NULL,
        NULL,
        NULL,
        37,
        31
    ),
    (
        141,
        24,
        9,
        113,
        365,
        185,
        7,
        '2021-11-14',
        '15:30:00',
        45.23,
        'En attente',
        NULL,
        NULL,
        NULL,
        9,
        18
    ),
    (
        142,
        45,
        7,
        32,
        347,
        6,
        1,
        '2021-02-06',
        '08:00:00',
        87.36,
        'Réservée',
        NULL,
        NULL,
        NULL,
        42,
        52
    ),
    (
        143,
        6,
        3,
        142,
        914,
        53,
        2,
        '2022-07-01',
        '18:30:00',
        90.41,
        'Annulée',
        NULL,
        NULL,
        NULL,
        27,
        50
    ),
    (
        144,
        52,
        10,
        163,
        957,
        56,
        5,
        '2024-10-19',
        '09:30:00',
        55.2,
        'Terminée',
        4.0,
        NULL,
        NULL,
        41,
        38
    ),
    (
        145,
        NULL,
        4,
        9,
        887,
        135,
        3,
        '2021-05-28',
        '09:30:00',
        31.5,
        'Terminée',
        3.0,
        'Satisfaisant',
        5.0,
        32,
        10
    ),
    (
        146,
        22,
        9,
        57,
        111,
        47,
        4,
        '2021-06-11',
        '14:00:00',
        21.26,
        'Annulée',
        NULL,
        NULL,
        NULL,
        47,
        60
    ),
    (
        147,
        NULL,
        6,
        94,
        257,
        118,
        7,
        '2024-09-23',
        '12:30:00',
        20.42,
        'Réservée',
        NULL,
        NULL,
        NULL,
        44,
        33
    ),
    (
        148,
        18,
        3,
        183,
        170,
        146,
        6,
        '2024-06-27',
        '15:30:00',
        85.88,
        'Réservée',
        NULL,
        NULL,
        NULL,
        18,
        37
    ),
    (
        149,
        41,
        10,
        16,
        642,
        38,
        2,
        '2023-05-30',
        '15:30:00',
        94.96,
        'En attente',
        NULL,
        NULL,
        NULL,
        48,
        51
    ),
    (
        150,
        24,
        4,
        170,
        284,
        75,
        4,
        '2025-01-22',
        '12:30:00',
        21.62,
        'Réservée',
        NULL,
        NULL,
        NULL,
        30,
        59
    ),
    (
        151,
        14,
        1,
        123,
        732,
        132,
        2,
        '2021-04-03',
        '08:00:00',
        37.38,
        'En cours',
        NULL,
        NULL,
        NULL,
        6,
        32
    ),
    (
        152,
        27,
        8,
        120,
        1061,
        48,
        4,
        '2021-01-03',
        '18:30:00',
        70.62,
        'En attente',
        NULL,
        NULL,
        NULL,
        41,
        17
    ),
    (
        153,
        46,
        8,
        70,
        319,
        169,
        6,
        '2024-09-18',
        '14:00:00',
        86.19,
        'Terminée',
        NULL,
        NULL,
        NULL,
        31,
        60
    ),
    (
        154,
        6,
        1,
        168,
        808,
        14,
        4,
        '2025-01-29',
        '12:30:00',
        95.78,
        'En attente',
        NULL,
        NULL,
        NULL,
        37,
        12
    ),
    (
        155,
        NULL,
        4,
        56,
        158,
        50,
        3,
        '2023-12-25',
        '17:00:00',
        37.31,
        'En attente',
        NULL,
        NULL,
        NULL,
        36,
        21
    ),
    (
        156,
        54,
        4,
        98,
        310,
        125,
        1,
        '2020-06-19',
        '08:00:00',
        84.66,
        'En attente',
        NULL,
        NULL,
        NULL,
        49,
        41
    ),
    (
        157,
        8,
        3,
        40,
        448,
        157,
        5,
        '2021-10-02',
        '08:00:00',
        71.12,
        'Terminée',
        4.0,
        'Service impeccable',
        NULL,
        40,
        38
    ),
    (
        158,
        46,
        7,
        126,
        294,
        5,
        7,
        '2024-02-19',
        '18:30:00',
        47.31,
        'Réservée',
        NULL,
        NULL,
        NULL,
        14,
        47
    ),
    (
        159,
        47,
        6,
        53,
        975,
        71,
        4,
        '2022-04-18',
        '18:30:00',
        55.38,
        'Annulée',
        NULL,
        NULL,
        NULL,
        40,
        44
    ),
    (
        160,
        47,
        4,
        11,
        117,
        97,
        5,
        '2020-12-24',
        '18:30:00',
        40.71,
        'En cours',
        NULL,
        NULL,
        NULL,
        30,
        20
    ),
    (
        161,
        NULL,
        7,
        51,
        540,
        121,
        3,
        '2024-07-06',
        '09:30:00',
        84.76,
        'En attente',
        NULL,
        NULL,
        NULL,
        43,
        26
    ),
    (
        162,
        58,
        5,
        15,
        746,
        31,
        3,
        '2023-01-12',
        '15:30:00',
        69.89,
        'Annulée',
        NULL,
        NULL,
        NULL,
        45,
        32
    ),
    (
        163,
        NULL,
        1,
        77,
        982,
        183,
        1,
        '2022-03-03',
        '14:00:00',
        51.15,
        'En attente',
        NULL,
        NULL,
        NULL,
        10,
        30
    ),
    (
        164,
        NULL,
        10,
        82,
        879,
        158,
        4,
        '2020-10-23',
        '17:00:00',
        88.85,
        'Réservée',
        NULL,
        NULL,
        NULL,
        21,
        23
    ),
    (
        165,
        47,
        2,
        178,
        981,
        33,
        7,
        '2020-05-22',
        '08:00:00',
        73.23,
        'Annulée',
        NULL,
        NULL,
        NULL,
        18,
        24
    ),
    (
        166,
        66,
        4,
        37,
        269,
        16,
        7,
        '2022-10-25',
        '09:30:00',
        68.04,
        'En cours',
        NULL,
        NULL,
        NULL,
        12,
        34
    ),
    (
        167,
        46,
        3,
        128,
        633,
        159,
        1,
        '2022-08-18',
        '17:00:00',
        79.66,
        'En attente',
        NULL,
        NULL,
        NULL,
        49,
        10
    ),
    (
        168,
        NULL,
        4,
        132,
        632,
        9,
        3,
        '2024-09-09',
        '15:30:00',
        26.06,
        'Annulée',
        NULL,
        NULL,
        NULL,
        14,
        21
    ),
    (
        169,
        NULL,
        4,
        174,
        616,
        132,
        7,
        '2023-02-11',
        '12:30:00',
        29.59,
        'En attente',
        NULL,
        NULL,
        NULL,
        49,
        40
    ),
    (
        170,
        49,
        2,
        142,
        510,
        117,
        7,
        '2020-08-11',
        '18:30:00',
        54.8,
        'Réservée',
        NULL,
        NULL,
        NULL,
        43,
        51
    ),
    (
        171,
        37,
        1,
        157,
        608,
        101,
        6,
        '2024-02-05',
        '17:00:00',
        70.43,
        'En cours',
        NULL,
        NULL,
        NULL,
        31,
        52
    ),
    (
        172,
        NULL,
        10,
        175,
        1094,
        54,
        2,
        '2020-05-07',
        '14:00:00',
        80.75,
        'Réservée',
        NULL,
        NULL,
        NULL,
        31,
        60
    ),
    (
        173,
        11,
        1,
        73,
        296,
        39,
        2,
        '2021-09-28',
        '18:30:00',
        24.04,
        'En attente',
        NULL,
        NULL,
        NULL,
        41,
        25
    ),
    (
        174,
        43,
        4,
        130,
        671,
        188,
        7,
        '2020-09-06',
        '12:30:00',
        51.02,
        'En cours',
        NULL,
        NULL,
        NULL,
        38,
        31
    ),
    (
        175,
        NULL,
        5,
        121,
        325,
        120,
        4,
        '2022-09-29',
        '08:00:00',
        23.6,
        'Terminée',
        5.0,
        'Service impeccable',
        5.0,
        33,
        47
    ),
    (
        176,
        68,
        5,
        148,
        961,
        120,
        7,
        '2021-07-20',
        '17:00:00',
        10.81,
        'Annulée',
        NULL,
        NULL,
        NULL,
        14,
        60
    ),
    (
        177,
        1,
        5,
        19,
        437,
        129,
        3,
        '2024-11-12',
        '12:30:00',
        99.83,
        'Annulée',
        NULL,
        NULL,
        NULL,
        48,
        26
    ),
    (
        178,
        2,
        5,
        23,
        236,
        131,
        7,
        '2020-04-02',
        '08:00:00',
        21.79,
        'Terminée',
        4.0,
        NULL,
        5.0,
        27,
        22
    ),
    (
        179,
        64,
        5,
        33,
        338,
        77,
        2,
        '2021-10-30',
        '08:00:00',
        78.94,
        'Annulée',
        NULL,
        NULL,
        NULL,
        6,
        27
    ),
    (
        180,
        NULL,
        8,
        8,
        1074,
        138,
        6,
        '2023-10-09',
        '14:00:00',
        48.8,
        'Terminée',
        4.0,
        'Excellente prestation',
        15.0,
        7,
        56
    ),
    (
        181,
        NULL,
        4,
        92,
        102,
        81,
        6,
        '2020-06-17',
        '14:00:00',
        38.71,
        'En cours',
        NULL,
        NULL,
        NULL,
        11,
        36
    ),
    (
        182,
        NULL,
        8,
        65,
        909,
        22,
        6,
        '2020-06-28',
        '11:00:00',
        58.04,
        'En attente',
        NULL,
        NULL,
        NULL,
        11,
        39
    ),
    (
        183,
        9,
        2,
        25,
        223,
        11,
        7,
        '2022-10-01',
        '11:00:00',
        75.26,
        'En attente',
        NULL,
        NULL,
        NULL,
        32,
        34
    ),
    (
        184,
        13,
        1,
        146,
        940,
        19,
        2,
        '2020-04-20',
        '08:00:00',
        87.55,
        'Terminée',
        NULL,
        NULL,
        NULL,
        22,
        22
    ),
    (
        185,
        32,
        9,
        15,
        282,
        52,
        7,
        '2022-06-18',
        '18:30:00',
        31.57,
        'Annulée',
        NULL,
        NULL,
        NULL,
        42,
        60
    ),
    (
        186,
        3,
        7,
        99,
        641,
        168,
        3,
        '2020-08-07',
        '15:30:00',
        36.12,
        'En cours',
        NULL,
        NULL,
        NULL,
        13,
        14
    ),
    (
        187,
        55,
        9,
        91,
        367,
        50,
        6,
        '2023-08-11',
        '08:00:00',
        38.38,
        'Annulée',
        NULL,
        NULL,
        NULL,
        34,
        11
    ),
    (
        188,
        70,
        9,
        67,
        949,
        80,
        3,
        '2021-03-29',
        '12:30:00',
        27.9,
        'Réservée',
        NULL,
        NULL,
        NULL,
        44,
        14
    ),
    (
        189,
        39,
        7,
        15,
        569,
        48,
        4,
        '2023-09-25',
        '09:30:00',
        96.03,
        'Terminée',
        5.0,
        NULL,
        10.0,
        9,
        28
    ),
    (
        190,
        9,
        9,
        17,
        612,
        131,
        7,
        '2022-12-15',
        '11:00:00',
        75.8,
        'En attente',
        NULL,
        NULL,
        NULL,
        6,
        47
    ),
    (
        191,
        45,
        9,
        16,
        383,
        120,
        3,
        '2023-01-05',
        '18:30:00',
        90.96,
        'En attente',
        NULL,
        NULL,
        NULL,
        27,
        41
    ),
    (
        192,
        3,
        6,
        62,
        225,
        148,
        4,
        '2024-08-09',
        '18:30:00',
        24.41,
        'En attente',
        NULL,
        NULL,
        NULL,
        22,
        40
    ),
    (
        193,
        24,
        5,
        11,
        600,
        159,
        1,
        '2022-01-16',
        '09:30:00',
        63.13,
        'Annulée',
        NULL,
        NULL,
        NULL,
        35,
        43
    ),
    (
        194,
        29,
        5,
        102,
        1109,
        171,
        3,
        '2024-11-21',
        '14:00:00',
        72.45,
        'Annulée',
        NULL,
        NULL,
        NULL,
        37,
        60
    ),
    (
        195,
        15,
        2,
        187,
        668,
        119,
        7,
        '2022-03-26',
        '11:00:00',
        30.29,
        'En cours',
        NULL,
        NULL,
        NULL,
        16,
        55
    ),
    (
        196,
        38,
        6,
        128,
        226,
        50,
        3,
        '2022-12-07',
        '18:30:00',
        33.7,
        'Terminée',
        3.0,
        'Service impeccable',
        15.0,
        5,
        33
    ),
    (
        197,
        45,
        3,
        110,
        843,
        26,
        6,
        '2024-03-24',
        '09:30:00',
        73.77,
        'Réservée',
        NULL,
        NULL,
        NULL,
        43,
        53
    ),
    (
        198,
        5,
        2,
        54,
        727,
        101,
        2,
        '2020-06-24',
        '17:00:00',
        86.45,
        'Annulée',
        NULL,
        NULL,
        NULL,
        33,
        39
    ),
    (
        199,
        46,
        1,
        145,
        812,
        161,
        7,
        '2020-10-21',
        '18:30:00',
        92.0,
        'Réservée',
        NULL,
        NULL,
        NULL,
        49,
        39
    ),
    (
        200,
        50,
        8,
        183,
        334,
        177,
        5,
        '2022-12-30',
        '09:30:00',
        46.12,
        'En attente',
        NULL,
        NULL,
        NULL,
        36,
        21
    ),
    (
        201,
        58,
        1,
        186,
        990,
        70,
        2,
        '2021-05-11',
        '09:30:00',
        27.26,
        'En cours',
        NULL,
        NULL,
        NULL,
        39,
        41
    ),
    (
        202,
        NULL,
        1,
        105,
        816,
        153,
        3,
        '2021-05-24',
        '15:30:00',
        15.66,
        'En attente',
        NULL,
        NULL,
        NULL,
        44,
        43
    ),
    (
        203,
        59,
        8,
        115,
        962,
        143,
        2,
        '2022-08-26',
        '18:30:00',
        97.3,
        'Terminée',
        4.5,
        'Bon travail',
        5.0,
        40,
        56
    ),
    (
        204,
        NULL,
        3,
        59,
        722,
        124,
        4,
        '2025-01-27',
        '09:30:00',
        29.8,
        'En cours',
        NULL,
        NULL,
        NULL,
        31,
        25
    ),
    (
        205,
        63,
        10,
        139,
        562,
        155,
        5,
        '2024-12-14',
        '14:00:00',
        86.09,
        'En cours',
        NULL,
        NULL,
        NULL,
        19,
        36
    ),
    (
        206,
        55,
        8,
        156,
        687,
        165,
        2,
        '2024-01-06',
        '09:30:00',
        81.28,
        'Annulée',
        NULL,
        NULL,
        NULL,
        45,
        52
    ),
    (
        207,
        65,
        3,
        136,
        756,
        45,
        7,
        '2022-04-30',
        '08:00:00',
        66.21,
        'En cours',
        NULL,
        NULL,
        NULL,
        36,
        52
    ),
    (
        208,
        28,
        10,
        96,
        514,
        176,
        4,
        '2020-11-08',
        '11:00:00',
        35.8,
        'En attente',
        NULL,
        NULL,
        NULL,
        18,
        30
    ),
    (
        209,
        31,
        10,
        30,
        833,
        173,
        3,
        '2024-11-07',
        '12:30:00',
        61.09,
        'Réservée',
        NULL,
        NULL,
        NULL,
        18,
        44
    ),
    (
        210,
        57,
        4,
        21,
        1018,
        1,
        5,
        '2020-10-12',
        '12:30:00',
        75.2,
        'Réservée',
        NULL,
        NULL,
        NULL,
        32,
        19
    ),
    (
        211,
        66,
        4,
        72,
        815,
        89,
        5,
        '2023-12-17',
        '12:30:00',
        16.34,
        'Annulée',
        NULL,
        NULL,
        NULL,
        8,
        54
    ),
    (
        212,
        45,
        5,
        21,
        430,
        52,
        2,
        '2021-01-07',
        '09:30:00',
        97.7,
        'En cours',
        NULL,
        NULL,
        NULL,
        49,
        50
    ),
    (
        213,
        69,
        2,
        42,
        467,
        6,
        6,
        '2023-06-18',
        '08:00:00',
        85.27,
        'En cours',
        NULL,
        NULL,
        NULL,
        49,
        38
    ),
    (
        214,
        NULL,
        6,
        173,
        438,
        168,
        2,
        '2024-02-17',
        '17:00:00',
        40.64,
        'Réservée',
        NULL,
        NULL,
        NULL,
        18,
        25
    ),
    (
        215,
        23,
        3,
        46,
        314,
        121,
        7,
        '2023-02-27',
        '12:30:00',
        79.78,
        'En attente',
        NULL,
        NULL,
        NULL,
        37,
        20
    ),
    (
        216,
        36,
        6,
        34,
        1082,
        139,
        1,
        '2022-05-24',
        '12:30:00',
        56.95,
        'Réservée',
        NULL,
        NULL,
        NULL,
        8,
        58
    ),
    (
        217,
        2,
        10,
        60,
        1018,
        65,
        2,
        '2024-11-08',
        '14:00:00',
        59.4,
        'En cours',
        NULL,
        NULL,
        NULL,
        22,
        37
    ),
    (
        218,
        NULL,
        7,
        141,
        721,
        175,
        1,
        '2024-10-02',
        '09:30:00',
        71.5,
        'En attente',
        NULL,
        NULL,
        NULL,
        10,
        26
    ),
    (
        219,
        32,
        7,
        116,
        1018,
        172,
        7,
        '2022-02-16',
        '18:30:00',
        27.82,
        'En cours',
        NULL,
        NULL,
        NULL,
        39,
        13
    ),
    (
        220,
        NULL,
        2,
        35,
        694,
        92,
        2,
        '2024-02-06',
        '09:30:00',
        37.86,
        'En attente',
        NULL,
        NULL,
        NULL,
        11,
        44
    ),
    (
        221,
        NULL,
        4,
        74,
        288,
        186,
        3,
        '2023-05-24',
        '08:00:00',
        93.32,
        'En attente',
        NULL,
        NULL,
        NULL,
        45,
        43
    ),
    (
        222,
        40,
        8,
        17,
        561,
        146,
        5,
        '2021-07-22',
        '18:30:00',
        77.99,
        'Réservée',
        NULL,
        NULL,
        NULL,
        16,
        58
    ),
    (
        223,
        31,
        6,
        42,
        949,
        153,
        7,
        '2023-11-20',
        '14:00:00',
        21.41,
        'Réservée',
        NULL,
        NULL,
        NULL,
        42,
        59
    ),
    (
        224,
        62,
        8,
        30,
        804,
        151,
        7,
        '2021-04-02',
        '12:30:00',
        86.17,
        'En attente',
        NULL,
        NULL,
        NULL,
        43,
        31
    ),
    (
        225,
        28,
        6,
        11,
        743,
        28,
        1,
        '2021-11-11',
        '18:30:00',
        14.32,
        'En cours',
        NULL,
        NULL,
        NULL,
        50,
        49
    ),
    (
        226,
        34,
        8,
        124,
        936,
        138,
        4,
        '2023-11-01',
        '14:00:00',
        91.97,
        'En attente',
        NULL,
        NULL,
        NULL,
        33,
        47
    ),
    (
        227,
        65,
        1,
        50,
        480,
        60,
        1,
        '2020-10-01',
        '12:30:00',
        65.32,
        'En attente',
        NULL,
        NULL,
        NULL,
        22,
        47
    ),
    (
        228,
        14,
        2,
        78,
        528,
        88,
        5,
        '2023-03-21',
        '18:30:00',
        83.84,
        'Annulée',
        NULL,
        NULL,
        NULL,
        29,
        26
    ),
    (
        229,
        13,
        9,
        171,
        641,
        92,
        3,
        '2022-10-09',
        '08:00:00',
        84.17,
        'Annulée',
        NULL,
        NULL,
        NULL,
        7,
        44
    ),
    (
        230,
        NULL,
        6,
        164,
        778,
        135,
        5,
        '2024-03-22',
        '12:30:00',
        24.01,
        'En attente',
        NULL,
        NULL,
        NULL,
        7,
        37
    ),
    (
        231,
        6,
        6,
        86,
        985,
        46,
        7,
        '2021-10-19',
        '12:30:00',
        36.95,
        'Réservée',
        NULL,
        NULL,
        NULL,
        50,
        58
    ),
    (
        232,
        33,
        2,
        104,
        149,
        29,
        6,
        '2023-04-13',
        '18:30:00',
        79.39,
        'Réservée',
        NULL,
        NULL,
        NULL,
        7,
        55
    ),
    (
        233,
        62,
        1,
        103,
        391,
        151,
        2,
        '2022-08-20',
        '18:30:00',
        38.14,
        'En attente',
        NULL,
        NULL,
        NULL,
        16,
        50
    ),
    (
        234,
        NULL,
        10,
        70,
        651,
        79,
        5,
        '2022-02-08',
        '18:30:00',
        71.63,
        'Terminée',
        5.0,
        'Rapide',
        12.0,
        16,
        28
    ),
    (
        235,
        49,
        1,
        69,
        1076,
        144,
        1,
        '2021-11-12',
        '17:00:00',
        50.88,
        'Annulée',
        NULL,
        NULL,
        NULL,
        48,
        20
    ),
    (
        236,
        66,
        2,
        122,
        142,
        161,
        3,
        '2021-12-12',
        '18:30:00',
        17.7,
        'En attente',
        NULL,
        NULL,
        NULL,
        27,
        25
    ),
    (
        237,
        45,
        6,
        146,
        759,
        80,
        7,
        '2024-09-25',
        '12:30:00',
        51.92,
        'En cours',
        NULL,
        NULL,
        NULL,
        7,
        53
    ),
    (
        238,
        NULL,
        9,
        143,
        445,
        141,
        7,
        '2024-09-08',
        '17:00:00',
        25.78,
        'Réservée',
        NULL,
        NULL,
        NULL,
        41,
        30
    ),
    (
        239,
        50,
        3,
        64,
        569,
        154,
        1,
        '2022-10-15',
        '08:00:00',
        59.0,
        'Réservée',
        NULL,
        NULL,
        NULL,
        9,
        17
    ),
    (
        240,
        41,
        3,
        172,
        761,
        129,
        3,
        '2022-10-03',
        '08:00:00',
        16.69,
        'Terminée',
        NULL,
        NULL,
        NULL,
        21,
        14
    ),
    (
        241,
        70,
        8,
        51,
        939,
        21,
        4,
        '2023-04-17',
        '17:00:00',
        37.82,
        'Terminée',
        3.0,
        'Bon travail',
        12.0,
        32,
        57
    ),
    (
        242,
        55,
        6,
        41,
        681,
        136,
        7,
        '2022-03-18',
        '15:30:00',
        13.03,
        'En cours',
        NULL,
        NULL,
        NULL,
        27,
        33
    ),
    (
        243,
        65,
        6,
        133,
        455,
        34,
        2,
        '2022-07-26',
        '12:30:00',
        76.27,
        'Annulée',
        NULL,
        NULL,
        NULL,
        30,
        57
    ),
    (
        244,
        65,
        10,
        36,
        1040,
        97,
        5,
        '2024-05-22',
        '12:30:00',
        25.15,
        'Terminée',
        4.0,
        'Bon travail',
        10.0,
        31,
        55
    ),
    (
        245,
        38,
        10,
        109,
        268,
        183,
        7,
        '2020-05-14',
        '14:00:00',
        85.31,
        'Annulée',
        NULL,
        NULL,
        NULL,
        18,
        45
    ),
    (
        246,
        NULL,
        3,
        173,
        1005,
        123,
        4,
        '2020-09-06',
        '09:30:00',
        19.79,
        'En attente',
        NULL,
        NULL,
        NULL,
        41,
        31
    ),
    (
        247,
        11,
        6,
        95,
        1097,
        185,
        4,
        '2024-05-12',
        '08:00:00',
        75.67,
        'Annulée',
        NULL,
        NULL,
        NULL,
        33,
        28
    ),
    (
        248,
        5,
        3,
        72,
        708,
        186,
        5,
        '2023-11-19',
        '18:30:00',
        91.1,
        'Terminée',
        5.0,
        'Excellente prestation',
        5.0,
        16,
        59
    ),
    (
        249,
        NULL,
        8,
        23,
        606,
        4,
        6,
        '2023-10-14',
        '08:00:00',
        88.9,
        'Réservée',
        NULL,
        NULL,
        NULL,
        36,
        18
    ),
    (
        250,
        56,
        5,
        50,
        285,
        9,
        1,
        '2023-11-21',
        '15:30:00',
        90.08,
        'Réservée',
        NULL,
        NULL,
        NULL,
        39,
        29
    ),
    (
        251,
        4,
        9,
        124,
        832,
        7,
        3,
        '2022-07-25',
        '11:00:00',
        78.89,
        'En attente',
        NULL,
        NULL,
        NULL,
        9,
        38
    ),
    (
        252,
        15,
        9,
        94,
        617,
        63,
        2,
        '2023-03-04',
        '15:30:00',
        20.4,
        'Terminée',
        NULL,
        NULL,
        NULL,
        41,
        43
    ),
    (
        253,
        37,
        9,
        44,
        812,
        127,
        3,
        '2022-01-31',
        '12:30:00',
        38.65,
        'Terminée',
        5.0,
        NULL,
        15.0,
        49,
        55
    ),
    (
        254,
        1,
        2,
        106,
        977,
        107,
        2,
        '2020-11-27',
        '18:30:00',
        47.06,
        'Terminée',
        3.0,
        NULL,
        12.0,
        23,
        16
    ),
    (
        255,
        57,
        5,
        110,
        670,
        128,
        5,
        '2021-02-09',
        '18:30:00',
        80.58,
        'En attente',
        NULL,
        NULL,
        NULL,
        47,
        31
    ),
    (
        256,
        29,
        7,
        155,
        839,
        159,
        5,
        '2022-11-09',
        '17:00:00',
        61.85,
        'Réservée',
        NULL,
        NULL,
        NULL,
        20,
        57
    ),
    (
        257,
        15,
        7,
        55,
        150,
        168,
        4,
        '2020-05-07',
        '14:00:00',
        19.4,
        'Réservée',
        NULL,
        NULL,
        NULL,
        46,
        19
    ),
    (
        258,
        11,
        4,
        86,
        945,
        117,
        1,
        '2022-04-08',
        '08:00:00',
        17.12,
        'Annulée',
        NULL,
        NULL,
        NULL,
        8,
        60
    ),
    (
        259,
        NULL,
        3,
        187,
        882,
        113,
        2,
        '2022-05-19',
        '17:00:00',
        82.14,
        'Annulée',
        NULL,
        NULL,
        NULL,
        24,
        16
    ),
    (
        260,
        47,
        5,
        102,
        818,
        124,
        5,
        '2020-04-07',
        '12:30:00',
        83.81,
        'Terminée',
        4.5,
        'Bon travail',
        10.0,
        11,
        46
    ),
    (
        261,
        NULL,
        1,
        26,
        598,
        176,
        7,
        '2024-01-19',
        '18:30:00',
        32.11,
        'En attente',
        NULL,
        NULL,
        NULL,
        9,
        28
    ),
    (
        262,
        7,
        6,
        127,
        230,
        167,
        6,
        '2022-03-21',
        '09:30:00',
        50.72,
        'Terminée',
        NULL,
        NULL,
        NULL,
        43,
        17
    ),
    (
        263,
        50,
        4,
        98,
        338,
        174,
        7,
        '2021-07-14',
        '12:30:00',
        52.94,
        'En attente',
        NULL,
        NULL,
        NULL,
        47,
        44
    ),
    (
        264,
        33,
        5,
        120,
        1047,
        149,
        3,
        '2022-08-03',
        '14:00:00',
        27.37,
        'Annulée',
        NULL,
        NULL,
        NULL,
        45,
        20
    ),
    (
        265,
        50,
        9,
        66,
        783,
        124,
        5,
        '2020-05-11',
        '08:00:00',
        32.27,
        'Terminée',
        3.0,
        NULL,
        12.0,
        32,
        22
    ),
    (
        266,
        NULL,
        9,
        43,
        980,
        58,
        7,
        '2023-10-10',
        '18:30:00',
        81.28,
        'Réservée',
        NULL,
        NULL,
        NULL,
        25,
        59
    ),
    (
        267,
        49,
        4,
        74,
        524,
        164,
        7,
        '2022-08-01',
        '15:30:00',
        47.59,
        'Terminée',
        5.0,
        'Satisfaisant',
        NULL,
        41,
        16
    ),
    (
        268,
        43,
        1,
        82,
        755,
        45,
        2,
        '2024-06-29',
        '17:00:00',
        88.04,
        'En attente',
        NULL,
        NULL,
        NULL,
        6,
        60
    ),
    (
        269,
        57,
        6,
        49,
        728,
        153,
        6,
        '2024-12-12',
        '14:00:00',
        70.83,
        'En cours',
        NULL,
        NULL,
        NULL,
        25,
        29
    ),
    (
        270,
        NULL,
        9,
        18,
        1097,
        56,
        6,
        '2021-02-18',
        '15:30:00',
        58.42,
        'Terminée',
        4.5,
        NULL,
        5.0,
        19,
        28
    ),
    (
        271,
        NULL,
        1,
        54,
        466,
        162,
        2,
        '2024-11-05',
        '12:30:00',
        70.03,
        'En cours',
        NULL,
        NULL,
        NULL,
        37,
        11
    ),
    (
        272,
        52,
        3,
        80,
        907,
        99,
        1,
        '2021-08-23',
        '08:00:00',
        36.38,
        'En attente',
        NULL,
        NULL,
        NULL,
        38,
        16
    ),
    (
        273,
        NULL,
        7,
        49,
        833,
        170,
        7,
        '2021-06-04',
        '15:30:00',
        72.72,
        'En cours',
        NULL,
        NULL,
        NULL,
        40,
        15
    ),
    (
        274,
        15,
        7,
        122,
        205,
        49,
        2,
        '2021-03-07',
        '11:00:00',
        69.88,
        'Annulée',
        NULL,
        NULL,
        NULL,
        6,
        49
    ),
    (
        275,
        NULL,
        5,
        23,
        141,
        78,
        3,
        '2024-02-14',
        '15:30:00',
        25.54,
        'Terminée',
        5.0,
        'Excellente prestation',
        15.0,
        46,
        51
    ),
    (
        276,
        50,
        5,
        171,
        944,
        86,
        1,
        '2024-05-14',
        '08:00:00',
        18.98,
        'Réservée',
        NULL,
        NULL,
        NULL,
        48,
        55
    ),
    (
        277,
        31,
        2,
        75,
        233,
        33,
        2,
        '2021-08-13',
        '15:30:00',
        85.36,
        'En cours',
        NULL,
        NULL,
        NULL,
        27,
        13
    ),
    (
        278,
        53,
        2,
        180,
        717,
        93,
        6,
        '2025-01-03',
        '11:00:00',
        74.81,
        'Réservée',
        NULL,
        NULL,
        NULL,
        23,
        29
    ),
    (
        279,
        21,
        8,
        138,
        1032,
        27,
        2,
        '2023-08-29',
        '17:00:00',
        16.96,
        'Réservée',
        NULL,
        NULL,
        NULL,
        36,
        28
    ),
    (
        280,
        53,
        4,
        104,
        560,
        10,
        6,
        '2024-11-30',
        '12:30:00',
        13.95,
        'En cours',
        NULL,
        NULL,
        NULL,
        47,
        49
    ),
    (
        281,
        NULL,
        8,
        8,
        683,
        71,
        2,
        '2023-06-12',
        '17:00:00',
        36.84,
        'Terminée',
        4.5,
        NULL,
        NULL,
        18,
        57
    ),
    (
        282,
        29,
        5,
        92,
        951,
        80,
        7,
        '2022-02-19',
        '08:00:00',
        63.16,
        'Réservée',
        NULL,
        NULL,
        NULL,
        33,
        23
    ),
    (
        283,
        45,
        7,
        174,
        809,
        148,
        5,
        '2021-10-25',
        '15:30:00',
        22.69,
        'Réservée',
        NULL,
        NULL,
        NULL,
        9,
        54
    ),
    (
        284,
        10,
        7,
        115,
        478,
        187,
        5,
        '2020-08-31',
        '15:30:00',
        60.7,
        'Réservée',
        NULL,
        NULL,
        NULL,
        5,
        51
    ),
    (
        285,
        27,
        2,
        70,
        220,
        36,
        4,
        '2021-11-27',
        '12:30:00',
        42.69,
        'Annulée',
        NULL,
        NULL,
        NULL,
        24,
        36
    ),
    (
        286,
        45,
        3,
        41,
        1064,
        164,
        6,
        '2021-04-14',
        '14:00:00',
        32.47,
        'Annulée',
        NULL,
        NULL,
        NULL,
        26,
        13
    ),
    (
        287,
        4,
        6,
        97,
        337,
        82,
        7,
        '2022-04-26',
        '17:00:00',
        85.27,
        'Terminée',
        4.5,
        'Satisfaisant',
        15.0,
        40,
        14
    ),
    (
        288,
        13,
        6,
        80,
        137,
        177,
        5,
        '2022-11-10',
        '14:00:00',
        61.69,
        'Annulée',
        NULL,
        NULL,
        NULL,
        13,
        53
    ),
    (
        289,
        NULL,
        10,
        140,
        957,
        110,
        2,
        '2022-06-08',
        '11:00:00',
        33.92,
        'Annulée',
        NULL,
        NULL,
        NULL,
        48,
        58
    ),
    (
        290,
        37,
        4,
        123,
        214,
        130,
        3,
        '2020-08-11',
        '11:00:00',
        33.01,
        'Réservée',
        NULL,
        NULL,
        NULL,
        40,
        18
    ),
    (
        291,
        41,
        10,
        44,
        1020,
        55,
        5,
        '2021-11-29',
        '08:00:00',
        14.35,
        'Réservée',
        NULL,
        NULL,
        NULL,
        35,
        59
    ),
    (
        292,
        61,
        9,
        154,
        457,
        66,
        2,
        '2022-10-09',
        '08:00:00',
        73.99,
        'En cours',
        NULL,
        NULL,
        NULL,
        16,
        24
    ),
    (
        293,
        64,
        5,
        114,
        183,
        20,
        1,
        '2020-07-24',
        '09:30:00',
        80.74,
        'En attente',
        NULL,
        NULL,
        NULL,
        28,
        33
    ),
    (
        294,
        21,
        7,
        117,
        482,
        146,
        2,
        '2023-09-18',
        '15:30:00',
        79.67,
        'Réservée',
        NULL,
        NULL,
        NULL,
        45,
        23
    ),
    (
        295,
        4,
        3,
        117,
        839,
        77,
        5,
        '2024-03-03',
        '18:30:00',
        67.01,
        'Terminée',
        5.0,
        NULL,
        10.0,
        18,
        23
    ),
    (
        296,
        13,
        8,
        33,
        885,
        183,
        6,
        '2024-02-12',
        '08:00:00',
        61.83,
        'Réservée',
        NULL,
        NULL,
        NULL,
        34,
        47
    ),
    (
        297,
        61,
        4,
        175,
        672,
        65,
        7,
        '2021-01-13',
        '14:00:00',
        86.94,
        'Terminée',
        5.0,
        'Satisfaisant',
        5.0,
        25,
        51
    ),
    (
        298,
        NULL,
        10,
        88,
        1111,
        60,
        7,
        '2021-10-16',
        '11:00:00',
        16.38,
        'Réservée',
        NULL,
        NULL,
        NULL,
        35,
        42
    ),
    (
        299,
        NULL,
        7,
        117,
        608,
        156,
        3,
        '2022-12-02',
        '12:30:00',
        18.85,
        'Réservée',
        NULL,
        NULL,
        NULL,
        33,
        24
    ),
    (
        300,
        NULL,
        6,
        172,
        683,
        1,
        7,
        '2023-08-08',
        '14:00:00',
        91.25,
        'En cours',
        NULL,
        NULL,
        NULL,
        44,
        34
    ),
    (
        301,
        NULL,
        1,
        40,
        779,
        104,
        2,
        '2020-08-22',
        '15:30:00',
        75.89,
        'En attente',
        NULL,
        NULL,
        NULL,
        8,
        33
    ),
    (
        302,
        14,
        7,
        179,
        785,
        141,
        5,
        '2020-12-29',
        '15:30:00',
        92.76,
        'En attente',
        NULL,
        NULL,
        NULL,
        16,
        47
    ),
    (
        303,
        16,
        5,
        8,
        983,
        5,
        4,
        '2020-08-05',
        '09:30:00',
        85.44,
        'Annulée',
        NULL,
        NULL,
        NULL,
        14,
        11
    ),
    (
        304,
        66,
        5,
        180,
        599,
        93,
        6,
        '2022-03-16',
        '11:00:00',
        48.29,
        'En attente',
        NULL,
        NULL,
        NULL,
        18,
        49
    ),
    (
        305,
        NULL,
        5,
        90,
        406,
        1,
        1,
        '2021-12-01',
        '09:30:00',
        58.4,
        'En attente',
        NULL,
        NULL,
        NULL,
        26,
        42
    ),
    (
        306,
        29,
        4,
        8,
        812,
        38,
        6,
        '2020-05-17',
        '12:30:00',
        23.95,
        'En cours',
        NULL,
        NULL,
        NULL,
        8,
        15
    ),
    (
        307,
        9,
        8,
        51,
        231,
        73,
        4,
        '2023-11-28',
        '14:00:00',
        91.17,
        'En cours',
        NULL,
        NULL,
        NULL,
        34,
        37
    ),
    (
        308,
        46,
        8,
        81,
        1052,
        110,
        1,
        '2022-01-07',
        '17:00:00',
        59.87,
        'Terminée',
        NULL,
        NULL,
        NULL,
        36,
        47
    ),
    (
        309,
        37,
        6,
        9,
        192,
        13,
        1,
        '2024-09-25',
        '15:30:00',
        74.71,
        'Terminée',
        NULL,
        NULL,
        NULL,
        18,
        12
    ),
    (
        310,
        22,
        1,
        183,
        1012,
        89,
        1,
        '2022-07-29',
        '15:30:00',
        29.62,
        'En attente',
        NULL,
        NULL,
        NULL,
        49,
        54
    ),
    (
        311,
        NULL,
        10,
        174,
        279,
        45,
        3,
        '2021-06-25',
        '11:00:00',
        61.82,
        'En attente',
        NULL,
        NULL,
        NULL,
        22,
        31
    ),
    (
        312,
        27,
        10,
        117,
        917,
        47,
        4,
        '2024-10-30',
        '11:00:00',
        41.23,
        'Annulée',
        NULL,
        NULL,
        NULL,
        44,
        29
    ),
    (
        313,
        56,
        1,
        46,
        614,
        171,
        3,
        '2022-04-13',
        '12:30:00',
        75.42,
        'En attente',
        NULL,
        NULL,
        NULL,
        35,
        58
    ),
    (
        314,
        26,
        1,
        143,
        267,
        175,
        3,
        '2024-12-14',
        '12:30:00',
        64.16,
        'En attente',
        NULL,
        NULL,
        NULL,
        5,
        10
    ),
    (
        315,
        5,
        3,
        120,
        162,
        51,
        3,
        '2024-06-24',
        '09:30:00',
        67.28,
        'Annulée',
        NULL,
        NULL,
        NULL,
        41,
        19
    ),
    (
        316,
        NULL,
        8,
        125,
        942,
        3,
        3,
        '2022-02-02',
        '17:00:00',
        33.83,
        'Annulée',
        NULL,
        NULL,
        NULL,
        22,
        36
    ),
    (
        317,
        7,
        2,
        62,
        457,
        68,
        5,
        '2023-04-13',
        '18:30:00',
        23.9,
        'Annulée',
        NULL,
        NULL,
        NULL,
        14,
        53
    ),
    (
        318,
        1,
        6,
        118,
        390,
        61,
        3,
        '2020-08-27',
        '12:30:00',
        95.33,
        'En attente',
        NULL,
        NULL,
        NULL,
        37,
        59
    ),
    (
        319,
        69,
        3,
        144,
        440,
        16,
        5,
        '2020-08-08',
        '12:30:00',
        66.24,
        'En attente',
        NULL,
        NULL,
        NULL,
        27,
        25
    ),
    (
        320,
        8,
        6,
        84,
        379,
        108,
        6,
        '2021-03-03',
        '18:30:00',
        78.38,
        'En attente',
        NULL,
        NULL,
        NULL,
        43,
        24
    ),
    (
        321,
        69,
        4,
        90,
        701,
        131,
        1,
        '2021-09-20',
        '09:30:00',
        92.54,
        'En cours',
        NULL,
        NULL,
        NULL,
        32,
        54
    ),
    (
        322,
        4,
        7,
        12,
        320,
        16,
        5,
        '2023-12-05',
        '15:30:00',
        17.81,
        'Terminée',
        3.0,
        'Rapide',
        NULL,
        6,
        40
    ),
    (
        323,
        NULL,
        8,
        127,
        937,
        184,
        1,
        '2022-07-27',
        '09:30:00',
        67.92,
        'Terminée',
        3.0,
        NULL,
        NULL,
        19,
        48
    ),
    (
        324,
        43,
        4,
        187,
        771,
        45,
        6,
        '2024-02-13',
        '08:00:00',
        87.76,
        'En cours',
        NULL,
        NULL,
        NULL,
        9,
        22
    ),
    (
        325,
        13,
        6,
        25,
        486,
        12,
        1,
        '2022-04-22',
        '18:30:00',
        10.86,
        'Annulée',
        NULL,
        NULL,
        NULL,
        23,
        26
    ),
    (
        326,
        NULL,
        5,
        173,
        419,
        137,
        5,
        '2022-08-17',
        '14:00:00',
        90.97,
        'En cours',
        NULL,
        NULL,
        NULL,
        21,
        42
    ),
    (
        327,
        38,
        8,
        128,
        1050,
        69,
        7,
        '2022-04-30',
        '14:00:00',
        22.12,
        'Réservée',
        NULL,
        NULL,
        NULL,
        15,
        11
    ),
    (
        328,
        17,
        3,
        8,
        961,
        38,
        6,
        '2023-09-19',
        '12:30:00',
        82.98,
        'Terminée',
        4.5,
        'Satisfaisant',
        15.0,
        8,
        27
    ),
    (
        329,
        19,
        9,
        44,
        773,
        75,
        7,
        '2020-07-29',
        '17:00:00',
        49.89,
        'En cours',
        NULL,
        NULL,
        NULL,
        40,
        48
    ),
    (
        330,
        44,
        6,
        110,
        858,
        87,
        3,
        '2023-11-21',
        '11:00:00',
        13.9,
        'Réservée',
        NULL,
        NULL,
        NULL,
        41,
        11
    ),
    (
        331,
        NULL,
        3,
        78,
        670,
        38,
        6,
        '2025-01-12',
        '08:00:00',
        56.86,
        'Annulée',
        NULL,
        NULL,
        NULL,
        47,
        32
    ),
    (
        332,
        NULL,
        5,
        147,
        977,
        54,
        2,
        '2020-08-02',
        '09:30:00',
        48.75,
        'En cours',
        NULL,
        NULL,
        NULL,
        5,
        10
    ),
    (
        333,
        17,
        8,
        47,
        141,
        172,
        2,
        '2021-11-01',
        '08:00:00',
        97.52,
        'En attente',
        NULL,
        NULL,
        NULL,
        49,
        57
    ),
    (
        334,
        NULL,
        3,
        60,
        592,
        40,
        5,
        '2022-07-19',
        '14:00:00',
        58.24,
        'Annulée',
        NULL,
        NULL,
        NULL,
        44,
        34
    ),
    (
        335,
        57,
        4,
        73,
        269,
        34,
        7,
        '2024-02-13',
        '17:00:00',
        27.86,
        'Réservée',
        NULL,
        NULL,
        NULL,
        43,
        50
    ),
    (
        336,
        NULL,
        7,
        128,
        805,
        183,
        3,
        '2020-06-22',
        '15:30:00',
        71.27,
        'Terminée',
        5.0,
        'Bon travail',
        NULL,
        49,
        31
    ),
    (
        337,
        59,
        7,
        12,
        817,
        26,
        5,
        '2023-01-18',
        '11:00:00',
        22.08,
        'Annulée',
        NULL,
        NULL,
        NULL,
        27,
        18
    ),
    (
        338,
        65,
        2,
        73,
        300,
        163,
        2,
        '2022-07-11',
        '09:30:00',
        78.95,
        'Annulée',
        NULL,
        NULL,
        NULL,
        42,
        56
    ),
    (
        339,
        60,
        1,
        35,
        336,
        151,
        3,
        '2021-06-19',
        '12:30:00',
        56.65,
        'Terminée',
        5.0,
        'Excellente prestation',
        12.0,
        28,
        50
    ),
    (
        340,
        1,
        10,
        128,
        185,
        168,
        2,
        '2021-03-05',
        '08:00:00',
        61.2,
        'Terminée',
        4.0,
        'Service impeccable',
        10.0,
        21,
        17
    ),
    (
        341,
        15,
        1,
        69,
        672,
        102,
        2,
        '2021-06-28',
        '14:00:00',
        23.85,
        'En attente',
        NULL,
        NULL,
        NULL,
        38,
        56
    ),
    (
        342,
        31,
        4,
        139,
        664,
        123,
        1,
        '2021-10-04',
        '08:00:00',
        65.41,
        'Réservée',
        NULL,
        NULL,
        NULL,
        20,
        26
    ),
    (
        343,
        NULL,
        2,
        119,
        1030,
        49,
        6,
        '2021-10-10',
        '15:30:00',
        52.87,
        'En attente',
        NULL,
        NULL,
        NULL,
        25,
        50
    ),
    (
        344,
        38,
        9,
        41,
        244,
        36,
        2,
        '2020-11-21',
        '08:00:00',
        20.08,
        'En cours',
        NULL,
        NULL,
        NULL,
        23,
        29
    ),
    (
        345,
        69,
        7,
        55,
        1057,
        53,
        7,
        '2024-08-05',
        '15:30:00',
        74.09,
        'En attente',
        NULL,
        NULL,
        NULL,
        49,
        22
    ),
    (
        346,
        7,
        5,
        186,
        230,
        70,
        3,
        '2023-01-25',
        '14:00:00',
        86.18,
        'Réservée',
        NULL,
        NULL,
        NULL,
        12,
        31
    ),
    (
        347,
        11,
        1,
        126,
        689,
        153,
        6,
        '2023-08-09',
        '12:30:00',
        21.52,
        'En cours',
        NULL,
        NULL,
        NULL,
        9,
        16
    ),
    (
        348,
        6,
        8,
        60,
        894,
        186,
        6,
        '2022-07-24',
        '14:00:00',
        46.56,
        'En cours',
        NULL,
        NULL,
        NULL,
        9,
        19
    ),
    (
        349,
        13,
        8,
        12,
        966,
        153,
        4,
        '2024-01-04',
        '18:30:00',
        78.75,
        'Réservée',
        NULL,
        NULL,
        NULL,
        36,
        16
    ),
    (
        350,
        6,
        5,
        5,
        798,
        140,
        6,
        '2021-12-13',
        '09:30:00',
        28.1,
        'Réservée',
        NULL,
        NULL,
        NULL,
        49,
        25
    ),
    (
        351,
        20,
        6,
        188,
        607,
        136,
        3,
        '2022-06-27',
        '08:00:00',
        85.38,
        'Terminée',
        4.0,
        'Bon travail',
        NULL,
        42,
        28
    ),
    (
        352,
        48,
        8,
        170,
        675,
        75,
        3,
        '2023-04-05',
        '17:00:00',
        31.37,
        'En cours',
        NULL,
        NULL,
        NULL,
        29,
        37
    ),
    (
        353,
        38,
        3,
        178,
        392,
        127,
        5,
        '2025-01-17',
        '18:30:00',
        38.37,
        'En cours',
        NULL,
        NULL,
        NULL,
        44,
        14
    ),
    (
        354,
        8,
        3,
        165,
        967,
        158,
        3,
        '2024-11-13',
        '17:00:00',
        89.35,
        'En attente',
        NULL,
        NULL,
        NULL,
        11,
        17
    ),
    (
        355,
        26,
        5,
        25,
        1092,
        70,
        1,
        '2020-12-25',
        '18:30:00',
        86.67,
        'Terminée',
        NULL,
        NULL,
        NULL,
        30,
        58
    ),
    (
        356,
        51,
        8,
        67,
        689,
        101,
        3,
        '2021-09-10',
        '18:30:00',
        82.61,
        'Terminée',
        5.0,
        'Satisfaisant',
        12.0,
        5,
        49
    ),
    (
        357,
        58,
        5,
        155,
        117,
        15,
        2,
        '2022-04-28',
        '11:00:00',
        86.99,
        'En attente',
        NULL,
        NULL,
        NULL,
        14,
        30
    ),
    (
        358,
        45,
        9,
        82,
        493,
        92,
        5,
        '2020-05-02',
        '14:00:00',
        80.81,
        'Annulée',
        NULL,
        NULL,
        NULL,
        23,
        13
    ),
    (
        359,
        NULL,
        6,
        150,
        528,
        78,
        3,
        '2023-07-28',
        '14:00:00',
        49.11,
        'Réservée',
        NULL,
        NULL,
        NULL,
        11,
        60
    ),
    (
        360,
        62,
        9,
        175,
        622,
        39,
        2,
        '2024-05-18',
        '17:00:00',
        39.9,
        'Terminée',
        4.5,
        'Rapide',
        10.0,
        13,
        45
    ),
    (
        361,
        22,
        9,
        13,
        914,
        129,
        5,
        '2024-05-04',
        '08:00:00',
        83.25,
        'En cours',
        NULL,
        NULL,
        NULL,
        39,
        50
    ),
    (
        362,
        70,
        4,
        49,
        858,
        19,
        3,
        '2021-04-23',
        '15:30:00',
        97.44,
        'Réservée',
        NULL,
        NULL,
        NULL,
        17,
        55
    ),
    (
        363,
        NULL,
        10,
        57,
        919,
        80,
        4,
        '2022-04-09',
        '09:30:00',
        54.75,
        'En attente',
        NULL,
        NULL,
        NULL,
        37,
        28
    ),
    (
        364,
        10,
        3,
        70,
        516,
        94,
        3,
        '2022-10-09',
        '12:30:00',
        21.04,
        'Annulée',
        NULL,
        NULL,
        NULL,
        17,
        29
    ),
    (
        365,
        NULL,
        2,
        121,
        415,
        152,
        1,
        '2023-02-20',
        '17:00:00',
        47.53,
        'Annulée',
        NULL,
        NULL,
        NULL,
        20,
        15
    ),
    (
        366,
        NULL,
        3,
        125,
        305,
        37,
        3,
        '2022-05-28',
        '08:00:00',
        40.14,
        'Annulée',
        NULL,
        NULL,
        NULL,
        30,
        47
    ),
    (
        367,
        65,
        6,
        57,
        993,
        44,
        3,
        '2023-08-06',
        '18:30:00',
        30.72,
        'En attente',
        NULL,
        NULL,
        NULL,
        40,
        33
    ),
    (
        368,
        48,
        8,
        78,
        463,
        73,
        7,
        '2021-08-05',
        '14:00:00',
        65.39,
        'Réservée',
        NULL,
        NULL,
        NULL,
        45,
        18
    ),
    (
        369,
        50,
        6,
        124,
        894,
        96,
        5,
        '2022-12-30',
        '11:00:00',
        10.46,
        'Annulée',
        NULL,
        NULL,
        NULL,
        13,
        20
    ),
    (
        370,
        46,
        5,
        162,
        1035,
        22,
        5,
        '2022-01-31',
        '11:00:00',
        20.77,
        'Terminée',
        4.5,
        NULL,
        15.0,
        18,
        11
    ),
    (
        371,
        35,
        3,
        55,
        1048,
        72,
        4,
        '2021-04-05',
        '18:30:00',
        94.21,
        'Terminée',
        3.0,
        'Bon travail',
        12.0,
        14,
        34
    ),
    (
        372,
        46,
        4,
        172,
        946,
        53,
        7,
        '2023-10-28',
        '11:00:00',
        43.05,
        'En cours',
        NULL,
        NULL,
        NULL,
        28,
        53
    ),
    (
        373,
        8,
        8,
        25,
        1056,
        4,
        2,
        '2021-04-03',
        '09:30:00',
        32.8,
        'En cours',
        NULL,
        NULL,
        NULL,
        19,
        50
    ),
    (
        374,
        66,
        8,
        38,
        703,
        152,
        5,
        '2023-10-09',
        '14:00:00',
        92.17,
        'Réservée',
        NULL,
        NULL,
        NULL,
        34,
        46
    ),
    (
        375,
        25,
        3,
        129,
        697,
        90,
        4,
        '2024-10-03',
        '09:30:00',
        63.42,
        'En attente',
        NULL,
        NULL,
        NULL,
        12,
        12
    ),
    (
        376,
        43,
        3,
        30,
        272,
        19,
        6,
        '2021-06-21',
        '11:00:00',
        69.0,
        'Terminée',
        4.5,
        'Satisfaisant',
        5.0,
        23,
        43
    ),
    (
        377,
        NULL,
        1,
        130,
        734,
        22,
        3,
        '2022-02-15',
        '18:30:00',
        36.15,
        'En attente',
        NULL,
        NULL,
        NULL,
        27,
        15
    ),
    (
        378,
        NULL,
        10,
        89,
        554,
        73,
        4,
        '2024-01-26',
        '17:00:00',
        25.28,
        'En attente',
        NULL,
        NULL,
        NULL,
        41,
        59
    ),
    (
        379,
        9,
        4,
        151,
        616,
        155,
        1,
        '2022-05-19',
        '17:00:00',
        35.08,
        'Terminée',
        4.0,
        'Service impeccable',
        15.0,
        27,
        53
    ),
    (
        380,
        NULL,
        3,
        27,
        701,
        165,
        3,
        '2023-07-12',
        '14:00:00',
        79.48,
        'En cours',
        NULL,
        NULL,
        NULL,
        44,
        34
    ),
    (
        381,
        24,
        2,
        151,
        785,
        186,
        1,
        '2021-12-16',
        '11:00:00',
        23.16,
        'Réservée',
        NULL,
        NULL,
        NULL,
        46,
        54
    ),
    (
        382,
        53,
        10,
        173,
        715,
        123,
        7,
        '2023-10-06',
        '08:00:00',
        72.26,
        'Réservée',
        NULL,
        NULL,
        NULL,
        34,
        24
    ),
    (
        383,
        64,
        9,
        83,
        426,
        32,
        4,
        '2020-08-07',
        '11:00:00',
        51.01,
        'En cours',
        NULL,
        NULL,
        NULL,
        23,
        25
    ),
    (
        384,
        34,
        5,
        172,
        277,
        131,
        5,
        '2023-09-03',
        '12:30:00',
        58.82,
        'En attente',
        NULL,
        NULL,
        NULL,
        26,
        46
    ),
    (
        385,
        38,
        6,
        138,
        798,
        55,
        3,
        '2022-05-21',
        '12:30:00',
        11.07,
        'Terminée',
        4.5,
        'Bon travail',
        15.0,
        13,
        48
    ),
    (
        386,
        70,
        4,
        81,
        113,
        144,
        5,
        '2020-07-23',
        '15:30:00',
        73.43,
        'Terminée',
        4.0,
        'Service impeccable',
        15.0,
        26,
        41
    ),
    (
        387,
        NULL,
        7,
        53,
        191,
        114,
        4,
        '2024-03-27',
        '12:30:00',
        53.71,
        'Annulée',
        NULL,
        NULL,
        NULL,
        22,
        22
    ),
    (
        388,
        2,
        10,
        146,
        303,
        151,
        6,
        '2024-06-29',
        '17:00:00',
        50.86,
        'En cours',
        NULL,
        NULL,
        NULL,
        17,
        60
    ),
    (
        389,
        20,
        8,
        139,
        1059,
        116,
        6,
        '2023-08-31',
        '09:30:00',
        20.2,
        'En cours',
        NULL,
        NULL,
        NULL,
        30,
        38
    ),
    (
        390,
        NULL,
        9,
        81,
        1039,
        40,
        4,
        '2023-10-02',
        '14:00:00',
        48.39,
        'En attente',
        NULL,
        NULL,
        NULL,
        24,
        37
    ),
    (
        391,
        12,
        8,
        34,
        712,
        2,
        2,
        '2023-10-03',
        '09:30:00',
        74.09,
        'En attente',
        NULL,
        NULL,
        NULL,
        22,
        59
    ),
    (
        392,
        2,
        1,
        19,
        433,
        36,
        1,
        '2023-11-06',
        '12:30:00',
        67.21,
        'En attente',
        NULL,
        NULL,
        NULL,
        36,
        31
    ),
    (
        393,
        23,
        5,
        41,
        736,
        124,
        5,
        '2022-06-27',
        '15:30:00',
        51.65,
        'Terminée',
        5.0,
        'Bon travail',
        5.0,
        46,
        59
    ),
    (
        394,
        60,
        5,
        69,
        625,
        50,
        4,
        '2022-03-29',
        '17:00:00',
        85.63,
        'Annulée',
        NULL,
        NULL,
        NULL,
        20,
        52
    ),
    (
        395,
        49,
        2,
        160,
        814,
        20,
        6,
        '2020-08-31',
        '14:00:00',
        57.87,
        'Annulée',
        NULL,
        NULL,
        NULL,
        15,
        36
    ),
    (
        396,
        31,
        7,
        172,
        667,
        177,
        4,
        '2021-02-02',
        '15:30:00',
        77.27,
        'Annulée',
        NULL,
        NULL,
        NULL,
        20,
        42
    ),
    (
        397,
        26,
        9,
        58,
        1054,
        73,
        7,
        '2021-06-20',
        '18:30:00',
        52.73,
        'Annulée',
        NULL,
        NULL,
        NULL,
        14,
        44
    ),
    (
        398,
        NULL,
        1,
        29,
        909,
        23,
        6,
        '2023-10-28',
        '14:00:00',
        67.76,
        'Annulée',
        NULL,
        NULL,
        NULL,
        30,
        43
    ),
    (
        399,
        37,
        10,
        157,
        298,
        183,
        7,
        '2022-10-29',
        '14:00:00',
        45.9,
        'Réservée',
        NULL,
        NULL,
        NULL,
        24,
        28
    ),
    (
        400,
        9,
        2,
        159,
        596,
        165,
        6,
        '2020-12-23',
        '17:00:00',
        21.05,
        'En attente',
        NULL,
        NULL,
        NULL,
        25,
        16
    ),
    (
        401,
        49,
        2,
        27,
        582,
        44,
        3,
        '2020-09-01',
        '12:30:00',
        95.84,
        'Réservée',
        NULL,
        NULL,
        NULL,
        40,
        14
    ),
    (
        402,
        NULL,
        4,
        94,
        274,
        78,
        4,
        '2021-08-07',
        '11:00:00',
        70.42,
        'En attente',
        NULL,
        NULL,
        NULL,
        6,
        16
    ),
    (
        403,
        2,
        1,
        165,
        1044,
        85,
        3,
        '2023-10-16',
        '08:00:00',
        59.32,
        'Terminée',
        3.0,
        'Service impeccable',
        12.0,
        39,
        10
    ),
    (
        404,
        NULL,
        2,
        103,
        1074,
        128,
        3,
        '2023-12-25',
        '14:00:00',
        35.64,
        'En attente',
        NULL,
        NULL,
        NULL,
        30,
        25
    ),
    (
        405,
        19,
        2,
        36,
        541,
        35,
        1,
        '2021-08-20',
        '11:00:00',
        64.08,
        'Terminée',
        3.0,
        'Service impeccable',
        10.0,
        39,
        16
    ),
    (
        406,
        NULL,
        5,
        174,
        767,
        31,
        2,
        '2021-10-04',
        '12:30:00',
        97.64,
        'Terminée',
        4.5,
        'Rapide',
        5.0,
        26,
        57
    ),
    (
        407,
        NULL,
        3,
        16,
        278,
        158,
        2,
        '2022-09-25',
        '18:30:00',
        50.71,
        'Terminée',
        4.5,
        'Service impeccable',
        15.0,
        40,
        59
    ),
    (
        408,
        28,
        3,
        45,
        705,
        9,
        5,
        '2024-03-15',
        '17:00:00',
        11.05,
        'Annulée',
        NULL,
        NULL,
        NULL,
        34,
        57
    ),
    (
        409,
        16,
        10,
        136,
        1067,
        12,
        7,
        '2021-01-23',
        '18:30:00',
        60.41,
        'Réservée',
        NULL,
        NULL,
        NULL,
        11,
        46
    ),
    (
        410,
        11,
        9,
        149,
        598,
        57,
        7,
        '2021-12-23',
        '14:00:00',
        14.12,
        'En cours',
        NULL,
        NULL,
        NULL,
        22,
        27
    ),
    (
        411,
        26,
        7,
        45,
        651,
        160,
        7,
        '2020-09-26',
        '17:00:00',
        21.07,
        'En cours',
        NULL,
        NULL,
        NULL,
        26,
        43
    ),
    (
        412,
        13,
        10,
        59,
        1019,
        56,
        4,
        '2023-01-11',
        '18:30:00',
        80.49,
        'Réservée',
        NULL,
        NULL,
        NULL,
        13,
        53
    ),
    (
        413,
        60,
        9,
        57,
        771,
        78,
        6,
        '2021-11-07',
        '09:30:00',
        18.83,
        'Terminée',
        NULL,
        NULL,
        NULL,
        27,
        57
    ),
    (
        414,
        NULL,
        1,
        130,
        631,
        67,
        3,
        '2020-07-15',
        '09:30:00',
        30.81,
        'En cours',
        NULL,
        NULL,
        NULL,
        28,
        18
    ),
    (
        415,
        1,
        3,
        67,
        201,
        98,
        7,
        '2020-06-21',
        '08:00:00',
        68.98,
        'Terminée',
        3.0,
        'Bon travail',
        10.0,
        11,
        45
    ),
    (
        416,
        37,
        1,
        183,
        225,
        187,
        1,
        '2023-06-28',
        '11:00:00',
        37.28,
        'En attente',
        NULL,
        NULL,
        NULL,
        13,
        53
    ),
    (
        417,
        51,
        9,
        124,
        520,
        159,
        5,
        '2024-02-25',
        '14:00:00',
        19.27,
        'Réservée',
        NULL,
        NULL,
        NULL,
        33,
        55
    ),
    (
        418,
        63,
        9,
        51,
        1076,
        4,
        5,
        '2023-04-23',
        '11:00:00',
        68.06,
        'Réservée',
        NULL,
        NULL,
        NULL,
        37,
        16
    ),
    (
        419,
        67,
        5,
        136,
        183,
        137,
        7,
        '2023-07-30',
        '18:30:00',
        47.23,
        'En cours',
        NULL,
        NULL,
        NULL,
        34,
        40
    ),
    (
        420,
        66,
        10,
        174,
        746,
        8,
        4,
        '2023-03-18',
        '17:00:00',
        24.28,
        'Réservée',
        NULL,
        NULL,
        NULL,
        17,
        22
    ),
    (
        421,
        30,
        5,
        20,
        230,
        63,
        7,
        '2024-01-30',
        '11:00:00',
        83.56,
        'En cours',
        NULL,
        NULL,
        NULL,
        44,
        23
    ),
    (
        422,
        NULL,
        9,
        84,
        431,
        41,
        4,
        '2021-01-18',
        '08:00:00',
        62.9,
        'Réservée',
        NULL,
        NULL,
        NULL,
        12,
        31
    ),
    (
        423,
        39,
        9,
        16,
        1005,
        182,
        1,
        '2020-05-11',
        '18:30:00',
        51.54,
        'Annulée',
        NULL,
        NULL,
        NULL,
        48,
        27
    ),
    (
        424,
        36,
        4,
        13,
        1028,
        183,
        3,
        '2020-11-03',
        '11:00:00',
        88.46,
        'Annulée',
        NULL,
        NULL,
        NULL,
        37,
        11
    ),
    (
        425,
        NULL,
        9,
        96,
        915,
        124,
        2,
        '2022-09-17',
        '17:00:00',
        48.86,
        'En attente',
        NULL,
        NULL,
        NULL,
        21,
        37
    ),
    (
        426,
        65,
        8,
        16,
        640,
        140,
        6,
        '2024-11-29',
        '12:30:00',
        48.63,
        'En cours',
        NULL,
        NULL,
        NULL,
        7,
        34
    ),
    (
        427,
        NULL,
        2,
        119,
        461,
        92,
        6,
        '2022-09-24',
        '12:30:00',
        31.95,
        'Terminée',
        4.5,
        NULL,
        15.0,
        28,
        32
    ),
    (
        428,
        21,
        8,
        8,
        818,
        136,
        6,
        '2021-06-27',
        '15:30:00',
        87.42,
        'Terminée',
        3.0,
        'Excellente prestation',
        10.0,
        17,
        57
    ),
    (
        429,
        10,
        1,
        101,
        716,
        91,
        5,
        '2021-08-14',
        '15:30:00',
        84.58,
        'En attente',
        NULL,
        NULL,
        NULL,
        22,
        14
    ),
    (
        430,
        48,
        3,
        85,
        668,
        2,
        3,
        '2022-01-30',
        '12:30:00',
        35.68,
        'En attente',
        NULL,
        NULL,
        NULL,
        11,
        20
    ),
    (
        431,
        2,
        6,
        32,
        305,
        85,
        3,
        '2022-01-14',
        '09:30:00',
        76.76,
        'Réservée',
        NULL,
        NULL,
        NULL,
        45,
        13
    ),
    (
        432,
        67,
        1,
        73,
        132,
        34,
        7,
        '2021-06-09',
        '17:00:00',
        31.1,
        'En attente',
        NULL,
        NULL,
        NULL,
        33,
        37
    ),
    (
        433,
        NULL,
        3,
        44,
        1025,
        157,
        4,
        '2022-03-16',
        '09:30:00',
        77.41,
        'Annulée',
        NULL,
        NULL,
        NULL,
        14,
        20
    ),
    (
        434,
        49,
        4,
        85,
        361,
        19,
        6,
        '2024-09-06',
        '17:00:00',
        47.77,
        'Réservée',
        NULL,
        NULL,
        NULL,
        47,
        39
    ),
    (
        435,
        NULL,
        1,
        96,
        375,
        18,
        6,
        '2023-07-06',
        '14:00:00',
        52.58,
        'En attente',
        NULL,
        NULL,
        NULL,
        27,
        48
    ),
    (
        436,
        34,
        8,
        117,
        969,
        84,
        7,
        '2024-09-19',
        '08:00:00',
        24.53,
        'Réservée',
        NULL,
        NULL,
        NULL,
        46,
        52
    ),
    (
        437,
        50,
        3,
        55,
        155,
        85,
        7,
        '2024-05-01',
        '11:00:00',
        35.75,
        'Annulée',
        NULL,
        NULL,
        NULL,
        43,
        32
    ),
    (
        438,
        66,
        8,
        141,
        401,
        127,
        2,
        '2023-10-09',
        '11:00:00',
        98.75,
        'En attente',
        NULL,
        NULL,
        NULL,
        30,
        37
    ),
    (
        439,
        31,
        5,
        106,
        805,
        188,
        4,
        '2021-02-01',
        '17:00:00',
        74.58,
        'En cours',
        NULL,
        NULL,
        NULL,
        16,
        48
    ),
    (
        440,
        23,
        9,
        157,
        1092,
        107,
        3,
        '2023-12-13',
        '15:30:00',
        91.84,
        'En attente',
        NULL,
        NULL,
        NULL,
        29,
        26
    ),
    (
        441,
        28,
        5,
        182,
        748,
        73,
        5,
        '2024-03-29',
        '14:00:00',
        44.68,
        'En cours',
        NULL,
        NULL,
        NULL,
        31,
        20
    ),
    (
        442,
        35,
        3,
        100,
        853,
        107,
        3,
        '2020-11-25',
        '08:00:00',
        27.23,
        'Terminée',
        4.5,
        NULL,
        15.0,
        50,
        25
    ),
    (
        443,
        1,
        2,
        100,
        109,
        188,
        2,
        '2021-10-06',
        '18:30:00',
        24.36,
        'Terminée',
        4.0,
        'Rapide',
        5.0,
        47,
        22
    ),
    (
        444,
        38,
        7,
        111,
        1010,
        89,
        3,
        '2023-06-25',
        '17:00:00',
        65.65,
        'En attente',
        NULL,
        NULL,
        NULL,
        15,
        13
    ),
    (
        445,
        13,
        7,
        73,
        217,
        140,
        1,
        '2021-08-29',
        '14:00:00',
        91.23,
        'Terminée',
        5.0,
        'Bon travail',
        5.0,
        13,
        38
    ),
    (
        446,
        60,
        1,
        95,
        1030,
        120,
        5,
        '2022-06-19',
        '15:30:00',
        46.14,
        'Terminée',
        4.0,
        'Excellente prestation',
        15.0,
        32,
        53
    ),
    (
        447,
        32,
        2,
        82,
        639,
        123,
        1,
        '2020-11-21',
        '18:30:00',
        47.06,
        'En attente',
        NULL,
        NULL,
        NULL,
        6,
        48
    ),
    (
        448,
        4,
        9,
        129,
        185,
        138,
        2,
        '2023-08-31',
        '14:00:00',
        73.35,
        'Réservée',
        NULL,
        NULL,
        NULL,
        18,
        46
    ),
    (
        449,
        67,
        4,
        31,
        807,
        67,
        7,
        '2022-12-27',
        '11:00:00',
        88.85,
        'Annulée',
        NULL,
        NULL,
        NULL,
        18,
        60
    ),
    (
        450,
        NULL,
        7,
        149,
        832,
        35,
        1,
        '2021-01-30',
        '11:00:00',
        97.31,
        'En cours',
        NULL,
        NULL,
        NULL,
        22,
        41
    ),
    (
        451,
        NULL,
        3,
        62,
        118,
        126,
        4,
        '2024-06-09',
        '11:00:00',
        25.44,
        'Terminée',
        5.0,
        'Satisfaisant',
        NULL,
        44,
        42
    ),
    (
        452,
        63,
        3,
        143,
        283,
        182,
        6,
        '2023-09-10',
        '18:30:00',
        30.82,
        'Terminée',
        4.5,
        'Satisfaisant',
        15.0,
        12,
        22
    ),
    (
        453,
        19,
        10,
        145,
        347,
        162,
        1,
        '2020-07-18',
        '12:30:00',
        52.14,
        'En attente',
        NULL,
        NULL,
        NULL,
        47,
        26
    ),
    (
        454,
        67,
        1,
        101,
        548,
        177,
        7,
        '2024-05-09',
        '18:30:00',
        28.42,
        'Réservée',
        NULL,
        NULL,
        NULL,
        25,
        53
    ),
    (
        455,
        52,
        9,
        18,
        336,
        18,
        3,
        '2021-06-15',
        '09:30:00',
        21.18,
        'Réservée',
        NULL,
        NULL,
        NULL,
        41,
        10
    ),
    (
        456,
        63,
        6,
        169,
        772,
        3,
        1,
        '2021-03-04',
        '17:00:00',
        12.87,
        'En cours',
        NULL,
        NULL,
        NULL,
        35,
        18
    ),
    (
        457,
        9,
        10,
        124,
        276,
        163,
        4,
        '2020-06-02',
        '09:30:00',
        47.48,
        'Réservée',
        NULL,
        NULL,
        NULL,
        17,
        12
    ),
    (
        458,
        NULL,
        3,
        143,
        216,
        146,
        4,
        '2022-11-07',
        '09:30:00',
        14.59,
        'En cours',
        NULL,
        NULL,
        NULL,
        35,
        15
    ),
    (
        459,
        NULL,
        6,
        9,
        836,
        164,
        2,
        '2023-06-10',
        '14:00:00',
        84.16,
        'En cours',
        NULL,
        NULL,
        NULL,
        21,
        35
    ),
    (
        460,
        50,
        4,
        136,
        617,
        126,
        7,
        '2024-12-04',
        '09:30:00',
        46.05,
        'Terminée',
        4.0,
        NULL,
        5.0,
        11,
        31
    ),
    (
        461,
        65,
        1,
        5,
        748,
        53,
        5,
        '2024-07-15',
        '11:00:00',
        25.88,
        'Annulée',
        NULL,
        NULL,
        NULL,
        42,
        49
    ),
    (
        462,
        NULL,
        2,
        184,
        443,
        72,
        6,
        '2023-01-23',
        '15:30:00',
        22.0,
        'Annulée',
        NULL,
        NULL,
        NULL,
        16,
        46
    ),
    (
        463,
        60,
        5,
        61,
        832,
        75,
        6,
        '2024-09-13',
        '09:30:00',
        77.36,
        'Terminée',
        NULL,
        NULL,
        NULL,
        12,
        46
    ),
    (
        464,
        14,
        8,
        92,
        850,
        24,
        5,
        '2024-05-04',
        '15:30:00',
        86.67,
        'Réservée',
        NULL,
        NULL,
        NULL,
        6,
        43
    ),
    (
        465,
        NULL,
        4,
        142,
        586,
        93,
        2,
        '2025-01-23',
        '11:00:00',
        69.49,
        'En attente',
        NULL,
        NULL,
        NULL,
        27,
        31
    ),
    (
        466,
        52,
        10,
        15,
        918,
        54,
        7,
        '2023-03-31',
        '14:00:00',
        95.06,
        'Réservée',
        NULL,
        NULL,
        NULL,
        40,
        22
    ),
    (
        467,
        68,
        5,
        4,
        576,
        153,
        4,
        '2022-04-16',
        '08:00:00',
        60.39,
        'En cours',
        NULL,
        NULL,
        NULL,
        18,
        59
    ),
    (
        468,
        NULL,
        9,
        73,
        738,
        76,
        3,
        '2022-08-16',
        '15:30:00',
        58.34,
        'Annulée',
        NULL,
        NULL,
        NULL,
        40,
        19
    ),
    (
        469,
        12,
        5,
        105,
        780,
        11,
        7,
        '2023-08-18',
        '09:30:00',
        28.0,
        'Terminée',
        NULL,
        NULL,
        NULL,
        32,
        39
    ),
    (
        470,
        51,
        8,
        67,
        211,
        12,
        7,
        '2023-11-10',
        '15:30:00',
        68.48,
        'En attente',
        NULL,
        NULL,
        NULL,
        26,
        51
    ),
    (
        471,
        10,
        8,
        100,
        636,
        71,
        3,
        '2023-10-22',
        '08:00:00',
        80.91,
        'En cours',
        NULL,
        NULL,
        NULL,
        20,
        40
    ),
    (
        472,
        24,
        9,
        56,
        322,
        142,
        5,
        '2022-02-25',
        '11:00:00',
        94.39,
        'En cours',
        NULL,
        NULL,
        NULL,
        7,
        31
    ),
    (
        473,
        NULL,
        1,
        135,
        547,
        140,
        2,
        '2024-03-15',
        '18:30:00',
        79.15,
        'Annulée',
        NULL,
        NULL,
        NULL,
        14,
        11
    ),
    (
        474,
        59,
        9,
        18,
        571,
        166,
        7,
        '2023-09-23',
        '08:00:00',
        88.55,
        'En cours',
        NULL,
        NULL,
        NULL,
        23,
        26
    ),
    (
        475,
        11,
        6,
        74,
        518,
        37,
        1,
        '2021-11-02',
        '17:00:00',
        57.44,
        'En attente',
        NULL,
        NULL,
        NULL,
        46,
        21
    ),
    (
        476,
        NULL,
        6,
        67,
        259,
        137,
        5,
        '2024-05-13',
        '09:30:00',
        92.53,
        'Réservée',
        NULL,
        NULL,
        NULL,
        6,
        21
    ),
    (
        477,
        55,
        7,
        76,
        372,
        185,
        5,
        '2022-08-21',
        '17:00:00',
        99.07,
        'Annulée',
        NULL,
        NULL,
        NULL,
        39,
        14
    ),
    (
        478,
        66,
        3,
        23,
        1107,
        109,
        3,
        '2020-10-08',
        '08:00:00',
        81.98,
        'Terminée',
        NULL,
        NULL,
        NULL,
        47,
        51
    ),
    (
        479,
        4,
        10,
        160,
        118,
        169,
        1,
        '2022-02-15',
        '17:00:00',
        50.63,
        'Annulée',
        NULL,
        NULL,
        NULL,
        38,
        60
    ),
    (
        480,
        67,
        6,
        164,
        255,
        126,
        2,
        '2023-05-10',
        '11:00:00',
        73.84,
        'En cours',
        NULL,
        NULL,
        NULL,
        39,
        15
    ),
    (
        481,
        38,
        1,
        8,
        232,
        158,
        4,
        '2020-09-11',
        '11:00:00',
        58.42,
        'Terminée',
        4.0,
        'Bon travail',
        5.0,
        39,
        60
    ),
    (
        482,
        8,
        1,
        47,
        238,
        83,
        1,
        '2022-12-04',
        '11:00:00',
        31.95,
        'Terminée',
        4.0,
        'Service impeccable',
        5.0,
        5,
        11
    ),
    (
        483,
        39,
        4,
        107,
        459,
        71,
        1,
        '2022-08-28',
        '11:00:00',
        54.66,
        'Annulée',
        NULL,
        NULL,
        NULL,
        14,
        11
    ),
    (
        484,
        38,
        1,
        93,
        607,
        44,
        5,
        '2021-03-05',
        '18:30:00',
        29.3,
        'En cours',
        NULL,
        NULL,
        NULL,
        47,
        54
    ),
    (
        485,
        8,
        9,
        44,
        619,
        78,
        5,
        '2024-07-28',
        '11:00:00',
        51.12,
        'Terminée',
        3.0,
        'Excellente prestation',
        NULL,
        34,
        47
    ),
    (
        486,
        5,
        5,
        135,
        164,
        91,
        5,
        '2024-10-29',
        '18:30:00',
        62.95,
        'Annulée',
        NULL,
        NULL,
        NULL,
        10,
        32
    ),
    (
        487,
        27,
        7,
        43,
        473,
        20,
        7,
        '2021-09-14',
        '08:00:00',
        15.17,
        'En cours',
        NULL,
        NULL,
        NULL,
        5,
        27
    ),
    (
        488,
        29,
        1,
        54,
        1046,
        145,
        2,
        '2022-09-03',
        '11:00:00',
        46.77,
        'Réservée',
        NULL,
        NULL,
        NULL,
        42,
        13
    ),
    (
        489,
        28,
        6,
        45,
        200,
        153,
        5,
        '2023-06-18',
        '14:00:00',
        36.81,
        'Terminée',
        NULL,
        NULL,
        NULL,
        24,
        27
    ),
    (
        490,
        12,
        7,
        161,
        590,
        81,
        3,
        '2021-11-02',
        '09:30:00',
        87.33,
        'Réservée',
        NULL,
        NULL,
        NULL,
        36,
        48
    ),
    (
        491,
        45,
        6,
        143,
        600,
        72,
        7,
        '2022-12-20',
        '17:00:00',
        26.32,
        'En cours',
        NULL,
        NULL,
        NULL,
        49,
        45
    ),
    (
        492,
        20,
        9,
        81,
        1091,
        128,
        7,
        '2024-08-25',
        '11:00:00',
        23.45,
        'Annulée',
        NULL,
        NULL,
        NULL,
        10,
        36
    ),
    (
        493,
        NULL,
        8,
        151,
        812,
        125,
        5,
        '2022-08-15',
        '18:30:00',
        15.99,
        'Réservée',
        NULL,
        NULL,
        NULL,
        39,
        23
    ),
    (
        494,
        9,
        8,
        172,
        129,
        97,
        3,
        '2022-07-16',
        '17:00:00',
        69.86,
        'Terminée',
        5.0,
        'Bon travail',
        12.0,
        20,
        60
    ),
    (
        495,
        NULL,
        7,
        75,
        120,
        77,
        7,
        '2022-04-26',
        '14:00:00',
        13.5,
        'En cours',
        NULL,
        NULL,
        NULL,
        22,
        23
    ),
    (
        496,
        32,
        4,
        164,
        962,
        177,
        3,
        '2023-06-07',
        '08:00:00',
        20.98,
        'Annulée',
        NULL,
        NULL,
        NULL,
        12,
        27
    ),
    (
        497,
        32,
        9,
        80,
        340,
        148,
        7,
        '2023-09-20',
        '14:00:00',
        28.93,
        'Terminée',
        3.0,
        NULL,
        5.0,
        33,
        22
    ),
    (
        498,
        4,
        4,
        37,
        665,
        177,
        6,
        '2021-11-18',
        '08:00:00',
        72.4,
        'En cours',
        NULL,
        NULL,
        NULL,
        9,
        58
    ),
    (
        499,
        40,
        7,
        60,
        702,
        5,
        2,
        '2021-06-23',
        '11:00:00',
        31.29,
        'Terminée',
        4.0,
        'Service impeccable',
        NULL,
        43,
        44
    ),
    (
        500,
        51,
        10,
        117,
        233,
        94,
        3,
        '2021-07-14',
        '17:00:00',
        16.56,
        'Réservée',
        NULL,
        NULL,
        NULL,
        48,
        36
    ),
    (
        501,
        7,
        4,
        19,
        941,
        166,
        6,
        '2023-10-19',
        '11:00:00',
        22.17,
        'En attente',
        NULL,
        NULL,
        NULL,
        8,
        49
    ),
    (
        502,
        NULL,
        3,
        125,
        191,
        135,
        7,
        '2022-05-26',
        '14:00:00',
        45.31,
        'Annulée',
        NULL,
        NULL,
        NULL,
        36,
        51
    ),
    (
        503,
        1,
        7,
        30,
        243,
        1,
        4,
        '2024-03-17',
        '09:30:00',
        42.48,
        'En cours',
        NULL,
        NULL,
        NULL,
        28,
        14
    ),
    (
        504,
        60,
        4,
        85,
        585,
        95,
        7,
        '2024-02-09',
        '08:00:00',
        49.98,
        'En attente',
        NULL,
        NULL,
        NULL,
        21,
        30
    ),
    (
        505,
        49,
        4,
        140,
        262,
        74,
        6,
        '2021-05-12',
        '18:30:00',
        76.55,
        'Réservée',
        NULL,
        NULL,
        NULL,
        44,
        22
    ),
    (
        506,
        41,
        10,
        113,
        119,
        124,
        3,
        '2020-04-11',
        '09:30:00',
        95.68,
        'En attente',
        NULL,
        NULL,
        NULL,
        45,
        56
    ),
    (
        507,
        56,
        2,
        187,
        1060,
        9,
        7,
        '2023-12-12',
        '09:30:00',
        39.67,
        'Réservée',
        NULL,
        NULL,
        NULL,
        23,
        15
    ),
    (
        508,
        18,
        10,
        74,
        514,
        105,
        1,
        '2024-01-24',
        '15:30:00',
        31.74,
        'Terminée',
        NULL,
        NULL,
        NULL,
        30,
        42
    ),
    (
        509,
        NULL,
        2,
        68,
        779,
        53,
        3,
        '2024-12-26',
        '17:00:00',
        61.5,
        'Terminée',
        3.0,
        'Service impeccable',
        5.0,
        18,
        56
    ),
    (
        510,
        51,
        5,
        100,
        608,
        20,
        7,
        '2024-11-18',
        '08:00:00',
        21.04,
        'Réservée',
        NULL,
        NULL,
        NULL,
        20,
        49
    ),
    (
        511,
        15,
        2,
        89,
        381,
        102,
        6,
        '2024-06-06',
        '12:30:00',
        47.73,
        'Annulée',
        NULL,
        NULL,
        NULL,
        17,
        16
    ),
    (
        512,
        21,
        6,
        60,
        544,
        71,
        6,
        '2024-08-02',
        '11:00:00',
        69.77,
        'Réservée',
        NULL,
        NULL,
        NULL,
        21,
        10
    ),
    (
        513,
        37,
        6,
        187,
        607,
        74,
        4,
        '2023-03-14',
        '15:30:00',
        72.9,
        'En cours',
        NULL,
        NULL,
        NULL,
        30,
        49
    ),
    (
        514,
        NULL,
        6,
        16,
        777,
        142,
        3,
        '2022-08-31',
        '15:30:00',
        87.88,
        'En cours',
        NULL,
        NULL,
        NULL,
        28,
        60
    ),
    (
        515,
        55,
        3,
        151,
        338,
        173,
        2,
        '2021-04-12',
        '09:30:00',
        52.18,
        'Terminée',
        3.0,
        NULL,
        15.0,
        37,
        58
    ),
    (
        516,
        NULL,
        4,
        161,
        284,
        37,
        4,
        '2020-04-30',
        '15:30:00',
        29.14,
        'Terminée',
        4.0,
        'Service impeccable',
        12.0,
        14,
        55
    ),
    (
        517,
        NULL,
        4,
        43,
        727,
        179,
        2,
        '2021-07-04',
        '18:30:00',
        90.27,
        'Réservée',
        NULL,
        NULL,
        NULL,
        14,
        59
    ),
    (
        518,
        29,
        4,
        107,
        1058,
        147,
        3,
        '2022-02-07',
        '15:30:00',
        24.59,
        'Réservée',
        NULL,
        NULL,
        NULL,
        36,
        41
    ),
    (
        519,
        NULL,
        6,
        85,
        628,
        101,
        4,
        '2021-12-06',
        '09:30:00',
        81.33,
        'Annulée',
        NULL,
        NULL,
        NULL,
        46,
        58
    ),
    (
        520,
        17,
        4,
        92,
        142,
        83,
        7,
        '2024-08-06',
        '09:30:00',
        88.42,
        'En attente',
        NULL,
        NULL,
        NULL,
        22,
        60
    ),
    (
        521,
        14,
        1,
        44,
        1024,
        92,
        3,
        '2021-08-26',
        '12:30:00',
        27.29,
        'Réservée',
        NULL,
        NULL,
        NULL,
        30,
        49
    ),
    (
        522,
        NULL,
        6,
        144,
        150,
        116,
        2,
        '2024-09-08',
        '12:30:00',
        75.33,
        'Réservée',
        NULL,
        NULL,
        NULL,
        6,
        19
    ),
    (
        523,
        11,
        9,
        82,
        962,
        116,
        5,
        '2024-03-07',
        '11:00:00',
        65.33,
        'En attente',
        NULL,
        NULL,
        NULL,
        31,
        52
    ),
    (
        524,
        63,
        7,
        36,
        466,
        146,
        3,
        '2025-01-09',
        '08:00:00',
        74.6,
        'En attente',
        NULL,
        NULL,
        NULL,
        43,
        13
    ),
    (
        525,
        NULL,
        5,
        181,
        488,
        42,
        7,
        '2022-01-30',
        '09:30:00',
        64.22,
        'Annulée',
        NULL,
        NULL,
        NULL,
        43,
        46
    ),
    (
        526,
        10,
        8,
        141,
        124,
        29,
        2,
        '2023-03-07',
        '11:00:00',
        16.12,
        'Annulée',
        NULL,
        NULL,
        NULL,
        50,
        41
    ),
    (
        527,
        NULL,
        3,
        65,
        616,
        126,
        2,
        '2020-05-18',
        '18:30:00',
        72.45,
        'En attente',
        NULL,
        NULL,
        NULL,
        14,
        46
    ),
    (
        528,
        2,
        6,
        138,
        293,
        180,
        7,
        '2024-02-07',
        '09:30:00',
        58.04,
        'Terminée',
        3.0,
        'Bon travail',
        15.0,
        22,
        14
    ),
    (
        529,
        NULL,
        7,
        153,
        1077,
        120,
        1,
        '2023-12-12',
        '09:30:00',
        91.52,
        'En attente',
        NULL,
        NULL,
        NULL,
        32,
        37
    ),
    (
        530,
        10,
        3,
        113,
        821,
        118,
        4,
        '2024-05-18',
        '17:00:00',
        68.57,
        'En attente',
        NULL,
        NULL,
        NULL,
        17,
        51
    ),
    (
        531,
        50,
        2,
        45,
        1050,
        83,
        3,
        '2022-04-07',
        '17:00:00',
        55.99,
        'Réservée',
        NULL,
        NULL,
        NULL,
        39,
        35
    ),
    (
        532,
        4,
        8,
        1,
        1039,
        39,
        5,
        '2024-05-17',
        '18:30:00',
        14.36,
        'Réservée',
        NULL,
        NULL,
        NULL,
        33,
        46
    ),
    (
        533,
        NULL,
        8,
        72,
        1034,
        118,
        4,
        '2024-07-05',
        '09:30:00',
        41.84,
        'Annulée',
        NULL,
        NULL,
        NULL,
        26,
        26
    ),
    (
        534,
        6,
        10,
        179,
        412,
        75,
        3,
        '2023-07-02',
        '09:30:00',
        61.36,
        'En attente',
        NULL,
        NULL,
        NULL,
        31,
        44
    ),
    (
        535,
        48,
        2,
        184,
        1072,
        134,
        2,
        '2024-05-08',
        '09:30:00',
        85.18,
        'Réservée',
        NULL,
        NULL,
        NULL,
        12,
        48
    ),
    (
        536,
        43,
        9,
        73,
        668,
        93,
        2,
        '2024-12-17',
        '18:30:00',
        52.84,
        'En attente',
        NULL,
        NULL,
        NULL,
        49,
        13
    ),
    (
        537,
        2,
        8,
        118,
        311,
        161,
        7,
        '2024-03-16',
        '08:00:00',
        19.74,
        'Annulée',
        NULL,
        NULL,
        NULL,
        25,
        38
    ),
    (
        538,
        28,
        10,
        54,
        954,
        23,
        1,
        '2025-01-15',
        '12:30:00',
        47.21,
        'En attente',
        NULL,
        NULL,
        NULL,
        49,
        28
    ),
    (
        539,
        46,
        7,
        48,
        112,
        7,
        1,
        '2021-07-17',
        '08:00:00',
        73.24,
        'Terminée',
        3.0,
        'Bon travail',
        15.0,
        46,
        27
    ),
    (
        540,
        69,
        10,
        48,
        895,
        43,
        7,
        '2022-01-16',
        '12:30:00',
        73.55,
        'En attente',
        NULL,
        NULL,
        NULL,
        46,
        18
    ),
    (
        541,
        42,
        7,
        93,
        854,
        24,
        3,
        '2024-03-24',
        '15:30:00',
        13.54,
        'En cours',
        NULL,
        NULL,
        NULL,
        26,
        24
    ),
    (
        542,
        6,
        10,
        13,
        123,
        122,
        3,
        '2024-08-04',
        '08:00:00',
        72.83,
        'Terminée',
        4.5,
        NULL,
        NULL,
        44,
        19
    ),
    (
        543,
        63,
        8,
        54,
        632,
        142,
        4,
        '2024-10-26',
        '08:00:00',
        42.3,
        'En cours',
        NULL,
        NULL,
        NULL,
        33,
        34
    ),
    (
        544,
        19,
        8,
        25,
        544,
        128,
        3,
        '2024-05-27',
        '09:30:00',
        72.18,
        'Terminée',
        3.0,
        'Service impeccable',
        NULL,
        39,
        40
    ),
    (
        545,
        NULL,
        9,
        167,
        264,
        86,
        6,
        '2022-02-01',
        '17:00:00',
        29.96,
        'Terminée',
        3.0,
        'Rapide',
        15.0,
        5,
        49
    ),
    (
        546,
        64,
        8,
        20,
        721,
        128,
        7,
        '2023-04-16',
        '08:00:00',
        14.69,
        'En attente',
        NULL,
        NULL,
        NULL,
        32,
        37
    ),
    (
        547,
        47,
        4,
        12,
        415,
        164,
        5,
        '2022-01-26',
        '12:30:00',
        26.76,
        'En cours',
        NULL,
        NULL,
        NULL,
        48,
        38
    ),
    (
        548,
        46,
        10,
        144,
        1113,
        176,
        7,
        '2024-10-04',
        '17:00:00',
        88.92,
        'En cours',
        NULL,
        NULL,
        NULL,
        29,
        59
    ),
    (
        549,
        41,
        3,
        146,
        1020,
        25,
        1,
        '2024-03-19',
        '09:30:00',
        49.7,
        'Réservée',
        NULL,
        NULL,
        NULL,
        38,
        21
    ),
    (
        550,
        50,
        6,
        22,
        993,
        123,
        1,
        '2023-03-25',
        '14:00:00',
        22.84,
        'Annulée',
        NULL,
        NULL,
        NULL,
        15,
        45
    ),
    (
        551,
        NULL,
        6,
        19,
        1108,
        53,
        2,
        '2024-07-30',
        '17:00:00',
        32.13,
        'En attente',
        NULL,
        NULL,
        NULL,
        41,
        58
    ),
    (
        552,
        66,
        1,
        6,
        913,
        163,
        1,
        '2021-12-17',
        '09:30:00',
        28.23,
        'En cours',
        NULL,
        NULL,
        NULL,
        44,
        47
    ),
    (
        553,
        NULL,
        9,
        179,
        184,
        92,
        4,
        '2021-06-03',
        '08:00:00',
        82.69,
        'En attente',
        NULL,
        NULL,
        NULL,
        38,
        33
    ),
    (
        554,
        NULL,
        9,
        143,
        107,
        74,
        5,
        '2021-03-24',
        '14:00:00',
        99.93,
        'Terminée',
        NULL,
        NULL,
        NULL,
        29,
        55
    ),
    (
        555,
        2,
        6,
        47,
        624,
        182,
        6,
        '2021-11-20',
        '12:30:00',
        75.97,
        'Terminée',
        4.5,
        'Service impeccable',
        12.0,
        46,
        52
    ),
    (
        556,
        16,
        5,
        45,
        788,
        154,
        6,
        '2023-07-01',
        '17:00:00',
        31.57,
        'En cours',
        NULL,
        NULL,
        NULL,
        11,
        28
    ),
    (
        557,
        69,
        8,
        73,
        1009,
        162,
        7,
        '2024-03-25',
        '11:00:00',
        73.97,
        'Annulée',
        NULL,
        NULL,
        NULL,
        36,
        26
    ),
    (
        558,
        44,
        6,
        91,
        982,
        34,
        7,
        '2023-11-11',
        '09:30:00',
        52.64,
        'Réservée',
        NULL,
        NULL,
        NULL,
        30,
        16
    ),
    (
        559,
        54,
        9,
        22,
        1077,
        163,
        6,
        '2023-07-30',
        '18:30:00',
        24.65,
        'Terminée',
        5.0,
        'Rapide',
        10.0,
        30,
        13
    ),
    (
        560,
        56,
        1,
        147,
        416,
        49,
        3,
        '2021-11-10',
        '14:00:00',
        21.55,
        'Réservée',
        NULL,
        NULL,
        NULL,
        20,
        59
    ),
    (
        561,
        26,
        5,
        149,
        565,
        54,
        5,
        '2021-09-19',
        '17:00:00',
        17.58,
        'Réservée',
        NULL,
        NULL,
        NULL,
        40,
        33
    ),
    (
        562,
        47,
        9,
        28,
        868,
        41,
        7,
        '2022-07-15',
        '15:30:00',
        29.83,
        'En cours',
        NULL,
        NULL,
        NULL,
        21,
        45
    ),
    (
        563,
        23,
        6,
        34,
        807,
        154,
        4,
        '2023-04-22',
        '12:30:00',
        74.5,
        'Annulée',
        NULL,
        NULL,
        NULL,
        18,
        31
    ),
    (
        564,
        35,
        1,
        156,
        404,
        35,
        2,
        '2021-09-09',
        '18:30:00',
        13.63,
        'Annulée',
        NULL,
        NULL,
        NULL,
        25,
        50
    ),
    (
        565,
        14,
        6,
        39,
        806,
        35,
        1,
        '2024-01-30',
        '17:00:00',
        11.64,
        'Annulée',
        NULL,
        NULL,
        NULL,
        15,
        12
    ),
    (
        566,
        33,
        1,
        43,
        793,
        184,
        2,
        '2024-02-18',
        '09:30:00',
        98.2,
        'Terminée',
        3.0,
        NULL,
        12.0,
        41,
        24
    ),
    (
        567,
        24,
        10,
        188,
        751,
        3,
        6,
        '2020-08-21',
        '12:30:00',
        35.49,
        'En attente',
        NULL,
        NULL,
        NULL,
        12,
        35
    ),
    (
        568,
        36,
        9,
        101,
        538,
        93,
        1,
        '2022-09-27',
        '18:30:00',
        56.43,
        'Terminée',
        4.5,
        'Bon travail',
        12.0,
        17,
        13
    ),
    (
        569,
        58,
        4,
        67,
        740,
        145,
        4,
        '2024-05-07',
        '14:00:00',
        89.81,
        'En cours',
        NULL,
        NULL,
        NULL,
        31,
        24
    ),
    (
        570,
        56,
        2,
        184,
        703,
        83,
        1,
        '2023-11-16',
        '14:00:00',
        50.78,
        'Annulée',
        NULL,
        NULL,
        NULL,
        45,
        42
    ),
    (
        571,
        10,
        8,
        59,
        777,
        91,
        7,
        '2021-07-13',
        '12:30:00',
        86.86,
        'En attente',
        NULL,
        NULL,
        NULL,
        33,
        44
    ),
    (
        572,
        19,
        4,
        120,
        950,
        130,
        2,
        '2020-11-19',
        '08:00:00',
        36.73,
        'En cours',
        NULL,
        NULL,
        NULL,
        40,
        28
    ),
    (
        573,
        5,
        3,
        120,
        955,
        104,
        2,
        '2023-03-29',
        '08:00:00',
        91.4,
        'En cours',
        NULL,
        NULL,
        NULL,
        11,
        29
    ),
    (
        574,
        23,
        4,
        25,
        642,
        57,
        2,
        '2020-04-11',
        '14:00:00',
        22.89,
        'Réservée',
        NULL,
        NULL,
        NULL,
        49,
        11
    ),
    (
        575,
        9,
        10,
        99,
        986,
        62,
        4,
        '2023-10-20',
        '17:00:00',
        27.72,
        'En attente',
        NULL,
        NULL,
        NULL,
        47,
        15
    ),
    (
        576,
        NULL,
        6,
        90,
        916,
        142,
        3,
        '2020-12-21',
        '14:00:00',
        37.15,
        'Terminée',
        4.0,
        'Excellente prestation',
        5.0,
        24,
        16
    ),
    (
        577,
        36,
        6,
        150,
        112,
        164,
        3,
        '2023-11-14',
        '09:30:00',
        95.17,
        'Réservée',
        NULL,
        NULL,
        NULL,
        33,
        57
    ),
    (
        578,
        44,
        7,
        170,
        959,
        32,
        2,
        '2020-07-06',
        '15:30:00',
        17.53,
        'En attente',
        NULL,
        NULL,
        NULL,
        49,
        18
    ),
    (
        579,
        14,
        9,
        41,
        463,
        124,
        3,
        '2024-10-17',
        '18:30:00',
        73.93,
        'Annulée',
        NULL,
        NULL,
        NULL,
        24,
        33
    ),
    (
        580,
        55,
        2,
        16,
        728,
        66,
        5,
        '2023-07-09',
        '11:00:00',
        43.67,
        'En cours',
        NULL,
        NULL,
        NULL,
        25,
        55
    ),
    (
        581,
        12,
        4,
        115,
        562,
        94,
        6,
        '2023-11-12',
        '14:00:00',
        44.24,
        'Terminée',
        4.5,
        'Excellente prestation',
        10.0,
        15,
        58
    ),
    (
        582,
        NULL,
        8,
        51,
        715,
        118,
        7,
        '2020-04-29',
        '18:30:00',
        80.02,
        'Réservée',
        NULL,
        NULL,
        NULL,
        30,
        52
    ),
    (
        583,
        54,
        7,
        105,
        569,
        121,
        4,
        '2024-12-10',
        '17:00:00',
        67.33,
        'Annulée',
        NULL,
        NULL,
        NULL,
        10,
        49
    ),
    (
        584,
        NULL,
        6,
        41,
        294,
        22,
        4,
        '2023-02-08',
        '18:30:00',
        51.53,
        'Annulée',
        NULL,
        NULL,
        NULL,
        48,
        19
    ),
    (
        585,
        35,
        9,
        113,
        754,
        50,
        2,
        '2021-05-27',
        '15:30:00',
        18.36,
        'Réservée',
        NULL,
        NULL,
        NULL,
        43,
        58
    ),
    (
        586,
        63,
        3,
        87,
        460,
        113,
        3,
        '2023-04-21',
        '08:00:00',
        55.55,
        'Réservée',
        NULL,
        NULL,
        NULL,
        17,
        21
    ),
    (
        587,
        62,
        4,
        165,
        806,
        130,
        2,
        '2024-09-22',
        '17:00:00',
        31.7,
        'En attente',
        NULL,
        NULL,
        NULL,
        5,
        60
    ),
    (
        588,
        66,
        9,
        118,
        410,
        131,
        2,
        '2022-05-14',
        '18:30:00',
        81.9,
        'Terminée',
        4.0,
        'Satisfaisant',
        12.0,
        20,
        37
    ),
    (
        589,
        5,
        5,
        120,
        1066,
        177,
        1,
        '2024-11-01',
        '11:00:00',
        26.35,
        'En attente',
        NULL,
        NULL,
        NULL,
        48,
        27
    ),
    (
        590,
        43,
        4,
        46,
        1108,
        64,
        1,
        '2020-11-17',
        '08:00:00',
        95.67,
        'En cours',
        NULL,
        NULL,
        NULL,
        47,
        32
    ),
    (
        591,
        10,
        7,
        115,
        907,
        26,
        6,
        '2020-12-30',
        '09:30:00',
        31.9,
        'Annulée',
        NULL,
        NULL,
        NULL,
        35,
        14
    ),
    (
        592,
        60,
        5,
        38,
        686,
        79,
        3,
        '2023-02-03',
        '08:00:00',
        40.85,
        'Annulée',
        NULL,
        NULL,
        NULL,
        10,
        19
    ),
    (
        593,
        NULL,
        10,
        121,
        588,
        8,
        6,
        '2024-08-29',
        '17:00:00',
        16.73,
        'En cours',
        NULL,
        NULL,
        NULL,
        24,
        27
    ),
    (
        594,
        NULL,
        3,
        38,
        471,
        167,
        7,
        '2024-02-04',
        '12:30:00',
        41.13,
        'En attente',
        NULL,
        NULL,
        NULL,
        33,
        48
    ),
    (
        595,
        11,
        4,
        127,
        514,
        186,
        2,
        '2020-07-23',
        '12:30:00',
        67.38,
        'En attente',
        NULL,
        NULL,
        NULL,
        24,
        47
    ),
    (
        596,
        17,
        10,
        151,
        1057,
        92,
        7,
        '2021-04-13',
        '17:00:00',
        19.1,
        'En attente',
        NULL,
        NULL,
        NULL,
        18,
        49
    ),
    (
        597,
        57,
        3,
        11,
        671,
        9,
        1,
        '2023-06-17',
        '14:00:00',
        65.61,
        'En cours',
        NULL,
        NULL,
        NULL,
        36,
        24
    ),
    (
        598,
        19,
        2,
        92,
        340,
        97,
        4,
        '2020-06-27',
        '08:00:00',
        62.27,
        'Réservée',
        NULL,
        NULL,
        NULL,
        20,
        36
    ),
    (
        599,
        56,
        6,
        16,
        1055,
        115,
        3,
        '2023-07-26',
        '09:30:00',
        14.98,
        'En cours',
        NULL,
        NULL,
        NULL,
        29,
        13
    ),
    (
        600,
        NULL,
        4,
        167,
        455,
        88,
        4,
        '2020-11-24',
        '14:00:00',
        28.62,
        'Terminée',
        3.0,
        NULL,
        12.0,
        47,
        43
    ),
    (
        601,
        26,
        7,
        94,
        501,
        45,
        1,
        '2020-08-10',
        '11:00:00',
        63.15,
        'En attente',
        NULL,
        NULL,
        NULL,
        45,
        19
    ),
    (
        602,
        4,
        9,
        182,
        301,
        180,
        2,
        '2020-07-31',
        '08:00:00',
        93.29,
        'En cours',
        NULL,
        NULL,
        NULL,
        14,
        57
    ),
    (
        603,
        36,
        7,
        145,
        520,
        45,
        4,
        '2024-02-06',
        '17:00:00',
        67.36,
        'Annulée',
        NULL,
        NULL,
        NULL,
        47,
        14
    ),
    (
        604,
        51,
        10,
        103,
        1059,
        61,
        4,
        '2021-08-13',
        '17:00:00',
        69.19,
        'Annulée',
        NULL,
        NULL,
        NULL,
        28,
        16
    ),
    (
        605,
        NULL,
        7,
        77,
        824,
        146,
        7,
        '2020-08-18',
        '17:00:00',
        10.34,
        'Annulée',
        NULL,
        NULL,
        NULL,
        6,
        17
    ),
    (
        606,
        NULL,
        6,
        55,
        721,
        5,
        4,
        '2020-05-02',
        '11:00:00',
        43.57,
        'Terminée',
        4.0,
        'Service impeccable',
        12.0,
        9,
        54
    ),
    (
        607,
        67,
        1,
        25,
        396,
        106,
        1,
        '2020-09-01',
        '14:00:00',
        95.89,
        'Terminée',
        3.0,
        'Satisfaisant',
        10.0,
        9,
        52
    ),
    (
        608,
        8,
        2,
        56,
        423,
        91,
        6,
        '2024-11-27',
        '14:00:00',
        94.59,
        'En cours',
        NULL,
        NULL,
        NULL,
        30,
        26
    ),
    (
        609,
        60,
        5,
        185,
        1090,
        22,
        6,
        '2021-01-07',
        '09:30:00',
        79.26,
        'Réservée',
        NULL,
        NULL,
        NULL,
        15,
        15
    ),
    (
        610,
        NULL,
        2,
        30,
        471,
        36,
        4,
        '2022-09-20',
        '11:00:00',
        79.21,
        'Réservée',
        NULL,
        NULL,
        NULL,
        49,
        43
    ),
    (
        611,
        NULL,
        4,
        33,
        214,
        147,
        3,
        '2022-02-10',
        '15:30:00',
        62.54,
        'En attente',
        NULL,
        NULL,
        NULL,
        13,
        24
    ),
    (
        612,
        NULL,
        6,
        63,
        759,
        66,
        3,
        '2023-11-15',
        '14:00:00',
        65.19,
        'En cours',
        NULL,
        NULL,
        NULL,
        26,
        38
    ),
    (
        613,
        69,
        4,
        31,
        262,
        159,
        7,
        '2021-04-08',
        '18:30:00',
        67.34,
        'Annulée',
        NULL,
        NULL,
        NULL,
        32,
        49
    ),
    (
        614,
        NULL,
        6,
        162,
        1076,
        133,
        1,
        '2024-08-12',
        '08:00:00',
        95.97,
        'Annulée',
        NULL,
        NULL,
        NULL,
        9,
        29
    ),
    (
        615,
        10,
        9,
        98,
        278,
        93,
        4,
        '2022-07-02',
        '12:30:00',
        53.29,
        'Annulée',
        NULL,
        NULL,
        NULL,
        47,
        42
    ),
    (
        616,
        39,
        10,
        86,
        298,
        151,
        5,
        '2021-01-13',
        '12:30:00',
        89.92,
        'En attente',
        NULL,
        NULL,
        NULL,
        43,
        59
    ),
    (
        617,
        64,
        4,
        174,
        906,
        96,
        3,
        '2022-09-19',
        '08:00:00',
        18.69,
        'Réservée',
        NULL,
        NULL,
        NULL,
        37,
        13
    ),
    (
        618,
        69,
        10,
        38,
        669,
        170,
        1,
        '2022-04-15',
        '08:00:00',
        47.59,
        'Réservée',
        NULL,
        NULL,
        NULL,
        28,
        30
    ),
    (
        619,
        34,
        1,
        180,
        445,
        47,
        1,
        '2023-05-31',
        '12:30:00',
        71.83,
        'En cours',
        NULL,
        NULL,
        NULL,
        46,
        51
    ),
    (
        620,
        70,
        7,
        137,
        635,
        130,
        4,
        '2020-08-05',
        '15:30:00',
        18.74,
        'En cours',
        NULL,
        NULL,
        NULL,
        49,
        54
    ),
    (
        621,
        26,
        1,
        65,
        409,
        99,
        6,
        '2024-09-03',
        '11:00:00',
        68.13,
        'Terminée',
        NULL,
        NULL,
        NULL,
        13,
        10
    ),
    (
        622,
        12,
        5,
        1,
        1009,
        30,
        2,
        '2023-01-28',
        '09:30:00',
        15.61,
        'Réservée',
        NULL,
        NULL,
        NULL,
        31,
        45
    ),
    (
        623,
        32,
        5,
        11,
        949,
        113,
        4,
        '2020-11-22',
        '11:00:00',
        70.27,
        'Réservée',
        NULL,
        NULL,
        NULL,
        7,
        39
    ),
    (
        624,
        NULL,
        4,
        137,
        544,
        127,
        6,
        '2020-05-20',
        '15:30:00',
        11.13,
        'En attente',
        NULL,
        NULL,
        NULL,
        7,
        56
    ),
    (
        625,
        25,
        6,
        99,
        1014,
        178,
        7,
        '2024-05-10',
        '09:30:00',
        92.34,
        'Terminée',
        5.0,
        'Satisfaisant',
        12.0,
        28,
        49
    ),
    (
        626,
        51,
        6,
        70,
        1061,
        79,
        5,
        '2024-01-21',
        '11:00:00',
        34.25,
        'Réservée',
        NULL,
        NULL,
        NULL,
        48,
        14
    ),
    (
        627,
        58,
        4,
        157,
        350,
        27,
        3,
        '2020-04-26',
        '08:00:00',
        90.24,
        'Terminée',
        5.0,
        'Service impeccable',
        10.0,
        20,
        41
    ),
    (
        628,
        39,
        3,
        17,
        112,
        40,
        2,
        '2024-05-06',
        '14:00:00',
        58.87,
        'Réservée',
        NULL,
        NULL,
        NULL,
        39,
        34
    ),
    (
        629,
        61,
        5,
        29,
        850,
        179,
        7,
        '2024-03-10',
        '18:30:00',
        98.5,
        'En cours',
        NULL,
        NULL,
        NULL,
        17,
        30
    ),
    (
        630,
        64,
        7,
        108,
        259,
        172,
        3,
        '2024-06-20',
        '11:00:00',
        29.43,
        'En attente',
        NULL,
        NULL,
        NULL,
        43,
        33
    ),
    (
        631,
        54,
        7,
        182,
        939,
        44,
        1,
        '2023-05-05',
        '08:00:00',
        83.18,
        'Terminée',
        4.5,
        'Bon travail',
        NULL,
        8,
        30
    ),
    (
        632,
        22,
        8,
        10,
        359,
        112,
        1,
        '2023-09-22',
        '11:00:00',
        29.4,
        'En cours',
        NULL,
        NULL,
        NULL,
        19,
        10
    ),
    (
        633,
        47,
        4,
        3,
        893,
        57,
        7,
        '2022-07-06',
        '11:00:00',
        25.69,
        'En cours',
        NULL,
        NULL,
        NULL,
        10,
        53
    ),
    (
        634,
        60,
        10,
        175,
        582,
        134,
        6,
        '2021-04-07',
        '15:30:00',
        14.48,
        'En cours',
        NULL,
        NULL,
        NULL,
        40,
        42
    ),
    (
        635,
        NULL,
        6,
        25,
        454,
        17,
        4,
        '2021-02-05',
        '15:30:00',
        92.83,
        'En attente',
        NULL,
        NULL,
        NULL,
        47,
        13
    ),
    (
        636,
        53,
        3,
        94,
        383,
        12,
        6,
        '2024-09-04',
        '18:30:00',
        41.76,
        'Annulée',
        NULL,
        NULL,
        NULL,
        9,
        53
    ),
    (
        637,
        6,
        8,
        185,
        817,
        133,
        6,
        '2022-12-18',
        '12:30:00',
        86.38,
        'En attente',
        NULL,
        NULL,
        NULL,
        29,
        51
    ),
    (
        638,
        65,
        7,
        89,
        849,
        128,
        5,
        '2023-04-29',
        '14:00:00',
        87.31,
        'Réservée',
        NULL,
        NULL,
        NULL,
        49,
        25
    ),
    (
        639,
        21,
        4,
        178,
        680,
        158,
        3,
        '2021-06-20',
        '08:00:00',
        94.72,
        'En attente',
        NULL,
        NULL,
        NULL,
        7,
        57
    ),
    (
        640,
        NULL,
        3,
        140,
        111,
        70,
        4,
        '2020-07-23',
        '14:00:00',
        73.54,
        'En attente',
        NULL,
        NULL,
        NULL,
        25,
        45
    ),
    (
        641,
        51,
        3,
        110,
        957,
        111,
        6,
        '2024-02-25',
        '17:00:00',
        37.14,
        'Terminée',
        4.5,
        NULL,
        5.0,
        22,
        30
    ),
    (
        642,
        NULL,
        1,
        61,
        196,
        30,
        6,
        '2023-04-09',
        '14:00:00',
        62.19,
        'En attente',
        NULL,
        NULL,
        NULL,
        32,
        45
    ),
    (
        643,
        15,
        9,
        89,
        464,
        173,
        5,
        '2024-10-20',
        '17:00:00',
        10.98,
        'En attente',
        NULL,
        NULL,
        NULL,
        5,
        45
    ),
    (
        644,
        58,
        3,
        179,
        132,
        84,
        7,
        '2024-05-01',
        '09:30:00',
        56.86,
        'Réservée',
        NULL,
        NULL,
        NULL,
        45,
        22
    ),
    (
        645,
        NULL,
        10,
        8,
        878,
        91,
        7,
        '2021-09-21',
        '09:30:00',
        54.52,
        'En attente',
        NULL,
        NULL,
        NULL,
        13,
        11
    ),
    (
        646,
        56,
        1,
        43,
        393,
        76,
        3,
        '2021-10-23',
        '09:30:00',
        11.72,
        'En cours',
        NULL,
        NULL,
        NULL,
        27,
        35
    ),
    (
        647,
        26,
        8,
        30,
        169,
        124,
        2,
        '2024-02-20',
        '08:00:00',
        28.22,
        'En cours',
        NULL,
        NULL,
        NULL,
        22,
        21
    ),
    (
        648,
        NULL,
        1,
        2,
        804,
        181,
        2,
        '2024-01-20',
        '11:00:00',
        69.42,
        'Réservée',
        NULL,
        NULL,
        NULL,
        25,
        50
    ),
    (
        649,
        59,
        6,
        113,
        655,
        62,
        4,
        '2020-10-29',
        '09:30:00',
        49.1,
        'Annulée',
        NULL,
        NULL,
        NULL,
        47,
        39
    ),
    (
        650,
        12,
        10,
        164,
        681,
        132,
        5,
        '2024-06-24',
        '12:30:00',
        37.71,
        'Annulée',
        NULL,
        NULL,
        NULL,
        27,
        16
    ),
    (
        651,
        22,
        5,
        53,
        1095,
        95,
        5,
        '2021-03-09',
        '17:00:00',
        85.41,
        'En cours',
        NULL,
        NULL,
        NULL,
        38,
        41
    ),
    (
        652,
        NULL,
        5,
        2,
        647,
        144,
        7,
        '2022-09-08',
        '11:00:00',
        27.26,
        'Terminée',
        NULL,
        NULL,
        NULL,
        45,
        27
    ),
    (
        653,
        8,
        3,
        83,
        711,
        145,
        3,
        '2023-04-30',
        '09:30:00',
        91.59,
        'Terminée',
        5.0,
        NULL,
        NULL,
        15,
        53
    ),
    (
        654,
        49,
        10,
        3,
        946,
        63,
        3,
        '2023-04-26',
        '11:00:00',
        86.88,
        'Réservée',
        NULL,
        NULL,
        NULL,
        24,
        38
    ),
    (
        655,
        NULL,
        1,
        92,
        545,
        146,
        6,
        '2024-03-18',
        '11:00:00',
        69.58,
        'Réservée',
        NULL,
        NULL,
        NULL,
        44,
        30
    ),
    (
        656,
        31,
        2,
        16,
        371,
        173,
        5,
        '2023-02-22',
        '11:00:00',
        85.34,
        'Terminée',
        4.0,
        'Service impeccable',
        15.0,
        22,
        17
    ),
    (
        657,
        34,
        4,
        176,
        720,
        79,
        3,
        '2024-01-27',
        '14:00:00',
        64.19,
        'Terminée',
        4.0,
        NULL,
        NULL,
        43,
        55
    ),
    (
        658,
        14,
        2,
        182,
        919,
        32,
        3,
        '2022-12-25',
        '18:30:00',
        34.42,
        'Terminée',
        3.0,
        'Rapide',
        10.0,
        12,
        38
    ),
    (
        659,
        NULL,
        1,
        59,
        383,
        6,
        7,
        '2024-02-13',
        '17:00:00',
        89.84,
        'Réservée',
        NULL,
        NULL,
        NULL,
        12,
        35
    ),
    (
        660,
        NULL,
        5,
        181,
        600,
        60,
        1,
        '2021-08-21',
        '15:30:00',
        30.84,
        'Annulée',
        NULL,
        NULL,
        NULL,
        12,
        60
    ),
    (
        661,
        61,
        3,
        174,
        950,
        84,
        5,
        '2023-05-27',
        '08:00:00',
        85.55,
        'Terminée',
        NULL,
        NULL,
        NULL,
        16,
        30
    ),
    (
        662,
        58,
        10,
        169,
        330,
        62,
        4,
        '2021-07-13',
        '17:00:00',
        95.59,
        'En cours',
        NULL,
        NULL,
        NULL,
        47,
        41
    ),
    (
        663,
        32,
        8,
        68,
        547,
        154,
        3,
        '2024-06-11',
        '15:30:00',
        55.81,
        'Terminée',
        3.0,
        'Service impeccable',
        12.0,
        50,
        34
    ),
    (
        664,
        55,
        1,
        44,
        989,
        17,
        1,
        '2023-05-22',
        '17:00:00',
        90.12,
        'Réservée',
        NULL,
        NULL,
        NULL,
        16,
        34
    ),
    (
        665,
        NULL,
        6,
        129,
        864,
        155,
        1,
        '2024-08-30',
        '15:30:00',
        12.69,
        'Réservée',
        NULL,
        NULL,
        NULL,
        27,
        53
    ),
    (
        666,
        68,
        8,
        48,
        288,
        78,
        4,
        '2021-12-01',
        '11:00:00',
        77.06,
        'Annulée',
        NULL,
        NULL,
        NULL,
        12,
        16
    ),
    (
        667,
        30,
        1,
        98,
        239,
        37,
        1,
        '2021-02-02',
        '11:00:00',
        94.32,
        'En attente',
        NULL,
        NULL,
        NULL,
        24,
        52
    ),
    (
        668,
        NULL,
        5,
        51,
        928,
        113,
        3,
        '2024-10-02',
        '17:00:00',
        57.81,
        'En cours',
        NULL,
        NULL,
        NULL,
        11,
        31
    ),
    (
        669,
        NULL,
        9,
        165,
        669,
        128,
        6,
        '2024-10-02',
        '18:30:00',
        51.3,
        'En cours',
        NULL,
        NULL,
        NULL,
        33,
        10
    ),
    (
        670,
        37,
        6,
        187,
        468,
        123,
        2,
        '2022-09-23',
        '15:30:00',
        22.15,
        'En attente',
        NULL,
        NULL,
        NULL,
        12,
        38
    ),
    (
        671,
        9,
        3,
        33,
        729,
        177,
        5,
        '2021-12-23',
        '17:00:00',
        87.41,
        'Annulée',
        NULL,
        NULL,
        NULL,
        34,
        56
    ),
    (
        672,
        20,
        10,
        76,
        1096,
        19,
        4,
        '2022-05-09',
        '17:00:00',
        87.02,
        'Réservée',
        NULL,
        NULL,
        NULL,
        29,
        30
    ),
    (
        673,
        NULL,
        4,
        146,
        672,
        17,
        5,
        '2021-10-29',
        '09:30:00',
        96.72,
        'Réservée',
        NULL,
        NULL,
        NULL,
        13,
        44
    ),
    (
        674,
        68,
        9,
        37,
        161,
        78,
        3,
        '2024-10-01',
        '18:30:00',
        94.48,
        'En cours',
        NULL,
        NULL,
        NULL,
        7,
        35
    ),
    (
        675,
        NULL,
        3,
        110,
        539,
        72,
        6,
        '2021-05-17',
        '18:30:00',
        48.79,
        'En attente',
        NULL,
        NULL,
        NULL,
        43,
        52
    ),
    (
        676,
        29,
        6,
        151,
        1035,
        170,
        5,
        '2021-05-29',
        '14:00:00',
        62.34,
        'Terminée',
        5.0,
        'Satisfaisant',
        5.0,
        37,
        60
    ),
    (
        677,
        7,
        7,
        10,
        1102,
        72,
        3,
        '2023-03-15',
        '09:30:00',
        16.05,
        'Annulée',
        NULL,
        NULL,
        NULL,
        9,
        12
    ),
    (
        678,
        44,
        1,
        46,
        1094,
        185,
        3,
        '2020-05-28',
        '11:00:00',
        99.06,
        'En attente',
        NULL,
        NULL,
        NULL,
        30,
        30
    ),
    (
        679,
        NULL,
        7,
        88,
        335,
        44,
        1,
        '2022-10-09',
        '09:30:00',
        10.46,
        'Terminée',
        NULL,
        NULL,
        NULL,
        8,
        28
    ),
    (
        680,
        NULL,
        2,
        66,
        339,
        51,
        7,
        '2025-01-26',
        '15:30:00',
        27.39,
        'Terminée',
        5.0,
        'Excellente prestation',
        NULL,
        12,
        60
    ),
    (
        681,
        58,
        3,
        77,
        1114,
        20,
        1,
        '2023-03-07',
        '18:30:00',
        95.24,
        'Réservée',
        NULL,
        NULL,
        NULL,
        36,
        40
    ),
    (
        682,
        41,
        1,
        7,
        167,
        34,
        5,
        '2023-05-23',
        '12:30:00',
        86.9,
        'Réservée',
        NULL,
        NULL,
        NULL,
        46,
        41
    ),
    (
        683,
        NULL,
        1,
        146,
        993,
        137,
        3,
        '2022-10-21',
        '11:00:00',
        18.75,
        'Réservée',
        NULL,
        NULL,
        NULL,
        17,
        56
    ),
    (
        684,
        NULL,
        9,
        88,
        119,
        153,
        1,
        '2020-12-02',
        '18:30:00',
        29.84,
        'En cours',
        NULL,
        NULL,
        NULL,
        41,
        26
    ),
    (
        685,
        62,
        3,
        104,
        939,
        107,
        2,
        '2023-07-23',
        '14:00:00',
        76.8,
        'En attente',
        NULL,
        NULL,
        NULL,
        13,
        35
    ),
    (
        686,
        69,
        8,
        89,
        350,
        55,
        4,
        '2024-04-01',
        '15:30:00',
        30.39,
        'Terminée',
        NULL,
        NULL,
        NULL,
        31,
        22
    ),
    (
        687,
        67,
        3,
        70,
        292,
        32,
        7,
        '2020-11-21',
        '14:00:00',
        12.31,
        'En cours',
        NULL,
        NULL,
        NULL,
        49,
        29
    ),
    (
        688,
        NULL,
        6,
        7,
        132,
        21,
        2,
        '2022-12-11',
        '18:30:00',
        28.93,
        'En attente',
        NULL,
        NULL,
        NULL,
        17,
        24
    ),
    (
        689,
        65,
        8,
        118,
        379,
        54,
        1,
        '2020-09-02',
        '11:00:00',
        59.67,
        'En cours',
        NULL,
        NULL,
        NULL,
        11,
        17
    ),
    (
        690,
        61,
        4,
        119,
        149,
        107,
        4,
        '2024-03-29',
        '18:30:00',
        92.29,
        'En attente',
        NULL,
        NULL,
        NULL,
        38,
        20
    ),
    (
        691,
        68,
        7,
        184,
        427,
        56,
        4,
        '2020-08-10',
        '17:00:00',
        40.45,
        'Terminée',
        4.0,
        'Service impeccable',
        10.0,
        15,
        50
    ),
    (
        692,
        2,
        8,
        134,
        740,
        34,
        3,
        '2022-10-05',
        '09:30:00',
        46.07,
        'En attente',
        NULL,
        NULL,
        NULL,
        6,
        55
    ),
    (
        693,
        24,
        7,
        17,
        481,
        162,
        7,
        '2021-03-31',
        '08:00:00',
        99.93,
        'Annulée',
        NULL,
        NULL,
        NULL,
        33,
        50
    ),
    (
        694,
        NULL,
        3,
        100,
        885,
        134,
        5,
        '2022-05-06',
        '15:30:00',
        80.7,
        'En attente',
        NULL,
        NULL,
        NULL,
        12,
        37
    ),
    (
        695,
        14,
        8,
        115,
        434,
        174,
        3,
        '2021-05-04',
        '15:30:00',
        14.93,
        'Terminée',
        4.5,
        'Bon travail',
        15.0,
        7,
        48
    ),
    (
        696,
        60,
        1,
        71,
        662,
        22,
        5,
        '2023-07-25',
        '08:00:00',
        28.58,
        'En cours',
        NULL,
        NULL,
        NULL,
        16,
        33
    ),
    (
        697,
        49,
        8,
        85,
        232,
        150,
        2,
        '2022-04-29',
        '11:00:00',
        94.73,
        'En cours',
        NULL,
        NULL,
        NULL,
        44,
        51
    ),
    (
        698,
        NULL,
        9,
        188,
        877,
        187,
        3,
        '2021-01-02',
        '11:00:00',
        30.68,
        'Annulée',
        NULL,
        NULL,
        NULL,
        22,
        36
    ),
    (
        699,
        59,
        3,
        8,
        121,
        97,
        2,
        '2021-12-03',
        '09:30:00',
        36.62,
        'En cours',
        NULL,
        NULL,
        NULL,
        6,
        44
    ),
    (
        700,
        16,
        3,
        13,
        821,
        50,
        2,
        '2023-07-25',
        '17:00:00',
        70.63,
        'En attente',
        NULL,
        NULL,
        NULL,
        28,
        10
    ),
    (
        701,
        43,
        3,
        56,
        620,
        146,
        5,
        '2023-05-23',
        '18:30:00',
        47.4,
        'Réservée',
        NULL,
        NULL,
        NULL,
        46,
        14
    ),
    (
        702,
        NULL,
        1,
        60,
        639,
        153,
        6,
        '2020-12-04',
        '14:00:00',
        16.01,
        'Terminée',
        4.5,
        NULL,
        NULL,
        20,
        22
    ),
    (
        703,
        NULL,
        5,
        188,
        197,
        19,
        1,
        '2021-10-21',
        '14:00:00',
        72.61,
        'Annulée',
        NULL,
        NULL,
        NULL,
        21,
        21
    ),
    (
        704,
        62,
        7,
        97,
        1111,
        62,
        4,
        '2023-08-09',
        '09:30:00',
        84.93,
        'En attente',
        NULL,
        NULL,
        NULL,
        26,
        54
    ),
    (
        705,
        43,
        10,
        74,
        1005,
        156,
        5,
        '2021-07-05',
        '11:00:00',
        23.43,
        'En cours',
        NULL,
        NULL,
        NULL,
        23,
        50
    ),
    (
        706,
        14,
        2,
        141,
        748,
        140,
        1,
        '2022-10-14',
        '17:00:00',
        20.5,
        'Annulée',
        NULL,
        NULL,
        NULL,
        19,
        38
    ),
    (
        707,
        NULL,
        10,
        158,
        169,
        52,
        2,
        '2022-02-17',
        '18:30:00',
        65.59,
        'En attente',
        NULL,
        NULL,
        NULL,
        33,
        33
    ),
    (
        708,
        66,
        10,
        74,
        892,
        147,
        7,
        '2025-01-02',
        '17:00:00',
        79.32,
        'Annulée',
        NULL,
        NULL,
        NULL,
        11,
        33
    ),
    (
        709,
        63,
        2,
        70,
        457,
        125,
        2,
        '2020-12-09',
        '08:00:00',
        26.55,
        'Annulée',
        NULL,
        NULL,
        NULL,
        42,
        54
    ),
    (
        710,
        NULL,
        6,
        98,
        718,
        132,
        4,
        '2024-02-08',
        '12:30:00',
        81.37,
        'Réservée',
        NULL,
        NULL,
        NULL,
        43,
        46
    ),
    (
        711,
        NULL,
        2,
        139,
        611,
        52,
        6,
        '2024-01-12',
        '14:00:00',
        26.55,
        'Terminée',
        NULL,
        NULL,
        NULL,
        9,
        39
    ),
    (
        712,
        44,
        7,
        117,
        543,
        97,
        2,
        '2022-03-23',
        '17:00:00',
        54.22,
        'En cours',
        NULL,
        NULL,
        NULL,
        48,
        43
    ),
    (
        713,
        33,
        5,
        60,
        940,
        104,
        7,
        '2022-04-25',
        '18:30:00',
        85.98,
        'En cours',
        NULL,
        NULL,
        NULL,
        45,
        20
    ),
    (
        714,
        NULL,
        2,
        124,
        512,
        119,
        7,
        '2021-06-24',
        '14:00:00',
        25.83,
        'Annulée',
        NULL,
        NULL,
        NULL,
        14,
        39
    ),
    (
        715,
        6,
        1,
        41,
        101,
        129,
        2,
        '2022-12-06',
        '11:00:00',
        61.59,
        'En attente',
        NULL,
        NULL,
        NULL,
        46,
        31
    ),
    (
        716,
        NULL,
        6,
        174,
        883,
        151,
        4,
        '2021-11-10',
        '09:30:00',
        87.41,
        'Annulée',
        NULL,
        NULL,
        NULL,
        6,
        55
    ),
    (
        717,
        26,
        9,
        49,
        486,
        70,
        7,
        '2022-08-14',
        '11:00:00',
        84.12,
        'Annulée',
        NULL,
        NULL,
        NULL,
        34,
        60
    ),
    (
        718,
        15,
        9,
        65,
        414,
        139,
        6,
        '2021-01-03',
        '08:00:00',
        36.46,
        'Réservée',
        NULL,
        NULL,
        NULL,
        38,
        48
    ),
    (
        719,
        NULL,
        10,
        38,
        112,
        72,
        3,
        '2022-01-27',
        '09:30:00',
        78.29,
        'En cours',
        NULL,
        NULL,
        NULL,
        49,
        59
    ),
    (
        720,
        69,
        10,
        17,
        273,
        158,
        4,
        '2022-03-03',
        '08:00:00',
        83.71,
        'Réservée',
        NULL,
        NULL,
        NULL,
        44,
        32
    ),
    (
        721,
        43,
        10,
        138,
        754,
        53,
        6,
        '2021-06-19',
        '18:30:00',
        97.94,
        'Annulée',
        NULL,
        NULL,
        NULL,
        25,
        27
    ),
    (
        722,
        34,
        6,
        31,
        540,
        176,
        6,
        '2023-02-26',
        '08:00:00',
        46.16,
        'En attente',
        NULL,
        NULL,
        NULL,
        8,
        56
    ),
    (
        723,
        5,
        8,
        94,
        568,
        49,
        1,
        '2024-03-31',
        '14:00:00',
        86.14,
        'Réservée',
        NULL,
        NULL,
        NULL,
        40,
        46
    ),
    (
        724,
        9,
        4,
        36,
        708,
        102,
        4,
        '2022-12-30',
        '08:00:00',
        96.33,
        'Terminée',
        4.0,
        'Bon travail',
        15.0,
        44,
        26
    ),
    (
        725,
        24,
        5,
        13,
        954,
        96,
        1,
        '2020-10-26',
        '18:30:00',
        93.27,
        'Réservée',
        NULL,
        NULL,
        NULL,
        24,
        23
    ),
    (
        726,
        52,
        5,
        114,
        573,
        74,
        2,
        '2023-03-08',
        '09:30:00',
        91.65,
        'Réservée',
        NULL,
        NULL,
        NULL,
        38,
        33
    ),
    (
        727,
        35,
        1,
        118,
        922,
        49,
        2,
        '2023-10-17',
        '15:30:00',
        59.56,
        'En attente',
        NULL,
        NULL,
        NULL,
        38,
        18
    ),
    (
        728,
        NULL,
        8,
        40,
        910,
        71,
        4,
        '2020-04-14',
        '17:00:00',
        81.49,
        'Réservée',
        NULL,
        NULL,
        NULL,
        8,
        32
    ),
    (
        729,
        57,
        5,
        91,
        205,
        95,
        5,
        '2022-02-10',
        '11:00:00',
        34.56,
        'Annulée',
        NULL,
        NULL,
        NULL,
        18,
        45
    ),
    (
        730,
        38,
        10,
        47,
        473,
        162,
        4,
        '2020-05-15',
        '15:30:00',
        46.94,
        'Terminée',
        5.0,
        'Rapide',
        15.0,
        42,
        30
    ),
    (
        731,
        57,
        10,
        172,
        268,
        57,
        2,
        '2021-11-05',
        '09:30:00',
        23.88,
        'En attente',
        NULL,
        NULL,
        NULL,
        10,
        54
    ),
    (
        732,
        NULL,
        8,
        96,
        1043,
        168,
        6,
        '2022-03-08',
        '09:30:00',
        27.41,
        'En attente',
        NULL,
        NULL,
        NULL,
        9,
        10
    ),
    (
        733,
        45,
        9,
        70,
        385,
        138,
        1,
        '2020-08-16',
        '08:00:00',
        60.37,
        'Réservée',
        NULL,
        NULL,
        NULL,
        20,
        34
    ),
    (
        734,
        66,
        8,
        152,
        155,
        21,
        5,
        '2022-05-23',
        '15:30:00',
        41.91,
        'Terminée',
        3.0,
        'Service impeccable',
        15.0,
        44,
        52
    ),
    (
        735,
        42,
        4,
        138,
        468,
        114,
        6,
        '2021-02-01',
        '15:30:00',
        93.91,
        'Réservée',
        NULL,
        NULL,
        NULL,
        20,
        46
    ),
    (
        736,
        NULL,
        8,
        123,
        766,
        3,
        7,
        '2020-12-03',
        '17:00:00',
        50.22,
        'En cours',
        NULL,
        NULL,
        NULL,
        8,
        35
    ),
    (
        737,
        52,
        1,
        165,
        445,
        2,
        1,
        '2023-12-31',
        '08:00:00',
        20.89,
        'Réservée',
        NULL,
        NULL,
        NULL,
        48,
        55
    ),
    (
        738,
        7,
        7,
        65,
        1060,
        4,
        6,
        '2024-06-02',
        '12:30:00',
        27.1,
        'En attente',
        NULL,
        NULL,
        NULL,
        7,
        43
    ),
    (
        739,
        18,
        1,
        16,
        488,
        66,
        1,
        '2023-12-04',
        '12:30:00',
        24.15,
        'Annulée',
        NULL,
        NULL,
        NULL,
        20,
        31
    ),
    (
        740,
        NULL,
        8,
        67,
        204,
        129,
        5,
        '2024-10-05',
        '11:00:00',
        26.16,
        'En attente',
        NULL,
        NULL,
        NULL,
        21,
        44
    ),
    (
        741,
        18,
        8,
        115,
        187,
        157,
        2,
        '2022-01-28',
        '17:00:00',
        98.29,
        'En cours',
        NULL,
        NULL,
        NULL,
        19,
        54
    ),
    (
        742,
        33,
        8,
        136,
        616,
        38,
        1,
        '2024-07-18',
        '17:00:00',
        17.15,
        'En attente',
        NULL,
        NULL,
        NULL,
        27,
        42
    ),
    (
        743,
        23,
        6,
        135,
        114,
        39,
        2,
        '2021-07-18',
        '15:30:00',
        29.86,
        'Terminée',
        5.0,
        'Service impeccable',
        NULL,
        21,
        57
    ),
    (
        744,
        9,
        9,
        21,
        1087,
        9,
        4,
        '2020-07-18',
        '12:30:00',
        58.09,
        'Terminée',
        4.0,
        'Bon travail',
        5.0,
        21,
        18
    ),
    (
        745,
        NULL,
        10,
        51,
        519,
        74,
        5,
        '2021-10-09',
        '18:30:00',
        59.8,
        'En attente',
        NULL,
        NULL,
        NULL,
        47,
        52
    ),
    (
        746,
        NULL,
        7,
        174,
        811,
        104,
        6,
        '2020-04-23',
        '18:30:00',
        49.66,
        'En cours',
        NULL,
        NULL,
        NULL,
        49,
        55
    ),
    (
        747,
        NULL,
        10,
        54,
        1081,
        85,
        6,
        '2020-07-19',
        '14:00:00',
        82.68,
        'En cours',
        NULL,
        NULL,
        NULL,
        20,
        47
    ),
    (
        748,
        12,
        6,
        113,
        811,
        178,
        1,
        '2020-07-08',
        '09:30:00',
        76.83,
        'Terminée',
        NULL,
        NULL,
        NULL,
        23,
        22
    ),
    (
        749,
        NULL,
        7,
        116,
        1013,
        94,
        3,
        '2021-11-11',
        '17:00:00',
        91.19,
        'En attente',
        NULL,
        NULL,
        NULL,
        8,
        15
    ),
    (
        750,
        19,
        5,
        56,
        1074,
        73,
        1,
        '2023-02-03',
        '15:30:00',
        86.28,
        'En cours',
        NULL,
        NULL,
        NULL,
        35,
        48
    ),
    (
        751,
        26,
        2,
        143,
        903,
        84,
        1,
        '2020-12-22',
        '09:30:00',
        71.03,
        'Terminée',
        4.5,
        'Rapide',
        10.0,
        19,
        51
    ),
    (
        752,
        NULL,
        4,
        173,
        234,
        2,
        4,
        '2021-08-24',
        '12:30:00',
        68.06,
        'Réservée',
        NULL,
        NULL,
        NULL,
        18,
        48
    ),
    (
        753,
        63,
        8,
        159,
        578,
        12,
        2,
        '2024-04-10',
        '08:00:00',
        66.72,
        'En cours',
        NULL,
        NULL,
        NULL,
        45,
        27
    ),
    (
        754,
        10,
        1,
        110,
        896,
        113,
        1,
        '2021-11-01',
        '08:00:00',
        69.34,
        'Annulée',
        NULL,
        NULL,
        NULL,
        31,
        42
    ),
    (
        755,
        18,
        8,
        173,
        366,
        2,
        6,
        '2021-12-05',
        '12:30:00',
        61.85,
        'Annulée',
        NULL,
        NULL,
        NULL,
        28,
        21
    ),
    (
        756,
        33,
        7,
        42,
        234,
        100,
        1,
        '2021-02-19',
        '09:30:00',
        29.25,
        'En cours',
        NULL,
        NULL,
        NULL,
        47,
        48
    ),
    (
        757,
        42,
        2,
        78,
        354,
        145,
        3,
        '2021-11-05',
        '11:00:00',
        10.55,
        'En cours',
        NULL,
        NULL,
        NULL,
        29,
        18
    ),
    (
        758,
        NULL,
        1,
        41,
        359,
        110,
        4,
        '2022-11-29',
        '17:00:00',
        21.62,
        'Terminée',
        5.0,
        'Excellente prestation',
        10.0,
        45,
        55
    ),
    (
        759,
        60,
        10,
        186,
        167,
        150,
        7,
        '2022-06-26',
        '17:00:00',
        80.16,
        'En attente',
        NULL,
        NULL,
        NULL,
        12,
        32
    ),
    (
        760,
        NULL,
        9,
        107,
        223,
        173,
        1,
        '2021-08-18',
        '12:30:00',
        76.03,
        'Terminée',
        3.0,
        'Excellente prestation',
        5.0,
        47,
        54
    ),
    (
        761,
        49,
        9,
        6,
        869,
        112,
        3,
        '2021-01-19',
        '11:00:00',
        24.9,
        'Terminée',
        5.0,
        'Excellente prestation',
        NULL,
        46,
        38
    ),
    (
        762,
        NULL,
        10,
        134,
        564,
        87,
        2,
        '2020-07-20',
        '14:00:00',
        47.39,
        'Réservée',
        NULL,
        NULL,
        NULL,
        34,
        30
    ),
    (
        763,
        65,
        10,
        156,
        1051,
        78,
        7,
        '2023-11-15',
        '09:30:00',
        97.27,
        'Annulée',
        NULL,
        NULL,
        NULL,
        35,
        32
    ),
    (
        764,
        NULL,
        6,
        52,
        1001,
        92,
        6,
        '2022-12-16',
        '12:30:00',
        71.39,
        'En cours',
        NULL,
        NULL,
        NULL,
        47,
        46
    ),
    (
        765,
        14,
        9,
        108,
        309,
        176,
        7,
        '2025-01-21',
        '14:00:00',
        91.4,
        'Terminée',
        4.0,
        'Satisfaisant',
        12.0,
        29,
        29
    ),
    (
        766,
        35,
        2,
        151,
        259,
        90,
        1,
        '2021-03-23',
        '08:00:00',
        55.85,
        'En cours',
        NULL,
        NULL,
        NULL,
        37,
        39
    ),
    (
        767,
        44,
        7,
        165,
        656,
        27,
        6,
        '2020-07-18',
        '18:30:00',
        86.46,
        'Terminée',
        NULL,
        NULL,
        NULL,
        18,
        39
    ),
    (
        768,
        9,
        8,
        1,
        119,
        142,
        3,
        '2021-01-30',
        '14:00:00',
        86.14,
        'En cours',
        NULL,
        NULL,
        NULL,
        45,
        44
    ),
    (
        769,
        13,
        7,
        140,
        267,
        154,
        7,
        '2024-09-09',
        '15:30:00',
        32.17,
        'En cours',
        NULL,
        NULL,
        NULL,
        14,
        55
    ),
    (
        770,
        6,
        4,
        122,
        672,
        40,
        4,
        '2022-03-24',
        '18:30:00',
        12.82,
        'Annulée',
        NULL,
        NULL,
        NULL,
        36,
        11
    ),
    (
        771,
        24,
        2,
        63,
        697,
        26,
        4,
        '2023-06-19',
        '14:00:00',
        65.34,
        'En attente',
        NULL,
        NULL,
        NULL,
        21,
        49
    ),
    (
        772,
        11,
        8,
        25,
        722,
        107,
        4,
        '2021-04-11',
        '14:00:00',
        15.86,
        'En attente',
        NULL,
        NULL,
        NULL,
        15,
        47
    ),
    (
        773,
        NULL,
        6,
        85,
        552,
        172,
        5,
        '2020-09-30',
        '15:30:00',
        81.0,
        'Réservée',
        NULL,
        NULL,
        NULL,
        18,
        56
    ),
    (
        774,
        NULL,
        2,
        22,
        453,
        156,
        1,
        '2020-07-13',
        '14:00:00',
        99.38,
        'Annulée',
        NULL,
        NULL,
        NULL,
        37,
        30
    ),
    (
        775,
        41,
        1,
        92,
        149,
        185,
        1,
        '2022-11-11',
        '09:30:00',
        69.8,
        'Annulée',
        NULL,
        NULL,
        NULL,
        28,
        29
    ),
    (
        776,
        6,
        7,
        104,
        686,
        123,
        1,
        '2023-03-09',
        '14:00:00',
        56.17,
        'Annulée',
        NULL,
        NULL,
        NULL,
        33,
        47
    ),
    (
        777,
        29,
        3,
        54,
        1102,
        98,
        6,
        '2025-01-31',
        '08:00:00',
        51.69,
        'Réservée',
        NULL,
        NULL,
        NULL,
        8,
        27
    ),
    (
        778,
        NULL,
        7,
        187,
        769,
        134,
        4,
        '2023-02-14',
        '09:30:00',
        57.93,
        'En cours',
        NULL,
        NULL,
        NULL,
        37,
        30
    ),
    (
        779,
        24,
        3,
        107,
        509,
        185,
        7,
        '2020-11-09',
        '08:00:00',
        41.06,
        'Annulée',
        NULL,
        NULL,
        NULL,
        22,
        46
    ),
    (
        780,
        60,
        8,
        11,
        664,
        153,
        7,
        '2021-10-09',
        '09:30:00',
        40.08,
        'Réservée',
        NULL,
        NULL,
        NULL,
        6,
        36
    ),
    (
        781,
        42,
        1,
        38,
        206,
        72,
        7,
        '2024-07-21',
        '08:00:00',
        58.26,
        'En attente',
        NULL,
        NULL,
        NULL,
        32,
        32
    ),
    (
        782,
        12,
        3,
        79,
        605,
        151,
        4,
        '2023-02-21',
        '11:00:00',
        32.7,
        'En cours',
        NULL,
        NULL,
        NULL,
        48,
        54
    ),
    (
        783,
        30,
        9,
        50,
        103,
        20,
        3,
        '2022-07-21',
        '15:30:00',
        54.67,
        'En attente',
        NULL,
        NULL,
        NULL,
        10,
        19
    ),
    (
        784,
        47,
        2,
        38,
        211,
        96,
        5,
        '2020-07-23',
        '12:30:00',
        48.23,
        'Annulée',
        NULL,
        NULL,
        NULL,
        9,
        27
    ),
    (
        785,
        63,
        9,
        23,
        184,
        153,
        4,
        '2020-08-18',
        '11:00:00',
        94.62,
        'En attente',
        NULL,
        NULL,
        NULL,
        14,
        53
    ),
    (
        786,
        33,
        4,
        133,
        541,
        139,
        7,
        '2021-09-01',
        '18:30:00',
        10.17,
        'En attente',
        NULL,
        NULL,
        NULL,
        37,
        32
    ),
    (
        787,
        NULL,
        7,
        117,
        215,
        188,
        6,
        '2024-07-06',
        '14:00:00',
        30.26,
        'Annulée',
        NULL,
        NULL,
        NULL,
        8,
        46
    ),
    (
        788,
        26,
        3,
        62,
        932,
        116,
        6,
        '2023-09-28',
        '11:00:00',
        23.79,
        'Réservée',
        NULL,
        NULL,
        NULL,
        29,
        31
    ),
    (
        789,
        22,
        4,
        10,
        409,
        39,
        2,
        '2022-12-24',
        '18:30:00',
        33.78,
        'Terminée',
        4.0,
        'Satisfaisant',
        5.0,
        11,
        34
    ),
    (
        790,
        NULL,
        5,
        126,
        784,
        5,
        1,
        '2022-04-25',
        '11:00:00',
        77.37,
        'Annulée',
        NULL,
        NULL,
        NULL,
        23,
        37
    ),
    (
        791,
        23,
        7,
        27,
        693,
        52,
        5,
        '2021-10-28',
        '09:30:00',
        80.87,
        'Terminée',
        4.5,
        'Rapide',
        15.0,
        32,
        43
    ),
    (
        792,
        NULL,
        2,
        184,
        657,
        123,
        5,
        '2022-04-04',
        '18:30:00',
        39.37,
        'En attente',
        NULL,
        NULL,
        NULL,
        25,
        48
    ),
    (
        793,
        62,
        2,
        55,
        522,
        143,
        5,
        '2022-03-16',
        '08:00:00',
        98.99,
        'En cours',
        NULL,
        NULL,
        NULL,
        39,
        48
    ),
    (
        794,
        59,
        3,
        37,
        257,
        151,
        3,
        '2020-05-31',
        '09:30:00',
        57.5,
        'Terminée',
        3.0,
        'Satisfaisant',
        5.0,
        49,
        15
    ),
    (
        795,
        70,
        6,
        127,
        454,
        6,
        7,
        '2021-09-06',
        '17:00:00',
        62.73,
        'En attente',
        NULL,
        NULL,
        NULL,
        13,
        55
    ),
    (
        796,
        9,
        8,
        71,
        126,
        142,
        3,
        '2022-08-14',
        '15:30:00',
        64.01,
        'En attente',
        NULL,
        NULL,
        NULL,
        37,
        21
    ),
    (
        797,
        NULL,
        4,
        107,
        236,
        36,
        4,
        '2024-05-30',
        '18:30:00',
        27.0,
        'Terminée',
        3.0,
        NULL,
        5.0,
        20,
        27
    ),
    (
        798,
        NULL,
        2,
        153,
        651,
        111,
        2,
        '2022-10-06',
        '15:30:00',
        39.0,
        'Terminée',
        4.0,
        'Bon travail',
        12.0,
        40,
        45
    ),
    (
        799,
        NULL,
        5,
        37,
        929,
        83,
        2,
        '2021-03-01',
        '08:00:00',
        77.84,
        'En cours',
        NULL,
        NULL,
        NULL,
        27,
        10
    ),
    (
        800,
        41,
        4,
        141,
        1091,
        39,
        1,
        '2020-06-03',
        '14:00:00',
        96.1,
        'Annulée',
        NULL,
        NULL,
        NULL,
        47,
        55
    ),
    (
        801,
        5,
        4,
        48,
        742,
        84,
        6,
        '2024-10-07',
        '12:30:00',
        55.66,
        'En attente',
        NULL,
        NULL,
        NULL,
        43,
        36
    ),
    (
        802,
        NULL,
        4,
        84,
        874,
        4,
        1,
        '2024-01-30',
        '11:00:00',
        80.37,
        'En attente',
        NULL,
        NULL,
        NULL,
        50,
        58
    ),
    (
        803,
        13,
        6,
        5,
        720,
        156,
        1,
        '2022-09-16',
        '11:00:00',
        89.17,
        'Annulée',
        NULL,
        NULL,
        NULL,
        28,
        18
    ),
    (
        804,
        57,
        9,
        68,
        504,
        64,
        5,
        '2022-01-10',
        '18:30:00',
        48.88,
        'Réservée',
        NULL,
        NULL,
        NULL,
        40,
        23
    ),
    (
        805,
        NULL,
        5,
        75,
        292,
        164,
        4,
        '2022-10-15',
        '14:00:00',
        68.65,
        'En attente',
        NULL,
        NULL,
        NULL,
        36,
        47
    ),
    (
        806,
        31,
        4,
        161,
        1091,
        154,
        1,
        '2021-02-02',
        '09:30:00',
        70.75,
        'Réservée',
        NULL,
        NULL,
        NULL,
        31,
        28
    ),
    (
        807,
        30,
        9,
        76,
        311,
        69,
        4,
        '2024-05-12',
        '17:00:00',
        22.16,
        'En cours',
        NULL,
        NULL,
        NULL,
        30,
        50
    ),
    (
        808,
        41,
        9,
        59,
        342,
        111,
        4,
        '2025-01-11',
        '12:30:00',
        69.52,
        'En attente',
        NULL,
        NULL,
        NULL,
        19,
        24
    ),
    (
        809,
        50,
        7,
        130,
        1016,
        45,
        7,
        '2025-01-16',
        '18:30:00',
        52.39,
        'En attente',
        NULL,
        NULL,
        NULL,
        9,
        32
    ),
    (
        810,
        45,
        1,
        95,
        1106,
        178,
        7,
        '2024-12-11',
        '17:00:00',
        57.55,
        'En attente',
        NULL,
        NULL,
        NULL,
        28,
        58
    ),
    (
        811,
        NULL,
        9,
        101,
        1083,
        188,
        6,
        '2023-05-02',
        '08:00:00',
        31.36,
        'Annulée',
        NULL,
        NULL,
        NULL,
        35,
        21
    ),
    (
        812,
        48,
        2,
        74,
        169,
        33,
        3,
        '2024-04-03',
        '14:00:00',
        79.73,
        'En attente',
        NULL,
        NULL,
        NULL,
        45,
        38
    ),
    (
        813,
        18,
        1,
        10,
        509,
        5,
        7,
        '2022-03-23',
        '15:30:00',
        88.07,
        'Réservée',
        NULL,
        NULL,
        NULL,
        22,
        17
    ),
    (
        814,
        20,
        10,
        4,
        510,
        86,
        4,
        '2024-10-05',
        '18:30:00',
        38.42,
        'Annulée',
        NULL,
        NULL,
        NULL,
        12,
        14
    ),
    (
        815,
        59,
        6,
        134,
        337,
        115,
        2,
        '2024-05-22',
        '08:00:00',
        94.86,
        'En attente',
        NULL,
        NULL,
        NULL,
        38,
        59
    ),
    (
        816,
        36,
        2,
        25,
        578,
        41,
        4,
        '2022-11-24',
        '14:00:00',
        45.95,
        'Réservée',
        NULL,
        NULL,
        NULL,
        42,
        50
    ),
    (
        817,
        31,
        4,
        125,
        356,
        62,
        3,
        '2020-11-24',
        '09:30:00',
        16.59,
        'Réservée',
        NULL,
        NULL,
        NULL,
        10,
        10
    ),
    (
        818,
        NULL,
        6,
        38,
        202,
        104,
        6,
        '2021-04-19',
        '08:00:00',
        87.09,
        'Réservée',
        NULL,
        NULL,
        NULL,
        38,
        41
    ),
    (
        819,
        59,
        10,
        6,
        231,
        37,
        5,
        '2020-04-07',
        '18:30:00',
        63.74,
        'Terminée',
        3.0,
        'Rapide',
        12.0,
        5,
        59
    ),
    (
        820,
        39,
        5,
        165,
        549,
        142,
        4,
        '2022-06-11',
        '14:00:00',
        35.06,
        'En cours',
        NULL,
        NULL,
        NULL,
        32,
        32
    ),
    (
        821,
        42,
        1,
        16,
        676,
        70,
        3,
        '2024-11-28',
        '18:30:00',
        61.55,
        'Annulée',
        NULL,
        NULL,
        NULL,
        43,
        57
    ),
    (
        822,
        NULL,
        5,
        101,
        1027,
        120,
        1,
        '2022-12-09',
        '11:00:00',
        89.61,
        'Réservée',
        NULL,
        NULL,
        NULL,
        14,
        42
    ),
    (
        823,
        26,
        6,
        42,
        818,
        28,
        1,
        '2022-04-13',
        '15:30:00',
        51.3,
        'Annulée',
        NULL,
        NULL,
        NULL,
        9,
        25
    ),
    (
        824,
        36,
        2,
        122,
        627,
        8,
        6,
        '2021-07-25',
        '14:00:00',
        23.26,
        'En cours',
        NULL,
        NULL,
        NULL,
        9,
        10
    ),
    (
        825,
        37,
        6,
        73,
        224,
        47,
        6,
        '2023-08-25',
        '15:30:00',
        47.15,
        'Annulée',
        NULL,
        NULL,
        NULL,
        30,
        44
    ),
    (
        826,
        63,
        3,
        16,
        257,
        95,
        1,
        '2021-09-02',
        '17:00:00',
        58.54,
        'Annulée',
        NULL,
        NULL,
        NULL,
        11,
        35
    ),
    (
        827,
        7,
        2,
        134,
        198,
        108,
        5,
        '2021-01-07',
        '09:30:00',
        35.35,
        'En attente',
        NULL,
        NULL,
        NULL,
        12,
        55
    ),
    (
        828,
        35,
        2,
        178,
        462,
        77,
        2,
        '2021-01-14',
        '08:00:00',
        37.91,
        'En attente',
        NULL,
        NULL,
        NULL,
        30,
        25
    ),
    (
        829,
        39,
        9,
        121,
        590,
        177,
        5,
        '2021-03-15',
        '09:30:00',
        59.37,
        'Annulée',
        NULL,
        NULL,
        NULL,
        41,
        46
    ),
    (
        830,
        NULL,
        10,
        92,
        979,
        149,
        5,
        '2022-12-30',
        '12:30:00',
        55.64,
        'Annulée',
        NULL,
        NULL,
        NULL,
        11,
        14
    ),
    (
        831,
        41,
        2,
        164,
        444,
        173,
        1,
        '2023-10-25',
        '17:00:00',
        30.91,
        'Annulée',
        NULL,
        NULL,
        NULL,
        38,
        34
    ),
    (
        832,
        28,
        10,
        161,
        356,
        158,
        2,
        '2023-08-08',
        '14:00:00',
        62.27,
        'Annulée',
        NULL,
        NULL,
        NULL,
        49,
        28
    ),
    (
        833,
        43,
        8,
        166,
        133,
        24,
        2,
        '2021-06-01',
        '08:00:00',
        21.32,
        'Annulée',
        NULL,
        NULL,
        NULL,
        20,
        15
    ),
    (
        834,
        63,
        3,
        107,
        562,
        101,
        1,
        '2023-06-29',
        '12:30:00',
        39.71,
        'Terminée',
        4.5,
        'Service impeccable',
        12.0,
        14,
        38
    ),
    (
        835,
        9,
        10,
        51,
        730,
        44,
        1,
        '2022-05-28',
        '18:30:00',
        14.06,
        'Réservée',
        NULL,
        NULL,
        NULL,
        30,
        48
    ),
    (
        836,
        4,
        4,
        84,
        157,
        175,
        5,
        '2021-03-18',
        '11:00:00',
        11.37,
        'En cours',
        NULL,
        NULL,
        NULL,
        11,
        36
    ),
    (
        837,
        56,
        4,
        5,
        747,
        183,
        4,
        '2021-05-22',
        '09:30:00',
        92.79,
        'En attente',
        NULL,
        NULL,
        NULL,
        37,
        27
    ),
    (
        838,
        NULL,
        9,
        129,
        521,
        25,
        4,
        '2022-08-21',
        '12:30:00',
        82.19,
        'En attente',
        NULL,
        NULL,
        NULL,
        14,
        29
    ),
    (
        839,
        33,
        5,
        113,
        962,
        126,
        3,
        '2024-08-03',
        '14:00:00',
        79.77,
        'Annulée',
        NULL,
        NULL,
        NULL,
        33,
        43
    ),
    (
        840,
        15,
        9,
        181,
        371,
        16,
        7,
        '2020-11-24',
        '12:30:00',
        45.36,
        'Terminée',
        3.0,
        'Rapide',
        5.0,
        16,
        16
    ),
    (
        841,
        NULL,
        10,
        138,
        812,
        76,
        1,
        '2023-02-19',
        '08:00:00',
        85.86,
        'En cours',
        NULL,
        NULL,
        NULL,
        35,
        56
    ),
    (
        842,
        NULL,
        8,
        116,
        284,
        64,
        1,
        '2020-07-10',
        '18:30:00',
        50.9,
        'En attente',
        NULL,
        NULL,
        NULL,
        11,
        22
    ),
    (
        843,
        68,
        10,
        150,
        965,
        78,
        5,
        '2021-06-21',
        '09:30:00',
        71.89,
        'En cours',
        NULL,
        NULL,
        NULL,
        35,
        51
    ),
    (
        844,
        57,
        8,
        163,
        808,
        23,
        5,
        '2023-07-31',
        '09:30:00',
        10.5,
        'Réservée',
        NULL,
        NULL,
        NULL,
        27,
        47
    ),
    (
        845,
        NULL,
        9,
        185,
        192,
        73,
        3,
        '2022-12-30',
        '18:30:00',
        57.86,
        'En cours',
        NULL,
        NULL,
        NULL,
        48,
        25
    ),
    (
        846,
        1,
        3,
        90,
        490,
        106,
        5,
        '2020-11-23',
        '15:30:00',
        12.31,
        'En cours',
        NULL,
        NULL,
        NULL,
        39,
        26
    ),
    (
        847,
        46,
        7,
        75,
        1055,
        30,
        4,
        '2023-08-31',
        '17:00:00',
        53.36,
        'Réservée',
        NULL,
        NULL,
        NULL,
        34,
        44
    ),
    (
        848,
        40,
        4,
        95,
        486,
        43,
        3,
        '2023-06-15',
        '15:30:00',
        55.83,
        'Annulée',
        NULL,
        NULL,
        NULL,
        15,
        32
    ),
    (
        849,
        14,
        3,
        73,
        573,
        137,
        3,
        '2024-04-12',
        '14:00:00',
        84.94,
        'Terminée',
        4.0,
        'Rapide',
        15.0,
        24,
        34
    ),
    (
        850,
        55,
        3,
        85,
        516,
        128,
        5,
        '2023-05-20',
        '18:30:00',
        49.07,
        'En attente',
        NULL,
        NULL,
        NULL,
        22,
        41
    ),
    (
        851,
        6,
        2,
        119,
        840,
        100,
        4,
        '2020-11-17',
        '12:30:00',
        41.28,
        'Terminée',
        4.0,
        'Rapide',
        15.0,
        26,
        37
    ),
    (
        852,
        NULL,
        10,
        114,
        260,
        78,
        2,
        '2022-09-26',
        '11:00:00',
        31.73,
        'En attente',
        NULL,
        NULL,
        NULL,
        47,
        32
    ),
    (
        853,
        43,
        4,
        113,
        543,
        119,
        7,
        '2024-07-22',
        '09:30:00',
        94.62,
        'Réservée',
        NULL,
        NULL,
        NULL,
        43,
        11
    ),
    (
        854,
        NULL,
        6,
        121,
        331,
        178,
        1,
        '2021-08-20',
        '11:00:00',
        29.07,
        'Annulée',
        NULL,
        NULL,
        NULL,
        32,
        59
    ),
    (
        855,
        49,
        8,
        182,
        573,
        122,
        4,
        '2021-08-01',
        '09:30:00',
        37.61,
        'Annulée',
        NULL,
        NULL,
        NULL,
        44,
        24
    ),
    (
        856,
        47,
        8,
        110,
        184,
        52,
        6,
        '2024-01-04',
        '17:00:00',
        52.0,
        'Réservée',
        NULL,
        NULL,
        NULL,
        30,
        12
    ),
    (
        857,
        40,
        2,
        74,
        593,
        134,
        5,
        '2024-06-01',
        '12:30:00',
        62.49,
        'En cours',
        NULL,
        NULL,
        NULL,
        5,
        15
    ),
    (
        858,
        52,
        10,
        24,
        218,
        135,
        7,
        '2024-09-04',
        '14:00:00',
        80.62,
        'Terminée',
        NULL,
        NULL,
        NULL,
        8,
        48
    ),
    (
        859,
        9,
        4,
        126,
        745,
        79,
        7,
        '2024-04-04',
        '12:30:00',
        76.7,
        'En cours',
        NULL,
        NULL,
        NULL,
        26,
        35
    ),
    (
        860,
        65,
        3,
        168,
        271,
        92,
        7,
        '2023-01-01',
        '14:00:00',
        43.59,
        'Annulée',
        NULL,
        NULL,
        NULL,
        6,
        15
    ),
    (
        861,
        16,
        2,
        20,
        1098,
        156,
        7,
        '2023-03-17',
        '11:00:00',
        63.21,
        'En cours',
        NULL,
        NULL,
        NULL,
        33,
        39
    ),
    (
        862,
        31,
        4,
        159,
        812,
        99,
        5,
        '2022-10-04',
        '18:30:00',
        34.53,
        'En attente',
        NULL,
        NULL,
        NULL,
        49,
        57
    ),
    (
        863,
        45,
        6,
        114,
        662,
        92,
        6,
        '2021-01-22',
        '09:30:00',
        23.44,
        'Annulée',
        NULL,
        NULL,
        NULL,
        13,
        12
    ),
    (
        864,
        39,
        1,
        12,
        579,
        184,
        6,
        '2023-12-31',
        '11:00:00',
        91.88,
        'En cours',
        NULL,
        NULL,
        NULL,
        33,
        36
    ),
    (
        865,
        42,
        6,
        40,
        679,
        149,
        2,
        '2023-06-03',
        '18:30:00',
        58.32,
        'En attente',
        NULL,
        NULL,
        NULL,
        37,
        16
    ),
    (
        866,
        7,
        5,
        107,
        997,
        166,
        4,
        '2023-04-03',
        '12:30:00',
        36.19,
        'Annulée',
        NULL,
        NULL,
        NULL,
        10,
        16
    ),
    (
        867,
        NULL,
        3,
        186,
        689,
        56,
        2,
        '2022-06-12',
        '18:30:00',
        10.07,
        'Annulée',
        NULL,
        NULL,
        NULL,
        8,
        59
    ),
    (
        868,
        63,
        10,
        88,
        958,
        97,
        5,
        '2024-05-01',
        '12:30:00',
        90.64,
        'Terminée',
        4.0,
        'Excellente prestation',
        12.0,
        36,
        13
    ),
    (
        869,
        54,
        5,
        12,
        952,
        87,
        7,
        '2021-07-16',
        '15:30:00',
        85.24,
        'Terminée',
        3.0,
        'Bon travail',
        NULL,
        14,
        20
    ),
    (
        870,
        70,
        1,
        50,
        909,
        80,
        5,
        '2021-01-16',
        '11:00:00',
        89.02,
        'Terminée',
        4.0,
        'Service impeccable',
        15.0,
        11,
        23
    ),
    (
        871,
        NULL,
        1,
        157,
        128,
        128,
        5,
        '2021-12-21',
        '17:00:00',
        88.71,
        'Terminée',
        4.5,
        'Bon travail',
        10.0,
        38,
        52
    ),
    (
        872,
        37,
        2,
        35,
        139,
        162,
        3,
        '2021-09-25',
        '15:30:00',
        96.33,
        'Réservée',
        NULL,
        NULL,
        NULL,
        11,
        58
    ),
    (
        873,
        1,
        5,
        75,
        332,
        96,
        5,
        '2024-01-26',
        '11:00:00',
        70.49,
        'Réservée',
        NULL,
        NULL,
        NULL,
        50,
        60
    ),
    (
        874,
        42,
        9,
        93,
        534,
        29,
        6,
        '2024-12-15',
        '17:00:00',
        83.32,
        'En cours',
        NULL,
        NULL,
        NULL,
        49,
        45
    ),
    (
        875,
        44,
        5,
        112,
        393,
        177,
        6,
        '2022-03-19',
        '08:00:00',
        54.45,
        'Réservée',
        NULL,
        NULL,
        NULL,
        15,
        17
    ),
    (
        876,
        26,
        2,
        102,
        675,
        18,
        4,
        '2024-07-19',
        '11:00:00',
        84.25,
        'Terminée',
        4.5,
        'Service impeccable',
        10.0,
        30,
        47
    ),
    (
        877,
        28,
        1,
        35,
        258,
        23,
        2,
        '2020-10-21',
        '08:00:00',
        24.81,
        'En attente',
        NULL,
        NULL,
        NULL,
        17,
        45
    ),
    (
        878,
        NULL,
        3,
        173,
        985,
        110,
        3,
        '2021-11-25',
        '15:30:00',
        96.1,
        'Annulée',
        NULL,
        NULL,
        NULL,
        49,
        39
    ),
    (
        879,
        26,
        1,
        60,
        323,
        127,
        7,
        '2024-03-26',
        '17:00:00',
        46.6,
        'En attente',
        NULL,
        NULL,
        NULL,
        41,
        54
    ),
    (
        880,
        NULL,
        4,
        128,
        890,
        18,
        4,
        '2024-02-05',
        '14:00:00',
        86.83,
        'Réservée',
        NULL,
        NULL,
        NULL,
        8,
        28
    ),
    (
        881,
        NULL,
        6,
        105,
        808,
        9,
        1,
        '2024-06-26',
        '09:30:00',
        42.67,
        'Annulée',
        NULL,
        NULL,
        NULL,
        19,
        36
    ),
    (
        882,
        NULL,
        4,
        157,
        986,
        126,
        7,
        '2022-11-08',
        '15:30:00',
        45.93,
        'Terminée',
        4.5,
        'Bon travail',
        15.0,
        18,
        15
    ),
    (
        883,
        4,
        9,
        30,
        279,
        38,
        1,
        '2023-01-23',
        '15:30:00',
        72.99,
        'Annulée',
        NULL,
        NULL,
        NULL,
        37,
        33
    ),
    (
        884,
        9,
        1,
        103,
        525,
        176,
        2,
        '2020-12-18',
        '15:30:00',
        70.56,
        'En cours',
        NULL,
        NULL,
        NULL,
        17,
        55
    ),
    (
        885,
        70,
        9,
        85,
        567,
        173,
        2,
        '2022-03-15',
        '15:30:00',
        92.78,
        'En cours',
        NULL,
        NULL,
        NULL,
        38,
        33
    ),
    (
        886,
        11,
        6,
        76,
        722,
        130,
        4,
        '2021-11-29',
        '09:30:00',
        25.65,
        'Réservée',
        NULL,
        NULL,
        NULL,
        41,
        30
    ),
    (
        887,
        32,
        6,
        25,
        642,
        8,
        6,
        '2020-10-16',
        '12:30:00',
        51.07,
        'Terminée',
        3.0,
        'Bon travail',
        15.0,
        37,
        42
    ),
    (
        888,
        41,
        3,
        158,
        627,
        185,
        7,
        '2024-06-25',
        '17:00:00',
        65.81,
        'Terminée',
        5.0,
        'Excellente prestation',
        5.0,
        22,
        48
    ),
    (
        889,
        51,
        4,
        178,
        444,
        72,
        1,
        '2022-03-21',
        '17:00:00',
        42.47,
        'Annulée',
        NULL,
        NULL,
        NULL,
        14,
        27
    ),
    (
        890,
        1,
        9,
        127,
        751,
        170,
        4,
        '2021-12-28',
        '14:00:00',
        13.43,
        'Annulée',
        NULL,
        NULL,
        NULL,
        30,
        45
    ),
    (
        891,
        NULL,
        4,
        63,
        302,
        29,
        6,
        '2023-07-08',
        '17:00:00',
        11.36,
        'Annulée',
        NULL,
        NULL,
        NULL,
        48,
        12
    ),
    (
        892,
        NULL,
        10,
        120,
        487,
        7,
        6,
        '2022-12-08',
        '17:00:00',
        32.77,
        'Terminée',
        3.0,
        NULL,
        10.0,
        21,
        20
    ),
    (
        893,
        28,
        10,
        20,
        369,
        129,
        1,
        '2022-04-26',
        '15:30:00',
        80.59,
        'Annulée',
        NULL,
        NULL,
        NULL,
        25,
        24
    ),
    (
        894,
        6,
        4,
        159,
        808,
        64,
        7,
        '2024-07-03',
        '17:00:00',
        38.97,
        'Terminée',
        NULL,
        NULL,
        NULL,
        50,
        32
    ),
    (
        895,
        20,
        1,
        133,
        406,
        168,
        2,
        '2024-01-09',
        '15:30:00',
        44.67,
        'En cours',
        NULL,
        NULL,
        NULL,
        10,
        32
    ),
    (
        896,
        3,
        1,
        64,
        324,
        15,
        2,
        '2020-09-21',
        '08:00:00',
        55.02,
        'En cours',
        NULL,
        NULL,
        NULL,
        6,
        48
    ),
    (
        897,
        NULL,
        9,
        188,
        862,
        177,
        4,
        '2022-11-10',
        '09:30:00',
        31.79,
        'En cours',
        NULL,
        NULL,
        NULL,
        15,
        21
    ),
    (
        898,
        3,
        8,
        137,
        246,
        54,
        7,
        '2020-09-19',
        '15:30:00',
        86.25,
        'Annulée',
        NULL,
        NULL,
        NULL,
        8,
        19
    ),
    (
        899,
        NULL,
        10,
        40,
        1029,
        176,
        4,
        '2020-04-02',
        '14:00:00',
        44.79,
        'En attente',
        NULL,
        NULL,
        NULL,
        18,
        28
    ),
    (
        900,
        19,
        7,
        94,
        752,
        6,
        4,
        '2023-06-18',
        '15:30:00',
        73.12,
        'Annulée',
        NULL,
        NULL,
        NULL,
        9,
        55
    ),
    (
        901,
        39,
        5,
        71,
        498,
        34,
        6,
        '2025-01-19',
        '08:00:00',
        46.31,
        'En attente',
        NULL,
        NULL,
        NULL,
        11,
        21
    ),
    (
        902,
        NULL,
        5,
        42,
        731,
        68,
        6,
        '2025-01-08',
        '12:30:00',
        63.24,
        'Terminée',
        3.0,
        'Service impeccable',
        15.0,
        18,
        35
    ),
    (
        903,
        54,
        7,
        11,
        975,
        142,
        4,
        '2023-03-28',
        '08:00:00',
        80.2,
        'En attente',
        NULL,
        NULL,
        NULL,
        27,
        42
    ),
    (
        904,
        48,
        2,
        117,
        124,
        146,
        1,
        '2021-06-25',
        '18:30:00',
        58.8,
        'En cours',
        NULL,
        NULL,
        NULL,
        17,
        44
    ),
    (
        905,
        NULL,
        10,
        44,
        778,
        52,
        5,
        '2022-09-08',
        '15:30:00',
        94.94,
        'Réservée',
        NULL,
        NULL,
        NULL,
        27,
        15
    ),
    (
        906,
        7,
        9,
        144,
        129,
        40,
        7,
        '2022-10-10',
        '09:30:00',
        11.55,
        'Annulée',
        NULL,
        NULL,
        NULL,
        21,
        16
    ),
    (
        907,
        NULL,
        7,
        24,
        1050,
        5,
        7,
        '2023-05-26',
        '09:30:00',
        83.8,
        'Réservée',
        NULL,
        NULL,
        NULL,
        30,
        60
    ),
    (
        908,
        7,
        6,
        83,
        1004,
        12,
        3,
        '2021-05-11',
        '14:00:00',
        37.28,
        'Annulée',
        NULL,
        NULL,
        NULL,
        27,
        20
    ),
    (
        909,
        8,
        1,
        81,
        376,
        55,
        4,
        '2023-02-06',
        '18:30:00',
        62.47,
        'Réservée',
        NULL,
        NULL,
        NULL,
        14,
        55
    ),
    (
        910,
        10,
        1,
        185,
        609,
        52,
        5,
        '2025-01-23',
        '18:30:00',
        69.42,
        'Réservée',
        NULL,
        NULL,
        NULL,
        18,
        28
    ),
    (
        911,
        32,
        5,
        160,
        857,
        53,
        4,
        '2020-08-18',
        '14:00:00',
        87.15,
        'Terminée',
        NULL,
        NULL,
        NULL,
        50,
        17
    ),
    (
        912,
        2,
        2,
        54,
        224,
        32,
        1,
        '2024-08-16',
        '15:30:00',
        97.3,
        'En cours',
        NULL,
        NULL,
        NULL,
        40,
        48
    ),
    (
        913,
        69,
        2,
        105,
        1104,
        57,
        6,
        '2023-05-20',
        '11:00:00',
        24.43,
        'En attente',
        NULL,
        NULL,
        NULL,
        19,
        31
    ),
    (
        914,
        NULL,
        7,
        148,
        481,
        103,
        3,
        '2021-12-23',
        '12:30:00',
        12.15,
        'Réservée',
        NULL,
        NULL,
        NULL,
        23,
        58
    ),
    (
        915,
        50,
        6,
        21,
        202,
        12,
        5,
        '2020-04-29',
        '14:00:00',
        21.74,
        'En attente',
        NULL,
        NULL,
        NULL,
        6,
        24
    ),
    (
        916,
        58,
        9,
        11,
        778,
        38,
        3,
        '2024-12-30',
        '15:30:00',
        86.14,
        'Terminée',
        5.0,
        'Rapide',
        5.0,
        41,
        29
    ),
    (
        917,
        9,
        3,
        74,
        916,
        55,
        1,
        '2023-11-30',
        '14:00:00',
        73.02,
        'Annulée',
        NULL,
        NULL,
        NULL,
        46,
        10
    ),
    (
        918,
        NULL,
        9,
        65,
        460,
        97,
        7,
        '2021-07-12',
        '08:00:00',
        94.24,
        'Réservée',
        NULL,
        NULL,
        NULL,
        44,
        11
    ),
    (
        919,
        5,
        1,
        42,
        1013,
        94,
        4,
        '2020-08-26',
        '09:30:00',
        31.77,
        'Réservée',
        NULL,
        NULL,
        NULL,
        11,
        49
    ),
    (
        920,
        62,
        5,
        104,
        705,
        23,
        7,
        '2024-11-06',
        '09:30:00',
        19.78,
        'Terminée',
        5.0,
        'Excellente prestation',
        5.0,
        21,
        21
    ),
    (
        921,
        15,
        5,
        165,
        711,
        115,
        2,
        '2022-03-14',
        '18:30:00',
        79.74,
        'Terminée',
        5.0,
        'Rapide',
        5.0,
        45,
        19
    ),
    (
        922,
        45,
        1,
        105,
        411,
        50,
        2,
        '2024-08-27',
        '18:30:00',
        71.74,
        'En cours',
        NULL,
        NULL,
        NULL,
        44,
        57
    ),
    (
        923,
        35,
        3,
        91,
        707,
        48,
        1,
        '2021-03-28',
        '08:00:00',
        75.15,
        'En attente',
        NULL,
        NULL,
        NULL,
        17,
        45
    ),
    (
        924,
        NULL,
        9,
        167,
        664,
        85,
        6,
        '2022-01-01',
        '12:30:00',
        89.31,
        'Terminée',
        4.5,
        'Service impeccable',
        10.0,
        12,
        44
    ),
    (
        925,
        45,
        4,
        169,
        166,
        44,
        6,
        '2021-09-14',
        '15:30:00',
        76.37,
        'Terminée',
        3.0,
        'Service impeccable',
        15.0,
        20,
        32
    ),
    (
        926,
        NULL,
        3,
        103,
        387,
        90,
        6,
        '2024-05-06',
        '17:00:00',
        62.25,
        'Annulée',
        NULL,
        NULL,
        NULL,
        16,
        34
    ),
    (
        927,
        33,
        7,
        173,
        232,
        81,
        6,
        '2024-09-09',
        '08:00:00',
        21.14,
        'Terminée',
        3.0,
        'Rapide',
        12.0,
        23,
        25
    ),
    (
        928,
        55,
        8,
        138,
        238,
        4,
        4,
        '2021-01-15',
        '14:00:00',
        58.17,
        'Terminée',
        NULL,
        NULL,
        NULL,
        20,
        47
    ),
    (
        929,
        55,
        9,
        3,
        241,
        110,
        7,
        '2021-03-06',
        '15:30:00',
        53.03,
        'En attente',
        NULL,
        NULL,
        NULL,
        37,
        57
    ),
    (
        930,
        61,
        1,
        71,
        1033,
        129,
        5,
        '2024-12-01',
        '18:30:00',
        19.21,
        'Terminée',
        NULL,
        NULL,
        NULL,
        20,
        30
    ),
    (
        931,
        50,
        1,
        79,
        600,
        24,
        2,
        '2024-01-13',
        '15:30:00',
        66.5,
        'Réservée',
        NULL,
        NULL,
        NULL,
        11,
        15
    ),
    (
        932,
        12,
        7,
        155,
        998,
        36,
        2,
        '2023-06-27',
        '12:30:00',
        88.84,
        'Terminée',
        NULL,
        NULL,
        NULL,
        29,
        42
    ),
    (
        933,
        NULL,
        2,
        130,
        882,
        79,
        3,
        '2021-12-26',
        '12:30:00',
        49.04,
        'En cours',
        NULL,
        NULL,
        NULL,
        25,
        54
    ),
    (
        934,
        24,
        6,
        135,
        491,
        75,
        4,
        '2023-01-08',
        '09:30:00',
        80.07,
        'Terminée',
        3.0,
        'Bon travail',
        5.0,
        40,
        50
    ),
    (
        935,
        47,
        7,
        143,
        1051,
        2,
        4,
        '2022-02-12',
        '11:00:00',
        14.17,
        'Réservée',
        NULL,
        NULL,
        NULL,
        35,
        14
    ),
    (
        936,
        34,
        3,
        87,
        377,
        72,
        1,
        '2023-05-06',
        '17:00:00',
        83.99,
        'En cours',
        NULL,
        NULL,
        NULL,
        24,
        33
    ),
    (
        937,
        54,
        8,
        57,
        443,
        146,
        4,
        '2024-07-17',
        '14:00:00',
        18.35,
        'Réservée',
        NULL,
        NULL,
        NULL,
        25,
        14
    ),
    (
        938,
        NULL,
        4,
        26,
        157,
        183,
        5,
        '2024-09-27',
        '14:00:00',
        76.4,
        'En attente',
        NULL,
        NULL,
        NULL,
        28,
        33
    ),
    (
        939,
        NULL,
        2,
        72,
        710,
        87,
        4,
        '2024-03-07',
        '08:00:00',
        55.15,
        'En attente',
        NULL,
        NULL,
        NULL,
        23,
        35
    ),
    (
        940,
        14,
        4,
        11,
        214,
        36,
        5,
        '2020-05-20',
        '09:30:00',
        10.63,
        'Réservée',
        NULL,
        NULL,
        NULL,
        13,
        18
    ),
    (
        941,
        31,
        3,
        179,
        736,
        6,
        3,
        '2021-03-26',
        '17:00:00',
        31.01,
        'Réservée',
        NULL,
        NULL,
        NULL,
        7,
        15
    ),
    (
        942,
        NULL,
        9,
        144,
        306,
        11,
        5,
        '2021-07-08',
        '18:30:00',
        92.12,
        'Terminée',
        4.5,
        'Service impeccable',
        NULL,
        8,
        44
    ),
    (
        943,
        NULL,
        1,
        165,
        650,
        134,
        7,
        '2021-05-04',
        '17:00:00',
        36.18,
        'Réservée',
        NULL,
        NULL,
        NULL,
        40,
        49
    ),
    (
        944,
        16,
        4,
        86,
        1053,
        135,
        3,
        '2021-07-26',
        '11:00:00',
        59.02,
        'Réservée',
        NULL,
        NULL,
        NULL,
        6,
        46
    ),
    (
        945,
        53,
        1,
        23,
        659,
        150,
        7,
        '2021-06-18',
        '12:30:00',
        51.92,
        'Terminée',
        3.0,
        NULL,
        10.0,
        13,
        52
    ),
    (
        946,
        NULL,
        4,
        176,
        790,
        49,
        2,
        '2020-07-17',
        '17:00:00',
        50.63,
        'Terminée',
        3.0,
        'Satisfaisant',
        10.0,
        50,
        57
    ),
    (
        947,
        43,
        4,
        86,
        916,
        115,
        7,
        '2024-12-26',
        '15:30:00',
        60.18,
        'Terminée',
        4.0,
        'Bon travail',
        15.0,
        33,
        15
    ),
    (
        948,
        19,
        3,
        21,
        899,
        150,
        4,
        '2020-08-14',
        '18:30:00',
        87.25,
        'Terminée',
        NULL,
        NULL,
        NULL,
        13,
        23
    ),
    (
        949,
        NULL,
        10,
        172,
        499,
        127,
        3,
        '2022-10-13',
        '12:30:00',
        77.11,
        'Réservée',
        NULL,
        NULL,
        NULL,
        15,
        43
    ),
    (
        950,
        61,
        5,
        53,
        947,
        112,
        1,
        '2020-10-08',
        '09:30:00',
        26.19,
        'Annulée',
        NULL,
        NULL,
        NULL,
        11,
        46
    ),
    (
        951,
        47,
        3,
        52,
        518,
        182,
        2,
        '2024-09-23',
        '11:00:00',
        94.8,
        'Réservée',
        NULL,
        NULL,
        NULL,
        20,
        36
    ),
    (
        952,
        NULL,
        1,
        146,
        764,
        9,
        3,
        '2020-10-01',
        '15:30:00',
        15.53,
        'Annulée',
        NULL,
        NULL,
        NULL,
        26,
        53
    ),
    (
        953,
        14,
        6,
        29,
        329,
        60,
        4,
        '2023-02-26',
        '15:30:00',
        71.51,
        'Annulée',
        NULL,
        NULL,
        NULL,
        7,
        21
    ),
    (
        954,
        37,
        3,
        117,
        578,
        103,
        5,
        '2021-09-09',
        '18:30:00',
        10.99,
        'En cours',
        NULL,
        NULL,
        NULL,
        31,
        51
    ),
    (
        955,
        42,
        6,
        164,
        863,
        76,
        3,
        '2020-11-22',
        '14:00:00',
        51.47,
        'En attente',
        NULL,
        NULL,
        NULL,
        42,
        52
    ),
    (
        956,
        41,
        8,
        58,
        700,
        42,
        4,
        '2023-03-14',
        '15:30:00',
        89.84,
        'Réservée',
        NULL,
        NULL,
        NULL,
        40,
        17
    ),
    (
        957,
        NULL,
        9,
        125,
        866,
        19,
        7,
        '2022-09-14',
        '11:00:00',
        55.31,
        'Annulée',
        NULL,
        NULL,
        NULL,
        45,
        59
    ),
    (
        958,
        24,
        10,
        181,
        652,
        60,
        3,
        '2024-04-17',
        '09:30:00',
        29.96,
        'Réservée',
        NULL,
        NULL,
        NULL,
        13,
        28
    ),
    (
        959,
        48,
        3,
        172,
        905,
        132,
        1,
        '2023-03-31',
        '17:00:00',
        38.44,
        'En cours',
        NULL,
        NULL,
        NULL,
        29,
        31
    ),
    (
        960,
        NULL,
        10,
        112,
        931,
        38,
        1,
        '2021-01-07',
        '17:00:00',
        56.8,
        'En cours',
        NULL,
        NULL,
        NULL,
        8,
        31
    ),
    (
        961,
        53,
        7,
        108,
        747,
        43,
        2,
        '2024-10-04',
        '15:30:00',
        57.37,
        'En attente',
        NULL,
        NULL,
        NULL,
        9,
        39
    ),
    (
        962,
        49,
        9,
        89,
        267,
        75,
        4,
        '2020-07-04',
        '08:00:00',
        54.4,
        'En attente',
        NULL,
        NULL,
        NULL,
        46,
        51
    ),
    (
        963,
        66,
        1,
        178,
        999,
        31,
        5,
        '2025-01-18',
        '09:30:00',
        39.02,
        'Terminée',
        5.0,
        'Bon travail',
        12.0,
        20,
        58
    ),
    (
        964,
        65,
        8,
        44,
        839,
        45,
        5,
        '2023-01-28',
        '14:00:00',
        93.03,
        'Annulée',
        NULL,
        NULL,
        NULL,
        19,
        40
    ),
    (
        965,
        50,
        10,
        158,
        200,
        81,
        3,
        '2022-06-09',
        '08:00:00',
        31.7,
        'Terminée',
        4.0,
        'Excellente prestation',
        NULL,
        37,
        56
    ),
    (
        966,
        NULL,
        1,
        178,
        441,
        72,
        6,
        '2022-10-15',
        '09:30:00',
        12.3,
        'Terminée',
        4.5,
        'Service impeccable',
        10.0,
        13,
        38
    ),
    (
        967,
        NULL,
        3,
        79,
        201,
        53,
        3,
        '2024-02-07',
        '11:00:00',
        62.42,
        'Réservée',
        NULL,
        NULL,
        NULL,
        35,
        39
    ),
    (
        968,
        68,
        3,
        27,
        554,
        55,
        6,
        '2024-06-17',
        '18:30:00',
        89.78,
        'En attente',
        NULL,
        NULL,
        NULL,
        36,
        48
    ),
    (
        969,
        40,
        10,
        167,
        536,
        115,
        7,
        '2023-12-02',
        '08:00:00',
        15.28,
        'Réservée',
        NULL,
        NULL,
        NULL,
        10,
        59
    ),
    (
        970,
        32,
        6,
        13,
        143,
        41,
        3,
        '2021-07-11',
        '11:00:00',
        81.95,
        'En cours',
        NULL,
        NULL,
        NULL,
        17,
        21
    ),
    (
        971,
        21,
        7,
        174,
        1112,
        163,
        6,
        '2024-02-13',
        '17:00:00',
        72.73,
        'Annulée',
        NULL,
        NULL,
        NULL,
        42,
        10
    ),
    (
        972,
        39,
        2,
        24,
        391,
        55,
        3,
        '2022-08-17',
        '18:30:00',
        39.31,
        'En cours',
        NULL,
        NULL,
        NULL,
        29,
        35
    ),
    (
        973,
        53,
        9,
        25,
        826,
        14,
        4,
        '2021-09-15',
        '17:00:00',
        39.36,
        'Terminée',
        3.0,
        'Rapide',
        15.0,
        47,
        45
    ),
    (
        974,
        16,
        6,
        137,
        444,
        128,
        4,
        '2024-07-02',
        '17:00:00',
        74.33,
        'En cours',
        NULL,
        NULL,
        NULL,
        27,
        39
    ),
    (
        975,
        63,
        7,
        9,
        149,
        63,
        7,
        '2021-11-08',
        '14:00:00',
        17.8,
        'En attente',
        NULL,
        NULL,
        NULL,
        49,
        39
    ),
    (
        976,
        NULL,
        7,
        162,
        799,
        11,
        3,
        '2020-08-19',
        '11:00:00',
        54.19,
        'Terminée',
        4.0,
        'Satisfaisant',
        10.0,
        8,
        38
    ),
    (
        977,
        NULL,
        10,
        118,
        172,
        54,
        2,
        '2024-08-10',
        '14:00:00',
        27.4,
        'Réservée',
        NULL,
        NULL,
        NULL,
        39,
        19
    ),
    (
        978,
        NULL,
        6,
        104,
        822,
        172,
        7,
        '2024-07-26',
        '17:00:00',
        21.96,
        'En cours',
        NULL,
        NULL,
        NULL,
        40,
        32
    ),
    (
        979,
        48,
        5,
        6,
        843,
        93,
        6,
        '2021-02-15',
        '08:00:00',
        27.44,
        'Annulée',
        NULL,
        NULL,
        NULL,
        7,
        43
    ),
    (
        980,
        NULL,
        10,
        164,
        239,
        51,
        3,
        '2024-01-30',
        '18:30:00',
        10.2,
        'En cours',
        NULL,
        NULL,
        NULL,
        26,
        20
    ),
    (
        981,
        37,
        9,
        35,
        536,
        79,
        7,
        '2021-09-18',
        '14:00:00',
        62.28,
        'En attente',
        NULL,
        NULL,
        NULL,
        20,
        17
    ),
    (
        982,
        3,
        8,
        1,
        923,
        85,
        7,
        '2022-02-28',
        '11:00:00',
        14.4,
        'En cours',
        NULL,
        NULL,
        NULL,
        36,
        34
    ),
    (
        983,
        35,
        8,
        33,
        467,
        85,
        5,
        '2023-07-10',
        '12:30:00',
        47.38,
        'En attente',
        NULL,
        NULL,
        NULL,
        7,
        51
    ),
    (
        984,
        65,
        1,
        44,
        447,
        57,
        2,
        '2022-12-19',
        '17:00:00',
        43.89,
        'Réservée',
        NULL,
        NULL,
        NULL,
        49,
        44
    ),
    (
        985,
        67,
        9,
        2,
        1014,
        165,
        4,
        '2022-04-08',
        '08:00:00',
        47.73,
        'En attente',
        NULL,
        NULL,
        NULL,
        15,
        32
    ),
    (
        986,
        NULL,
        6,
        37,
        1054,
        4,
        6,
        '2022-08-05',
        '17:00:00',
        47.16,
        'Annulée',
        NULL,
        NULL,
        NULL,
        31,
        43
    ),
    (
        987,
        40,
        8,
        17,
        1081,
        19,
        1,
        '2024-06-26',
        '09:30:00',
        63.02,
        'En cours',
        NULL,
        NULL,
        NULL,
        5,
        11
    ),
    (
        988,
        24,
        9,
        167,
        214,
        28,
        6,
        '2024-07-12',
        '08:00:00',
        77.62,
        'En cours',
        NULL,
        NULL,
        NULL,
        7,
        30
    ),
    (
        989,
        63,
        3,
        131,
        885,
        39,
        3,
        '2022-06-29',
        '14:00:00',
        83.82,
        'Terminée',
        4.0,
        NULL,
        10.0,
        11,
        21
    ),
    (
        990,
        33,
        1,
        177,
        304,
        120,
        3,
        '2020-07-16',
        '14:00:00',
        13.7,
        'En cours',
        NULL,
        NULL,
        NULL,
        43,
        13
    ),
    (
        991,
        NULL,
        2,
        8,
        327,
        92,
        6,
        '2021-09-19',
        '11:00:00',
        84.78,
        'Réservée',
        NULL,
        NULL,
        NULL,
        35,
        57
    ),
    (
        992,
        29,
        5,
        178,
        1044,
        46,
        2,
        '2021-08-18',
        '14:00:00',
        76.71,
        'Réservée',
        NULL,
        NULL,
        NULL,
        44,
        45
    ),
    (
        993,
        12,
        7,
        36,
        654,
        9,
        4,
        '2022-12-28',
        '12:30:00',
        30.63,
        'Terminée',
        4.0,
        'Service impeccable',
        5.0,
        10,
        29
    ),
    (
        994,
        20,
        3,
        68,
        527,
        148,
        3,
        '2021-03-24',
        '11:00:00',
        26.74,
        'Annulée',
        NULL,
        NULL,
        NULL,
        18,
        22
    ),
    (
        995,
        39,
        2,
        7,
        631,
        99,
        4,
        '2023-01-18',
        '11:00:00',
        89.81,
        'En attente',
        NULL,
        NULL,
        NULL,
        44,
        27
    ),
    (
        996,
        5,
        3,
        115,
        1015,
        23,
        5,
        '2022-05-03',
        '18:30:00',
        35.57,
        'En cours',
        NULL,
        NULL,
        NULL,
        28,
        46
    ),
    (
        997,
        66,
        2,
        177,
        539,
        32,
        4,
        '2021-10-25',
        '12:30:00',
        82.64,
        'Terminée',
        4.0,
        'Satisfaisant',
        15.0,
        48,
        55
    ),
    (
        998,
        47,
        4,
        106,
        446,
        138,
        1,
        '2021-10-21',
        '08:00:00',
        42.41,
        'En attente',
        NULL,
        NULL,
        NULL,
        27,
        36
    ),
    (
        999,
        NULL,
        8,
        42,
        335,
        131,
        7,
        '2021-12-08',
        '08:00:00',
        77.17,
        'Annulée',
        NULL,
        NULL,
        NULL,
        34,
        27
    ),
    (
        1000,
        2,
        10,
        22,
        152,
        62,
        7,
        '2022-02-05',
        '18:30:00',
        79.9,
        'Annulée',
        NULL,
        NULL,
        NULL,
        49,
        50
    ),
    (
        1001,
        48,
        6,
        24,
        321,
        47,
        4,
        '2021-09-17',
        '11:00:00',
        32.43,
        'En cours',
        NULL,
        NULL,
        NULL,
        10,
        14
    ),
    (
        1002,
        14,
        6,
        188,
        349,
        19,
        6,
        '2023-01-08',
        '12:30:00',
        55.32,
        'En attente',
        NULL,
        NULL,
        NULL,
        32,
        34
    ),
    (
        1003,
        63,
        7,
        164,
        260,
        67,
        7,
        '2024-02-13',
        '15:30:00',
        62.24,
        'Terminée',
        4.5,
        'Satisfaisant',
        10.0,
        13,
        49
    ),
    (
        1004,
        70,
        6,
        160,
        386,
        45,
        7,
        '2023-09-07',
        '12:30:00',
        23.51,
        'En attente',
        NULL,
        NULL,
        NULL,
        12,
        33
    ),
    (
        1005,
        26,
        3,
        161,
        160,
        174,
        1,
        '2024-11-30',
        '11:00:00',
        23.74,
        'En attente',
        NULL,
        NULL,
        NULL,
        31,
        33
    ),
    (
        1006,
        65,
        1,
        172,
        1114,
        151,
        4,
        '2021-09-11',
        '15:30:00',
        57.47,
        'En cours',
        NULL,
        NULL,
        NULL,
        13,
        25
    ),
    (
        1007,
        49,
        3,
        28,
        876,
        126,
        5,
        '2023-06-10',
        '08:00:00',
        23.67,
        'En cours',
        NULL,
        NULL,
        NULL,
        7,
        28
    ),
    (
        1008,
        17,
        1,
        97,
        920,
        188,
        4,
        '2021-03-07',
        '09:30:00',
        29.85,
        'En attente',
        NULL,
        NULL,
        NULL,
        40,
        48
    ),
    (
        1009,
        62,
        3,
        161,
        106,
        13,
        2,
        '2024-11-14',
        '18:30:00',
        36.34,
        'Réservée',
        NULL,
        NULL,
        NULL,
        29,
        26
    ),
    (
        1010,
        NULL,
        9,
        141,
        854,
        34,
        6,
        '2020-11-02',
        '15:30:00',
        36.12,
        'Annulée',
        NULL,
        NULL,
        NULL,
        19,
        20
    ),
    (
        1011,
        NULL,
        8,
        130,
        305,
        58,
        7,
        '2024-05-14',
        '11:00:00',
        55.91,
        'Réservée',
        NULL,
        NULL,
        NULL,
        27,
        60
    ),
    (
        1012,
        NULL,
        9,
        62,
        997,
        156,
        1,
        '2022-01-11',
        '11:00:00',
        74.81,
        'Annulée',
        NULL,
        NULL,
        NULL,
        38,
        46
    ),
    (
        1013,
        53,
        8,
        114,
        783,
        82,
        1,
        '2022-03-05',
        '18:30:00',
        75.27,
        'Annulée',
        NULL,
        NULL,
        NULL,
        45,
        37
    ),
    (
        1014,
        26,
        10,
        12,
        962,
        143,
        7,
        '2022-08-10',
        '09:30:00',
        17.44,
        'En cours',
        NULL,
        NULL,
        NULL,
        33,
        26
    ),
    (
        1015,
        35,
        9,
        164,
        666,
        169,
        6,
        '2022-09-25',
        '09:30:00',
        75.56,
        'En attente',
        NULL,
        NULL,
        NULL,
        44,
        12
    ),
    (
        1016,
        43,
        9,
        68,
        869,
        53,
        1,
        '2022-08-22',
        '08:00:00',
        33.4,
        'Terminée',
        3.0,
        'Excellente prestation',
        5.0,
        34,
        54
    ),
    (
        1017,
        59,
        4,
        148,
        758,
        64,
        6,
        '2023-08-30',
        '14:00:00',
        54.49,
        'Annulée',
        NULL,
        NULL,
        NULL,
        41,
        22
    ),
    (
        1018,
        44,
        4,
        131,
        492,
        147,
        6,
        '2020-12-11',
        '09:30:00',
        63.02,
        'En cours',
        NULL,
        NULL,
        NULL,
        5,
        25
    ),
    (
        1019,
        38,
        9,
        50,
        274,
        3,
        4,
        '2022-03-01',
        '15:30:00',
        62.89,
        'En attente',
        NULL,
        NULL,
        NULL,
        39,
        44
    ),
    (
        1020,
        32,
        1,
        177,
        392,
        166,
        7,
        '2022-01-13',
        '09:30:00',
        43.07,
        'En attente',
        NULL,
        NULL,
        NULL,
        39,
        18
    ),
    (
        1021,
        51,
        3,
        130,
        121,
        157,
        5,
        '2023-05-05',
        '12:30:00',
        62.55,
        'En attente',
        NULL,
        NULL,
        NULL,
        46,
        30
    ),
    (
        1022,
        18,
        3,
        37,
        1099,
        2,
        1,
        '2021-03-30',
        '17:00:00',
        74.49,
        'Annulée',
        NULL,
        NULL,
        NULL,
        27,
        40
    ),
    (
        1023,
        50,
        4,
        19,
        984,
        5,
        6,
        '2024-05-26',
        '15:30:00',
        77.22,
        'Terminée',
        5.0,
        'Satisfaisant',
        10.0,
        27,
        20
    ),
    (
        1024,
        19,
        5,
        121,
        103,
        28,
        6,
        '2022-08-04',
        '15:30:00',
        10.68,
        'En cours',
        NULL,
        NULL,
        NULL,
        11,
        17
    ),
    (
        1025,
        22,
        4,
        93,
        682,
        67,
        6,
        '2020-04-30',
        '12:30:00',
        50.3,
        'Annulée',
        NULL,
        NULL,
        NULL,
        11,
        59
    ),
    (
        1026,
        59,
        2,
        86,
        812,
        184,
        2,
        '2020-06-20',
        '11:00:00',
        40.45,
        'Terminée',
        4.5,
        'Satisfaisant',
        5.0,
        29,
        54
    ),
    (
        1027,
        NULL,
        6,
        97,
        729,
        148,
        3,
        '2020-07-01',
        '09:30:00',
        63.83,
        'Terminée',
        5.0,
        'Bon travail',
        10.0,
        41,
        56
    ),
    (
        1028,
        52,
        8,
        67,
        862,
        17,
        2,
        '2023-05-13',
        '12:30:00',
        30.87,
        'Réservée',
        NULL,
        NULL,
        NULL,
        32,
        30
    ),
    (
        1029,
        54,
        9,
        175,
        218,
        126,
        5,
        '2021-09-17',
        '09:30:00',
        17.25,
        'En attente',
        NULL,
        NULL,
        NULL,
        38,
        36
    ),
    (
        1030,
        66,
        1,
        82,
        271,
        95,
        2,
        '2022-04-13',
        '15:30:00',
        33.94,
        'Terminée',
        NULL,
        NULL,
        NULL,
        49,
        33
    ),
    (
        1031,
        40,
        4,
        54,
        505,
        73,
        2,
        '2021-07-21',
        '15:30:00',
        97.97,
        'Terminée',
        3.0,
        'Service impeccable',
        12.0,
        11,
        47
    ),
    (
        1032,
        14,
        9,
        22,
        880,
        124,
        3,
        '2024-12-17',
        '09:30:00',
        24.89,
        'Réservée',
        NULL,
        NULL,
        NULL,
        48,
        33
    ),
    (
        1033,
        NULL,
        6,
        111,
        604,
        125,
        1,
        '2023-09-01',
        '12:30:00',
        25.44,
        'En cours',
        NULL,
        NULL,
        NULL,
        14,
        38
    ),
    (
        1034,
        63,
        5,
        10,
        862,
        146,
        4,
        '2023-01-19',
        '17:00:00',
        51.16,
        'En attente',
        NULL,
        NULL,
        NULL,
        43,
        56
    ),
    (
        1035,
        38,
        8,
        82,
        854,
        45,
        3,
        '2023-09-18',
        '12:30:00',
        15.48,
        'Réservée',
        NULL,
        NULL,
        NULL,
        37,
        20
    ),
    (
        1036,
        NULL,
        10,
        4,
        747,
        163,
        1,
        '2024-09-02',
        '17:00:00',
        79.87,
        'Réservée',
        NULL,
        NULL,
        NULL,
        23,
        19
    ),
    (
        1037,
        31,
        10,
        139,
        871,
        158,
        5,
        '2020-08-03',
        '09:30:00',
        19.24,
        'Réservée',
        NULL,
        NULL,
        NULL,
        36,
        20
    ),
    (
        1038,
        66,
        2,
        20,
        228,
        52,
        6,
        '2022-12-06',
        '17:00:00',
        72.57,
        'Annulée',
        NULL,
        NULL,
        NULL,
        6,
        32
    ),
    (
        1039,
        NULL,
        10,
        113,
        1056,
        40,
        5,
        '2021-09-06',
        '11:00:00',
        27.04,
        'Annulée',
        NULL,
        NULL,
        NULL,
        9,
        54
    ),
    (
        1040,
        34,
        6,
        77,
        438,
        5,
        1,
        '2024-08-04',
        '09:30:00',
        11.94,
        'Réservée',
        NULL,
        NULL,
        NULL,
        46,
        45
    ),
    (
        1041,
        8,
        7,
        84,
        521,
        49,
        1,
        '2024-01-17',
        '08:00:00',
        30.05,
        'Réservée',
        NULL,
        NULL,
        NULL,
        35,
        16
    ),
    (
        1042,
        30,
        6,
        153,
        877,
        188,
        7,
        '2021-05-24',
        '17:00:00',
        55.57,
        'Réservée',
        NULL,
        NULL,
        NULL,
        37,
        36
    ),
    (
        1043,
        NULL,
        5,
        21,
        520,
        87,
        6,
        '2022-09-20',
        '15:30:00',
        81.45,
        'En cours',
        NULL,
        NULL,
        NULL,
        31,
        52
    ),
    (
        1044,
        3,
        8,
        103,
        265,
        59,
        2,
        '2022-06-22',
        '14:00:00',
        49.15,
        'Annulée',
        NULL,
        NULL,
        NULL,
        43,
        15
    ),
    (
        1045,
        38,
        3,
        164,
        284,
        172,
        5,
        '2022-04-12',
        '09:30:00',
        87.91,
        'En cours',
        NULL,
        NULL,
        NULL,
        29,
        57
    ),
    (
        1046,
        46,
        8,
        41,
        741,
        17,
        4,
        '2020-12-14',
        '09:30:00',
        84.21,
        'Terminée',
        4.5,
        'Service impeccable',
        15.0,
        13,
        39
    ),
    (
        1047,
        43,
        4,
        24,
        1005,
        139,
        3,
        '2023-06-24',
        '11:00:00',
        93.32,
        'En attente',
        NULL,
        NULL,
        NULL,
        50,
        22
    ),
    (
        1048,
        21,
        6,
        59,
        984,
        182,
        6,
        '2024-04-19',
        '18:30:00',
        61.73,
        'En attente',
        NULL,
        NULL,
        NULL,
        8,
        42
    ),
    (
        1049,
        NULL,
        1,
        114,
        672,
        106,
        1,
        '2020-12-21',
        '08:00:00',
        38.65,
        'Réservée',
        NULL,
        NULL,
        NULL,
        19,
        32
    ),
    (
        1050,
        67,
        2,
        178,
        195,
        178,
        1,
        '2023-07-24',
        '09:30:00',
        93.82,
        'En cours',
        NULL,
        NULL,
        NULL,
        28,
        20
    ),
    (
        1051,
        53,
        3,
        134,
        800,
        34,
        4,
        '2023-02-15',
        '15:30:00',
        84.7,
        'En attente',
        NULL,
        NULL,
        NULL,
        26,
        23
    ),
    (
        1052,
        39,
        2,
        144,
        852,
        11,
        1,
        '2021-10-08',
        '17:00:00',
        57.53,
        'En cours',
        NULL,
        NULL,
        NULL,
        24,
        29
    ),
    (
        1053,
        4,
        6,
        1,
        621,
        25,
        6,
        '2021-07-31',
        '12:30:00',
        79.47,
        'En cours',
        NULL,
        NULL,
        NULL,
        17,
        14
    ),
    (
        1054,
        43,
        7,
        146,
        593,
        95,
        2,
        '2021-09-17',
        '17:00:00',
        25.76,
        'En cours',
        NULL,
        NULL,
        NULL,
        26,
        38
    ),
    (
        1055,
        40,
        6,
        59,
        399,
        131,
        2,
        '2024-12-05',
        '11:00:00',
        70.54,
        'Annulée',
        NULL,
        NULL,
        NULL,
        40,
        18
    ),
    (
        1056,
        5,
        2,
        170,
        1022,
        81,
        6,
        '2020-07-17',
        '11:00:00',
        65.69,
        'En cours',
        NULL,
        NULL,
        NULL,
        37,
        39
    ),
    (
        1057,
        60,
        6,
        157,
        898,
        173,
        4,
        '2024-12-06',
        '15:30:00',
        67.61,
        'En cours',
        NULL,
        NULL,
        NULL,
        31,
        36
    ),
    (
        1058,
        46,
        7,
        111,
        857,
        9,
        7,
        '2021-12-09',
        '08:00:00',
        80.24,
        'En cours',
        NULL,
        NULL,
        NULL,
        28,
        36
    ),
    (
        1059,
        NULL,
        6,
        15,
        702,
        98,
        3,
        '2024-08-16',
        '18:30:00',
        76.06,
        'Réservée',
        NULL,
        NULL,
        NULL,
        46,
        16
    ),
    (
        1060,
        57,
        10,
        58,
        125,
        77,
        7,
        '2021-12-28',
        '08:00:00',
        67.72,
        'Réservée',
        NULL,
        NULL,
        NULL,
        11,
        35
    ),
    (
        1061,
        64,
        8,
        144,
        794,
        28,
        1,
        '2020-04-28',
        '11:00:00',
        11.51,
        'En attente',
        NULL,
        NULL,
        NULL,
        45,
        45
    ),
    (
        1062,
        17,
        7,
        185,
        193,
        39,
        7,
        '2022-04-22',
        '09:30:00',
        43.93,
        'En cours',
        NULL,
        NULL,
        NULL,
        16,
        47
    ),
    (
        1063,
        46,
        4,
        173,
        696,
        31,
        3,
        '2024-03-15',
        '12:30:00',
        88.24,
        'Terminée',
        NULL,
        NULL,
        NULL,
        29,
        60
    ),
    (
        1064,
        44,
        5,
        129,
        675,
        139,
        5,
        '2020-11-09',
        '11:00:00',
        48.43,
        'En cours',
        NULL,
        NULL,
        NULL,
        29,
        25
    );
INSERT INTO VELO_RESERVATION (
        IDRESERVATION_VELO,
        IDVELO,
        DUREERESERVATION,
        PRIXRESERVATION
    )
VALUES (1, 1, 20, 2.00),
    (2, 2, 33, 2.00),
    (3, 3, 60, 5.00),
    (4, 4, 180, 10.00),
    (5, 5, 300, 20.00),
    (6, 6, 480, 20.00),
    (7, 7, 720, 45.00),
    (8, 8, 1440, 45.00),
    (9, 9, 93, 10.00),
    (10, 10, 27, 2.00),
    (11, 11, 16, 2.00),
    (12, 12, 29, 2.00),
    (13, 13, 35, 2.00),
    (14, 14, 46, 5.00),
    (15, 15, 57, 5.00),
    (16, 16, 66, 5.00),
    (17, 17, 75, 5.00),
    (18, 18, 120, 5.00),
    (19, 19, 125, 10.00),
    (20, 20, 180, 10.00),
    (21, 21, 13, 2.00),
    (22, 22, 27, 2.00),
    (23, 23, 36, 2.00),
    (24, 24, 47, 5.00),
    (25, 25, 5, 2.00),
    (26, 26, 62, 5.00),
    (27, 27, 74, 5.00),
    (28, 28, 8, 2.00),
    (29, 29, 92, 10.00),
    (30, 30, 100, 10.00),
    (31, 31, 13, 2.00),
    (32, 32, 24, 2.00),
    (33, 33, 180, 10.00),
    (34, 34, 240, 20.00),
    (35, 35, 51, 5.00),
    (36, 36, 300, 20.00),
    (37, 37, 360, 20.00),
    (38, 38, 480, 20.00),
    (39, 39, 910, 45.00),
    (40, 40, 1440, 45.00),
    (41, 41, 14, 2.00),
    (42, 42, 35, 2.00),
    (43, 43, 67, 5.00),
    (44, 44, 145, 10.00),
    (45, 45, 250, 20.00),
    (46, 46, 360, 20.00),
    (47, 47, 500, 20.00),
    (48, 48, 1200, 45.00),
    (49, 49, 1439, 45.00),
    (50, 50, 1440, 45.00);
INSERT INTO PRODUIT_CATEGORIE (IDPRODUIT, IDCATEGORIE)
VALUES (1, 7),
    (2, 7),
    (3, 7),
    (4, 5),
    (5, 7),
    (6, 7),
    (7, 11),
    (8, 5),
    (9, 7),
    (10, 2),
    (11, 7),
    (12, 6),
    (13, 5),
    (14, 5),
    (15, 11),
    (16, 11),
    (17, 7),
    (18, 7),
    (19, 7),
    (20, 7),
    (21, 7),
    (22, 7),
    (23, 5),
    (24, 7),
    (25, 7),
    (26, 10),
    (27, 7),
    (28, 5),
    (29, 7),
    (30, 7),
    (31, 5),
    (32, 7),
    (33, 13),
    (34, 13),
    (35, 4),
    (36, 3),
    (37, 6),
    (38, 7),
    (39, 7),
    (40, 5),
    (41, 10),
    (42, 7),
    (43, 7),
    (44, 7),
    (45, 7),
    (46, 7),
    (47, 7),
    (48, 7),
    (49, 7),
    (50, 7),
    (51, 6),
    (52, 6),
    (53, 7),
    (54, 7),
    (55, 7),
    (56, 5),
    (57, 5),
    (58, 11),
    (59, 11),
    (60, 10),
    (61, 4),
    (62, 7),
    (63, 5),
    (64, 5),
    (65, 7),
    (66, 10),
    (67, 6),
    (68, 5),
    (69, 7),
    (70, 5),
    (71, 7),
    (72, 7),
    (73, 10),
    (74, 7),
    (75, 7),
    (76, 7),
    (77, 7),
    (78, 10),
    (79, 7),
    (80, 7),
    (81, 13),
    (82, 13),
    (83, 18),
    (84, 13),
    (85, 13),
    (86, 11),
    (87, 13),
    (88, 13),
    (89, 16),
    (90, 16),
    (91, 13),
    (92, 18),
    (93, 18),
    (94, 18),
    (95, 18),
    (96, 13),
    (97, 18),
    (98, 13),
    (99, 18),
    (100, 18),
    (101, 1),
    (102, 1),
    (103, 1),
    (108, 1),
    (107, 1),
    (117, 1),
    (116, 1),
    (118, 1),
    (110, 2),
    (111, 3),
    (113, 3),
    (112, 4),
    (109, 5),
    (106, 6),
    (114, 7),
    (115, 7),
    (105, 7),
    (104, 11),
    (119, 7),
    (120, 7),
    (121, 8),
    (122, 8),
    (123, 7),
    (124, 7),
    (125, 7),
    (126, 7),
    (127, 7),
    (128, 8),
    (129, 8),
    (130, 5),
    (131, 7),
    (132, 7),
    (133, 7),
    (134, 7),
    (135, 7),
    (136, 8),
    (137, 8),
    (138, 8),
    (139, 5),
    (140, 7),
    (141, 2),
    (142, 5),
    (143, 7),
    (144, 7),
    (145, 7),
    (146, 5),
    (147, 7),
    (148, 7),
    (149, 7),
    (150, 7),
    (151, 7),
    (152, 19),
    (153, 7),
    (154, 7),
    (155, 8);
INSERT INTO REGLEMENT_SALAIRE (
        IDREGLEMENT,
        IDCOURSIER,
        IDLIVREUR,
        MONTANTREGLEMENT
    )
VALUES (1, 1, NULL, 1500.00),
    (2, 2, NULL, 1700.00),
    (3, 3, NULL, 1600.00),
    (4, 4, NULL, 1550.00),
    (5, 5, NULL, 1450.00),
    (6, 6, NULL, 1800.00),
    (7, 7, NULL, 1750.00),
    (8, 8, NULL, 1500.00),
    (9, 9, NULL, 1650.00),
    (10, 10, NULL, 1600.00);
------------------------------------------------------------------------------------------------------------------------------------------------------
------------------------------------------------------------------------------------------------------------------------------------------------------
-- ADRESSE
DROP SEQUENCE IF EXISTS ADRESSE_ID_SEQ CASCADE;
CREATE SEQUENCE ADRESSE_ID_SEQ START 1;
ALTER TABLE ADRESSE
ALTER COLUMN IDADRESSE
SET DEFAULT NEXTVAL('ADRESSE_id_seq');
SELECT SETVAL('ADRESSE_id_seq', 198);
-- CARTE_BANCAIRE
DROP SEQUENCE IF EXISTS CARTE_BANCAIRE_ID_SEQ CASCADE;
CREATE SEQUENCE CARTE_BANCAIRE_ID_SEQ START 1;
ALTER TABLE CARTE_BANCAIRE
ALTER COLUMN IDCB
SET DEFAULT NEXTVAL('CARTE_BANCAIRE_id_seq');
SELECT SETVAL('CARTE_BANCAIRE_id_seq', 10);
-- CATEGORIE_PRODUIT
DROP SEQUENCE IF EXISTS CATEGORIE_PRODUIT_ID_SEQ CASCADE;
CREATE SEQUENCE CATEGORIE_PRODUIT_ID_SEQ START 1;
ALTER TABLE CATEGORIE_PRODUIT
ALTER COLUMN IDCATEGORIE
SET DEFAULT NEXTVAL('CATEGORIE_PRODUIT_id_seq');
-- CLIENT
DROP SEQUENCE IF EXISTS CLIENT_ID_SEQ CASCADE;
CREATE SEQUENCE CLIENT_ID_SEQ START 1;
ALTER TABLE CLIENT
ALTER COLUMN IDCLIENT
SET DEFAULT NEXTVAL('CLIENT_id_seq');
SELECT SETVAL('CLIENT_id_seq', 50);
-- CODE_POSTAL
DROP SEQUENCE IF EXISTS CODE_POSTAL_ID_SEQ CASCADE;
CREATE SEQUENCE CODE_POSTAL_ID_SEQ START 1;
ALTER TABLE CODE_POSTAL
ALTER COLUMN IDCODEPOSTAL
SET DEFAULT NEXTVAL('CODE_POSTAL_id_seq');
SELECT SETVAL('CODE_POSTAL_id_seq', 40);
-- COMMANDE
DROP SEQUENCE IF EXISTS COMMANDE_ID_SEQ CASCADE;
CREATE SEQUENCE COMMANDE_ID_SEQ START 1;
ALTER TABLE COMMANDE
ALTER COLUMN IDCOMMANDE
SET DEFAULT NEXTVAL('COMMANDE_id_seq');
-- COURSE
DROP SEQUENCE IF EXISTS COURSE_ID_SEQ CASCADE;
CREATE SEQUENCE COURSE_ID_SEQ START 1;
ALTER TABLE COURSE
ALTER COLUMN IDCOURSE
SET DEFAULT NEXTVAL('COURSE_id_seq');
SELECT SETVAL('COURSE_id_seq', 64);
-- COURSIER
DROP SEQUENCE IF EXISTS COURSIER_ID_SEQ CASCADE;
CREATE SEQUENCE COURSIER_ID_SEQ START 1;
ALTER TABLE COURSIER
ALTER COLUMN IDCOURSIER
SET DEFAULT NEXTVAL('COURSIER_id_seq');
SELECT SETVAL('COURSIER_id_seq', 70);
-- ENTREPRISE
DROP SEQUENCE IF EXISTS ENTREPRISE_ID_SEQ CASCADE;
CREATE SEQUENCE ENTREPRISE_ID_SEQ START 1;
ALTER TABLE ENTREPRISE
ALTER COLUMN IDENTREPRISE
SET DEFAULT NEXTVAL('ENTREPRISE_id_seq');
SELECT SETVAL('ENTREPRISE_id_seq', 40);
-- ENTRETIEN
DROP SEQUENCE IF EXISTS ENTRETIEN_ID_SEQ CASCADE;
CREATE SEQUENCE ENTRETIEN_ID_SEQ START 1;
ALTER TABLE ENTRETIEN
ALTER COLUMN IDENTRETIEN
SET DEFAULT NEXTVAL('ENTRETIEN_id_seq');
SELECT SETVAL('ENTRETIEN_id_seq', 70);
-- ETABLISSEMENT
DROP SEQUENCE IF EXISTS ETABLISSEMENT_ID_SEQ CASCADE;
CREATE SEQUENCE ETABLISSEMENT_ID_SEQ START 1;
ALTER TABLE ETABLISSEMENT
ALTER COLUMN IDETABLISSEMENT
SET DEFAULT NEXTVAL('ETABLISSEMENT_id_seq');
SELECT SETVAL('ETABLISSEMENT_id_seq', 45);
-- FACTURE
DROP SEQUENCE IF EXISTS FACTURE_ID_SEQ CASCADE;
CREATE SEQUENCE FACTURE_ID_SEQ START 1;
ALTER TABLE FACTURE
ALTER COLUMN IDFACTURE
SET DEFAULT NEXTVAL('FACTURE_ID_SEQ');
-- HORAIRES
DROP SEQUENCE IF EXISTS HORAIRES_ID_SEQ CASCADE;
CREATE SEQUENCE HORAIRES_ID_SEQ START 1;
ALTER TABLE HORAIRES
ALTER COLUMN IDHORAIRES
SET DEFAULT NEXTVAL('HORAIRES_id_seq');
SELECT SETVAL('HORAIRES_id_seq', 952);
-- LIEU_FAVORI
DROP SEQUENCE IF EXISTS LIEU_FAVORI_ID_SEQ CASCADE;
CREATE SEQUENCE LIEU_FAVORI_ID_SEQ START 1;
ALTER TABLE LIEU_FAVORI
ALTER COLUMN IDLIEUFAVORI
SET DEFAULT NEXTVAL('LIEU_FAVORI_ID_SEQ');
SELECT SETVAL('LIEU_FAVORI_ID_SEQ', 20);
-- LIVREUR
DROP SEQUENCE IF EXISTS LIVREUR_ID_SEQ CASCADE;
CREATE SEQUENCE LIVREUR_ID_SEQ START 1;
ALTER TABLE LIVREUR
ALTER COLUMN IDLIVREUR
SET DEFAULT NEXTVAL('LIVREUR_ID_SEQ');
SELECT SETVAL('LIVREUR_ID_SEQ', 21);
-- OTP
DROP SEQUENCE IF EXISTS OTP_ID_SEQ CASCADE;
CREATE SEQUENCE OTP_ID_SEQ START 1;
ALTER TABLE OTP
ALTER COLUMN IDOTP
SET DEFAULT NEXTVAL('OTP_ID_SEQ');
-- PANIER
DROP SEQUENCE IF EXISTS PANIER_ID_SEQ CASCADE;
CREATE SEQUENCE PANIER_ID_SEQ START 1;
ALTER TABLE PANIER
ALTER COLUMN IDPANIER
SET DEFAULT NEXTVAL('PANIER_id_seq');
-- PAYS
DROP SEQUENCE IF EXISTS PAYS_ID_SEQ CASCADE;
CREATE SEQUENCE PAYS_ID_SEQ START 1;
ALTER TABLE PAYS
ALTER COLUMN IDPAYS
SET DEFAULT NEXTVAL('PAYS_id_seq');
-- PRODUIT
DROP SEQUENCE IF EXISTS PRODUIT_ID_SEQ CASCADE;
CREATE SEQUENCE PRODUIT_ID_SEQ START 1;
ALTER TABLE PRODUIT
ALTER COLUMN IDPRODUIT
SET DEFAULT NEXTVAL('PRODUIT_id_seq');
SELECT SETVAL('PRODUIT_id_seq', 155);
-- REGLEMENT_SALAIRE
DROP SEQUENCE IF EXISTS REGLEMENT_SALAIRE_ID_SEQ CASCADE;
CREATE SEQUENCE REGLEMENT_SALAIRE_ID_SEQ START 1;
ALTER TABLE REGLEMENT_SALAIRE
ALTER COLUMN IDREGLEMENT
SET DEFAULT NEXTVAL('REGLEMENT_SALAIRE_id_seq');
SELECT SETVAL('REGLEMENT_SALAIRE_id_seq', 10);
-- RESERVATION
DROP SEQUENCE IF EXISTS RESERVATION_ID_SEQ CASCADE;
CREATE SEQUENCE RESERVATION_ID_SEQ START 1;
ALTER TABLE RESERVATION
ALTER COLUMN IDRESERVATION
SET DEFAULT NEXTVAL('RESERVATION_id_seq');
SELECT SETVAL('RESERVATION_id_seq', 114);
-- RESERVATION_VELO
DROP SEQUENCE IF EXISTS VELO_RESERVATION_ID_SEQ CASCADE;
CREATE SEQUENCE VELO_RESERVATION_ID_SEQ START 1;
ALTER TABLE VELO_RESERVATION
ALTER COLUMN IDRESERVATION_VELO
SET DEFAULT NEXTVAL('VELO_RESERVATION_ID_SEQ');
SELECT SETVAL('VELO_RESERVATION_ID_SEQ', 50);
-- RESPONSABLE_ENSEIGNE
DROP SEQUENCE IF EXISTS RESPONSABLE_ENSEIGNE_ID_SEQ CASCADE;
CREATE SEQUENCE RESPONSABLE_ENSEIGNE_ID_SEQ START 1;
ALTER TABLE RESPONSABLE_ENSEIGNE
ALTER COLUMN IDRESPONSABLE
SET DEFAULT NEXTVAL('RESPONSABLE_ENSEIGNE_ID_SEQ');
SELECT SETVAL('RESPONSABLE_ENSEIGNE_ID_SEQ', 45);
-- RESTAURATEUR
DROP SEQUENCE IF EXISTS RESTAURATEUR_ID_SEQ CASCADE;
CREATE SEQUENCE RESTAURATEUR_ID_SEQ START 1;
ALTER TABLE RESTAURATEUR
ALTER COLUMN IDRESTAURATEUR
SET DEFAULT NEXTVAL('RESTAURATEUR_ID_SEQ');
SELECT SETVAL('RESTAURATEUR_ID_SEQ', 45);
-- GESTION_ETABLISSEMENT
DROP SEQUENCE IF EXISTS GESTION_ETABLISSEMENT_ID_SEQ CASCADE;
CREATE SEQUENCE GESTION_ETABLISSEMENT_ID_SEQ START 1;
ALTER TABLE GESTION_ETABLISSEMENT
ALTER COLUMN IDGESTION
SET DEFAULT NEXTVAL('GESTION_ETABLISSEMENT_ID_SEQ');
SELECT SETVAL('GESTION_ETABLISSEMENT_ID_SEQ', 45);
-- TYPE_PRESTATION
DROP SEQUENCE IF EXISTS TYPE_PRESTATION_ID_SEQ CASCADE;
CREATE SEQUENCE TYPE_PRESTATION_ID_SEQ START 1;
ALTER TABLE TYPE_PRESTATION
ALTER COLUMN IDPRESTATION
SET DEFAULT NEXTVAL('TYPE_PRESTATION_id_seq');
-- CATEGORIE_PRESTATION
DROP SEQUENCE IF EXISTS CATEGORIE_PRESTATION_ID_SEQ CASCADE;
CREATE SEQUENCE CATEGORIE_PRESTATION_ID_SEQ START 1;
ALTER TABLE CATEGORIE_PRESTATION
ALTER COLUMN IDCATEGORIEPRESTATION
SET DEFAULT NEXTVAL('CATEGORIE_PRESTATION_id_seq');
-- VEHICULE
DROP SEQUENCE IF EXISTS VEHICULE_ID_SEQ CASCADE;
CREATE SEQUENCE VEHICULE_ID_SEQ START 1;
ALTER TABLE VEHICULE
ALTER COLUMN IDVEHICULE
SET DEFAULT NEXTVAL('VEHICULE_id_seq');
SELECT SETVAL('VEHICULE_id_seq', 21);
-- VELO
DROP SEQUENCE IF EXISTS VELO_ID_SEQ CASCADE;
CREATE SEQUENCE VELO_ID_SEQ START 1;
ALTER TABLE VELO
ALTER COLUMN IDVELO
SET DEFAULT NEXTVAL('VELO_id_seq');
-- VILLE
DROP SEQUENCE IF EXISTS VILLE_ID_SEQ CASCADE;
CREATE SEQUENCE VILLE_ID_SEQ START 1;
ALTER TABLE VILLE
ALTER COLUMN IDVILLE
SET DEFAULT NEXTVAL('VILLE_id_seq');
SELECT SETVAL('VILLE_id_seq', 40);