{
  "width": 1032,
  "height": 899,
  "cx": [
    [ "CONCERNER", 134 ],
    [ "RESERVATION_VELO", 377 ],
    [ "CONTENIR", 631 ],
    [ "PRODUIT_PLAT", 829 ],
    [ "VELO", 134 ],
    [ "EFFECTUER_RESERVATION", 377 ],
    [ "COMMANDE", 631 ],
    [ "PROPOSER", 829 ],
    [ "COMMANDER_COURSE", 134 ],
    [ "CLIENT", 377 ],
    [ "COMMANDER_COMMANDE", 631 ],
    [ "RESTAURANT_EPICERIE", 829 ],
    [ "COURSE", 134 ],
    [ "EFFECTUER_COURSE", 377 ],
    [ "CHAUFFEUR", 631 ],
    [ "APPARTIENT", 829 ],
    [ "VEHICULE", 965 ]
  ],
  "cy": [
    [ "CONCERNER", 94 ],
    [ "RESERVATION_VELO", 94 ],
    [ "CONTENIR", 94 ],
    [ "PRODUIT_PLAT", 94 ],
    [ "VELO", 263 ],
    [ "EFFECTUER_RESERVATION", 263 ],
    [ "COMMANDE", 263 ],
    [ "PROPOSER", 263 ],
    [ "COMMANDER_COURSE", 500 ],
    [ "CLIENT", 500 ],
    [ "COMMANDER_COMMANDE", 500 ],
    [ "RESTAURANT_EPICERIE", 500 ],
    [ "COURSE", 754 ],
    [ "EFFECTUER_COURSE", 754 ],
    [ "CHAUFFEUR", 754 ],
    [ "APPARTIENT", 754 ],
    [ "VEHICULE", 754 ]
  ],
  "shift": [
    [ "CONCERNER,RESERVATION_VELO,0", 0 ],
    [ "CONCERNER,VELO,0", 0 ],
    [ "CONTENIR,COMMANDE,0", 0 ],
    [ "CONTENIR,PRODUIT_PLAT,0", 0 ],
    [ "EFFECTUER_RESERVATION,CLIENT,0", 0 ],
    [ "EFFECTUER_RESERVATION,RESERVATION_VELO,0", 0 ],
    [ "PROPOSER,RESTAURANT_EPICERIE,0", 0 ],
    [ "PROPOSER,PRODUIT_PLAT,0", 0 ],
    [ "COMMANDER_COURSE,CLIENT,0", 0 ],
    [ "COMMANDER_COURSE,COURSE,0", 0 ],
    [ "COMMANDER_COMMANDE,CLIENT,0", 0 ],
    [ "COMMANDER_COMMANDE,COMMANDE,0", 0 ],
    [ "EFFECTUER_COURSE,CHAUFFEUR,0", 0 ],
    [ "EFFECTUER_COURSE,COURSE,0", 0 ],
    [ "APPARTIENT,CHAUFFEUR,0", 0 ],
    [ "APPARTIENT,VEHICULE,0", 0 ]
  ],
  "ratio": []
}
